Subject,ModelId,OptimStage,OptimSubstage,Replicate,Iteration,AnalysisId,ParameterCode,NegativeLogLikelihood (float),ParameterValue (float)
fisheries,schaefer,Pre-tune,None,1,200,546272fd-1817-4d29-a66b-93dc696e41f8,K,-3.7350459509334053,1538.4704008220156
fisheries,schaefer,Pre-tune,None,1,200,546272fd-1817-4d29-a66b-93dc696e41f8,q,-3.7350459509334053,0.0005424929321372164
fisheries,schaefer,Pre-tune,None,1,200,546272fd-1817-4d29-a66b-93dc696e41f8,r,-3.7350459509334053,1.1197653614957104
fisheries,schaefer,Pre-tune,None,1,200,546272fd-1817-4d29-a66b-93dc696e41f8,sigma_v,-3.7350459509334053,0.3443459054078094
fisheries,schaefer,Pre-tune,None,1,400,546272fd-1817-4d29-a66b-93dc696e41f8,K,-5.278150424120971,1536.641743746428
fisheries,schaefer,Pre-tune,None,1,400,546272fd-1817-4d29-a66b-93dc696e41f8,q,-5.278150424120971,0.000847411065730619
fisheries,schaefer,Pre-tune,None,1,400,546272fd-1817-4d29-a66b-93dc696e41f8,r,-5.278150424120971,0.8661809931707453
fisheries,schaefer,Pre-tune,None,1,400,546272fd-1817-4d29-a66b-93dc696e41f8,sigma_v,-5.278150424120971,0.3360988318594978
fisheries,schaefer,Pre-tune,None,1,600,546272fd-1817-4d29-a66b-93dc696e41f8,K,-5.788621359657987,1569.3963978941217
fisheries,schaefer,Pre-tune,None,1,600,546272fd-1817-4d29-a66b-93dc696e41f8,q,-5.788621359657987,0.0012719446563749784
fisheries,schaefer,Pre-tune,None,1,600,546272fd-1817-4d29-a66b-93dc696e41f8,r,-5.788621359657987,0.8253366300646143
fisheries,schaefer,Pre-tune,None,1,600,546272fd-1817-4d29-a66b-93dc696e41f8,sigma_v,-5.788621359657987,0.33952345560274433
fisheries,schaefer,Pre-tune,None,1,800,546272fd-1817-4d29-a66b-93dc696e41f8,K,-5.788621359657987,1569.3963978941217
fisheries,schaefer,Pre-tune,None,1,800,546272fd-1817-4d29-a66b-93dc696e41f8,q,-5.788621359657987,0.0012719446563749784
fisheries,schaefer,Pre-tune,None,1,800,546272fd-1817-4d29-a66b-93dc696e41f8,r,-5.788621359657987,0.8253366300646143
fisheries,schaefer,Pre-tune,None,1,800,546272fd-1817-4d29-a66b-93dc696e41f8,sigma_v,-5.788621359657987,0.33952345560274433
fisheries,schaefer,Pre-tune,None,1,1000,546272fd-1817-4d29-a66b-93dc696e41f8,K,-5.788621359657987,1569.3963978941217
fisheries,schaefer,Pre-tune,None,1,1000,546272fd-1817-4d29-a66b-93dc696e41f8,q,-5.788621359657987,0.0012719446563749784
fisheries,schaefer,Pre-tune,None,1,1000,546272fd-1817-4d29-a66b-93dc696e41f8,r,-5.788621359657987,0.8253366300646143
fisheries,schaefer,Pre-tune,None,1,1000,546272fd-1817-4d29-a66b-93dc696e41f8,sigma_v,-5.788621359657987,0.33952345560274433
fisheries,schaefer,Pre-tune,None,1,1200,546272fd-1817-4d29-a66b-93dc696e41f8,K,-5.788621359657987,1569.3963978941217
fisheries,schaefer,Pre-tune,None,1,1200,546272fd-1817-4d29-a66b-93dc696e41f8,q,-5.788621359657987,0.0012719446563749784
fisheries,schaefer,Pre-tune,None,1,1200,546272fd-1817-4d29-a66b-93dc696e41f8,r,-5.788621359657987,0.8253366300646143
fisheries,schaefer,Pre-tune,None,1,1200,546272fd-1817-4d29-a66b-93dc696e41f8,sigma_v,-5.788621359657987,0.33952345560274433
fisheries,schaefer,Pre-tune,None,1,1400,546272fd-1817-4d29-a66b-93dc696e41f8,K,-3.857988206195082,1722.1816978546562
fisheries,schaefer,Pre-tune,None,1,1400,546272fd-1817-4d29-a66b-93dc696e41f8,q,-3.857988206195082,0.0004706317556206185
fisheries,schaefer,Pre-tune,None,1,1400,546272fd-1817-4d29-a66b-93dc696e41f8,r,-3.857988206195082,0.9948548721446754
fisheries,schaefer,Pre-tune,None,1,1400,546272fd-1817-4d29-a66b-93dc696e41f8,sigma_v,-3.857988206195082,0.3965873666453158
fisheries,schaefer,Tuning,None,1,99,546272fd-1817-4d29-a66b-93dc696e41f8,K,-5.023715846616888,1569.3963978941217
fisheries,schaefer,Tuning,None,1,99,546272fd-1817-4d29-a66b-93dc696e41f8,q,-5.023715846616888,0.001293798372270796
fisheries,schaefer,Tuning,None,1,99,546272fd-1817-4d29-a66b-93dc696e41f8,r,-5.023715846616888,0.8253366300646143
fisheries,schaefer,Tuning,None,1,99,546272fd-1817-4d29-a66b-93dc696e41f8,sigma_v,-5.023715846616888,0.36389719163434375
fisheries,schaefer,Tuning,None,1,299,546272fd-1817-4d29-a66b-93dc696e41f8,K,-7.230573452458583,1586.4803620228731
fisheries,schaefer,Tuning,None,1,299,546272fd-1817-4d29-a66b-93dc696e41f8,q,-7.230573452458583,0.0007845225726563597
fisheries,schaefer,Tuning,None,1,299,546272fd-1817-4d29-a66b-93dc696e41f8,r,-7.230573452458583,0.8253366300646143
fisheries,schaefer,Tuning,None,1,299,546272fd-1817-4d29-a66b-93dc696e41f8,sigma_v,-7.230573452458583,0.24082092438033947
fisheries,schaefer,Tuning,None,1,499,546272fd-1817-4d29-a66b-93dc696e41f8,K,-7.274524984148968,1606.666954694552
fisheries,schaefer,Tuning,None,1,499,546272fd-1817-4d29-a66b-93dc696e41f8,q,-7.274524984148968,0.0006810731728994039
fisheries,schaefer,Tuning,None,1,499,546272fd-1817-4d29-a66b-93dc696e41f8,r,-7.274524984148968,0.8248964489309726
fisheries,schaefer,Tuning,None,1,499,546272fd-1817-4d29-a66b-93dc696e41f8,sigma_v,-7.274524984148968,0.28003239931108087
fisheries,schaefer,Tuning,None,1,699,546272fd-1817-4d29-a66b-93dc696e41f8,K,-4.889961319776233,1627.3609115418249
fisheries,schaefer,Tuning,None,1,699,546272fd-1817-4d29-a66b-93dc696e41f8,q,-4.889961319776233,0.0005755639806392592
fisheries,schaefer,Tuning,None,1,699,546272fd-1817-4d29-a66b-93dc696e41f8,r,-4.889961319776233,0.8915250593340815
fisheries,schaefer,Tuning,None,1,699,546272fd-1817-4d29-a66b-93dc696e41f8,sigma_v,-4.889961319776233,0.3251203487746789
fisheries,schaefer,Tuning,None,1,899,546272fd-1817-4d29-a66b-93dc696e41f8,K,-7.235739193418448,1635.726179647817
fisheries,schaefer,Tuning,None,1,899,546272fd-1817-4d29-a66b-93dc696e41f8,q,-7.235739193418448,0.000638339452489353
fisheries,schaefer,Tuning,None,1,899,546272fd-1817-4d29-a66b-93dc696e41f8,r,-7.235739193418448,0.8125722897010412
fisheries,schaefer,Tuning,None,1,899,546272fd-1817-4d29-a66b-93dc696e41f8,sigma_v,-7.235739193418448,0.2813193708385068
fisheries,schaefer,Tuning,None,1,1099,546272fd-1817-4d29-a66b-93dc696e41f8,K,-6.098133664271535,1648.0209063238547
fisheries,schaefer,Tuning,None,1,1099,546272fd-1817-4d29-a66b-93dc696e41f8,q,-6.098133664271535,0.0005642637101564066
fisheries,schaefer,Tuning,None,1,1099,546272fd-1817-4d29-a66b-93dc696e41f8,r,-6.098133664271535,0.8293637237218735
fisheries,schaefer,Tuning,None,1,1099,546272fd-1817-4d29-a66b-93dc696e41f8,sigma_v,-6.098133664271535,0.30377028542910717
fisheries,schaefer,Tuning,None,1,1299,546272fd-1817-4d29-a66b-93dc696e41f8,K,-3.5703560582763845,1683.3040414802726
fisheries,schaefer,Tuning,None,1,1299,546272fd-1817-4d29-a66b-93dc696e41f8,q,-3.5703560582763845,0.000577743077425688
fisheries,schaefer,Tuning,None,1,1299,546272fd-1817-4d29-a66b-93dc696e41f8,r,-3.5703560582763845,0.7695180788729507
fisheries,schaefer,Tuning,None,1,1299,546272fd-1817-4d29-a66b-93dc696e41f8,sigma_v,-3.5703560582763845,0.4218647834008096
fisheries,schaefer,Tuning,None,1,1499,546272fd-1817-4d29-a66b-93dc696e41f8,K,-5.6861276465406085,1912.043468088902
fisheries,schaefer,Tuning,None,1,1499,546272fd-1817-4d29-a66b-93dc696e41f8,q,-5.6861276465406085,0.00045544985725556544
fisheries,schaefer,Tuning,None,1,1499,546272fd-1817-4d29-a66b-93dc696e41f8,r,-5.6861276465406085,0.7213822780840856
fisheries,schaefer,Tuning,None,1,1499,546272fd-1817-4d29-a66b-93dc696e41f8,sigma_v,-5.6861276465406085,0.22410990322546437
fisheries,schaefer,Tuning,None,1,1699,546272fd-1817-4d29-a66b-93dc696e41f8,K,-7.828813300137238,1889.48558382389
fisheries,schaefer,Tuning,None,1,1699,546272fd-1817-4d29-a66b-93dc696e41f8,q,-7.828813300137238,0.0005526999941923972
fisheries,schaefer,Tuning,None,1,1699,546272fd-1817-4d29-a66b-93dc696e41f8,r,-7.828813300137238,0.7020101996613658
fisheries,schaefer,Tuning,None,1,1699,546272fd-1817-4d29-a66b-93dc696e41f8,sigma_v,-7.828813300137238,0.2889160837475619
fisheries,schaefer,Tuning,None,1,1899,546272fd-1817-4d29-a66b-93dc696e41f8,K,-9.13612615833038,1903.4708547814655
fisheries,schaefer,Tuning,None,1,1899,546272fd-1817-4d29-a66b-93dc696e41f8,q,-9.13612615833038,0.0005356514286251095
fisheries,schaefer,Tuning,None,1,1899,546272fd-1817-4d29-a66b-93dc696e41f8,r,-9.13612615833038,0.6699508633788606
fisheries,schaefer,Tuning,None,1,1899,546272fd-1817-4d29-a66b-93dc696e41f8,sigma_v,-9.13612615833038,0.31552053895313725
fisheries,schaefer,Tuning,None,1,2099,546272fd-1817-4d29-a66b-93dc696e41f8,K,-7.949236732051646,1875.2583537412015
fisheries,schaefer,Tuning,None,1,2099,546272fd-1817-4d29-a66b-93dc696e41f8,q,-7.949236732051646,0.0005155762233112316
fisheries,schaefer,Tuning,None,1,2099,546272fd-1817-4d29-a66b-93dc696e41f8,r,-7.949236732051646,0.7003645398357979
fisheries,schaefer,Tuning,None,1,2099,546272fd-1817-4d29-a66b-93dc696e41f8,sigma_v,-7.949236732051646,0.22264570381472512
fisheries,schaefer,Tuning,None,1,2299,546272fd-1817-4d29-a66b-93dc696e41f8,K,-13.357642635114791,1971.2794061676782
fisheries,schaefer,Tuning,None,1,2299,546272fd-1817-4d29-a66b-93dc696e41f8,q,-13.357642635114791,0.0006095751310814696
fisheries,schaefer,Tuning,None,1,2299,546272fd-1817-4d29-a66b-93dc696e41f8,r,-13.357642635114791,0.6142156705200206
fisheries,schaefer,Tuning,None,1,2299,546272fd-1817-4d29-a66b-93dc696e41f8,sigma_v,-13.357642635114791,0.1605795755474963
fisheries,schaefer,Tuning,None,1,2499,546272fd-1817-4d29-a66b-93dc696e41f8,K,-14.966004210739998,1979.0445616833927
fisheries,schaefer,Tuning,None,1,2499,546272fd-1817-4d29-a66b-93dc696e41f8,q,-14.966004210739998,0.0006243487473323464
fisheries,schaefer,Tuning,None,1,2499,546272fd-1817-4d29-a66b-93dc696e41f8,r,-14.966004210739998,0.6079819132679873
fisheries,schaefer,Tuning,None,1,2499,546272fd-1817-4d29-a66b-93dc696e41f8,sigma_v,-14.966004210739998,0.17221710362753087
fisheries,schaefer,Tuning,None,1,2699,546272fd-1817-4d29-a66b-93dc696e41f8,K,-14.823492979818063,1978.6024354815195
fisheries,schaefer,Tuning,None,1,2699,546272fd-1817-4d29-a66b-93dc696e41f8,q,-14.823492979818063,0.0007273440870943814
fisheries,schaefer,Tuning,None,1,2699,546272fd-1817-4d29-a66b-93dc696e41f8,r,-14.823492979818063,0.5960994768532534
fisheries,schaefer,Tuning,None,1,2699,546272fd-1817-4d29-a66b-93dc696e41f8,sigma_v,-14.823492979818063,0.21019955803856896
fisheries,schaefer,Tuning,None,1,2899,546272fd-1817-4d29-a66b-93dc696e41f8,K,-16.467129102486933,1987.1703582108082
fisheries,schaefer,Tuning,None,1,2899,546272fd-1817-4d29-a66b-93dc696e41f8,q,-16.467129102486933,0.0006704324314581244
fisheries,schaefer,Tuning,None,1,2899,546272fd-1817-4d29-a66b-93dc696e41f8,r,-16.467129102486933,0.5990969593178538
fisheries,schaefer,Tuning,None,1,2899,546272fd-1817-4d29-a66b-93dc696e41f8,sigma_v,-16.467129102486933,0.2027368169052694
fisheries,schaefer,Tuning,None,1,3099,546272fd-1817-4d29-a66b-93dc696e41f8,K,-12.937565382693926,1978.7845113234953
fisheries,schaefer,Tuning,None,1,3099,546272fd-1817-4d29-a66b-93dc696e41f8,q,-12.937565382693926,0.000674623547058981
fisheries,schaefer,Tuning,None,1,3099,546272fd-1817-4d29-a66b-93dc696e41f8,r,-12.937565382693926,0.6000686782470919
fisheries,schaefer,Tuning,None,1,3099,546272fd-1817-4d29-a66b-93dc696e41f8,sigma_v,-12.937565382693926,0.2886891634309788
fisheries,schaefer,Tuning,None,1,3299,546272fd-1817-4d29-a66b-93dc696e41f8,K,-16.49582823564192,1964.5456890266094
fisheries,schaefer,Tuning,None,1,3299,546272fd-1817-4d29-a66b-93dc696e41f8,q,-16.49582823564192,0.000730278594047153
fisheries,schaefer,Tuning,None,1,3299,546272fd-1817-4d29-a66b-93dc696e41f8,r,-16.49582823564192,0.604518187845291
fisheries,schaefer,Tuning,None,1,3299,546272fd-1817-4d29-a66b-93dc696e41f8,sigma_v,-16.49582823564192,0.188993534853582
fisheries,schaefer,Tuning,None,1,3499,546272fd-1817-4d29-a66b-93dc696e41f8,K,-14.807464597046094,1950.7893784763157
fisheries,schaefer,Tuning,None,1,3499,546272fd-1817-4d29-a66b-93dc696e41f8,q,-14.807464597046094,0.0008243771428812542
fisheries,schaefer,Tuning,None,1,3499,546272fd-1817-4d29-a66b-93dc696e41f8,r,-14.807464597046094,0.6078354181884085
fisheries,schaefer,Tuning,None,1,3499,546272fd-1817-4d29-a66b-93dc696e41f8,sigma_v,-14.807464597046094,0.15872321451689397
fisheries,schaefer,Tuning,None,1,3699,546272fd-1817-4d29-a66b-93dc696e41f8,K,-16.650952263528623,1966.80603153072
fisheries,schaefer,Tuning,None,1,3699,546272fd-1817-4d29-a66b-93dc696e41f8,q,-16.650952263528623,0.000767957264847022
fisheries,schaefer,Tuning,None,1,3699,546272fd-1817-4d29-a66b-93dc696e41f8,r,-16.650952263528623,0.6031068143175984
fisheries,schaefer,Tuning,None,1,3699,546272fd-1817-4d29-a66b-93dc696e41f8,sigma_v,-16.650952263528623,0.17068687960666315
fisheries,schaefer,Simulated annealing,Heating (T=1.100000),1,1,546272fd-1817-4d29-a66b-93dc696e41f8,K,-16.718437552950544,1998.951917198278
fisheries,schaefer,Simulated annealing,Heating (T=1.100000),1,1,546272fd-1817-4d29-a66b-93dc696e41f8,q,-16.718437552950544,0.0006623102951111231
fisheries,schaefer,Simulated annealing,Heating (T=1.100000),1,1,546272fd-1817-4d29-a66b-93dc696e41f8,r,-16.718437552950544,0.5962741769491097
fisheries,schaefer,Simulated annealing,Heating (T=1.100000),1,1,546272fd-1817-4d29-a66b-93dc696e41f8,sigma_v,-16.718437552950544,0.19008677295373083
fisheries,schaefer,Simulated annealing,Heating (T=1.210000),1,72,546272fd-1817-4d29-a66b-93dc696e41f8,K,-16.478051251544958,2022.0146981288228
fisheries,schaefer,Simulated annealing,Heating (T=1.210000),1,72,546272fd-1817-4d29-a66b-93dc696e41f8,q,-16.478051251544958,0.0006606708626467107
fisheries,schaefer,Simulated annealing,Heating (T=1.210000),1,72,546272fd-1817-4d29-a66b-93dc696e41f8,r,-16.478051251544958,0.582432420033301
fisheries,schaefer,Simulated annealing,Heating (T=1.210000),1,72,546272fd-1817-4d29-a66b-93dc696e41f8,sigma_v,-16.478051251544958,0.21390536643690364
fisheries,schaefer,Simulated annealing,Heating (T=1.464100),1,5,546272fd-1817-4d29-a66b-93dc696e41f8,K,-18.451635216525816,2042.5035646921415
fisheries,schaefer,Simulated annealing,Heating (T=1.464100),1,5,546272fd-1817-4d29-a66b-93dc696e41f8,q,-18.451635216525816,0.0006914314256389817
fisheries,schaefer,Simulated annealing,Heating (T=1.464100),1,5,546272fd-1817-4d29-a66b-93dc696e41f8,r,-18.451635216525816,0.5732463722482533
fisheries,schaefer,Simulated annealing,Heating (T=1.464100),1,5,546272fd-1817-4d29-a66b-93dc696e41f8,sigma_v,-18.451635216525816,0.16135883862252537
fisheries,schaefer,Simulated annealing,Heating (T=1.610510),1,58,546272fd-1817-4d29-a66b-93dc696e41f8,K,-15.406555281684513,2081.3736885976655
fisheries,schaefer,Simulated annealing,Heating (T=1.610510),1,58,546272fd-1817-4d29-a66b-93dc696e41f8,q,-15.406555281684513,0.0006973571054924254
fisheries,schaefer,Simulated annealing,Heating (T=1.610510),1,58,546272fd-1817-4d29-a66b-93dc696e41f8,r,-15.406555281684513,0.5604925644488393
fisheries,schaefer,Simulated annealing,Heating (T=1.610510),1,58,546272fd-1817-4d29-a66b-93dc696e41f8,sigma_v,-15.406555281684513,0.2521746583559072
fisheries,schaefer,Simulated annealing,Heating (T=1.610510),1,258,546272fd-1817-4d29-a66b-93dc696e41f8,K,-15.383073093697023,2045.1180685452282
fisheries,schaefer,Simulated annealing,Heating (T=1.610510),1,258,546272fd-1817-4d29-a66b-93dc696e41f8,q,-15.383073093697023,0.000626803161887805
fisheries,schaefer,Simulated annealing,Heating (T=1.610510),1,258,546272fd-1817-4d29-a66b-93dc696e41f8,r,-15.383073093697023,0.5854171028800571
fisheries,schaefer,Simulated annealing,Heating (T=1.610510),1,258,546272fd-1817-4d29-a66b-93dc696e41f8,sigma_v,-15.383073093697023,0.1882472258687403
fisheries,schaefer,Simulated annealing,Heating (T=1.948717),1,20,546272fd-1817-4d29-a66b-93dc696e41f8,K,-18.059291836032777,2074.4347573561613
fisheries,schaefer,Simulated annealing,Heating (T=1.948717),1,20,546272fd-1817-4d29-a66b-93dc696e41f8,q,-18.059291836032777,0.0007231492934473212
fisheries,schaefer,Simulated annealing,Heating (T=1.948717),1,20,546272fd-1817-4d29-a66b-93dc696e41f8,r,-18.059291836032777,0.5581363815634411
fisheries,schaefer,Simulated annealing,Heating (T=1.948717),1,20,546272fd-1817-4d29-a66b-93dc696e41f8,sigma_v,-18.059291836032777,0.13621371176937735
fisheries,schaefer,Simulated annealing,Heating (T=2.143589),1,113,546272fd-1817-4d29-a66b-93dc696e41f8,K,-16.390854328684025,2118.9780203682
fisheries,schaefer,Simulated annealing,Heating (T=2.143589),1,113,546272fd-1817-4d29-a66b-93dc696e41f8,q,-16.390854328684025,0.0007918422391537719
fisheries,schaefer,Simulated annealing,Heating (T=2.143589),1,113,546272fd-1817-4d29-a66b-93dc696e41f8,r,-16.390854328684025,0.5373496662249977
fisheries,schaefer,Simulated annealing,Heating (T=2.143589),1,113,546272fd-1817-4d29-a66b-93dc696e41f8,sigma_v,-16.390854328684025,0.17639979128688285
fisheries,schaefer,Simulated annealing,Heating (T=2.593742),1,73,546272fd-1817-4d29-a66b-93dc696e41f8,K,-12.964866639154518,2135.828089288469
fisheries,schaefer,Simulated annealing,Heating (T=2.593742),1,73,546272fd-1817-4d29-a66b-93dc696e41f8,q,-12.964866639154518,0.0005118454788724952
fisheries,schaefer,Simulated annealing,Heating (T=2.593742),1,73,546272fd-1817-4d29-a66b-93dc696e41f8,r,-12.964866639154518,0.5769169748756933
fisheries,schaefer,Simulated annealing,Heating (T=2.593742),1,73,546272fd-1817-4d29-a66b-93dc696e41f8,sigma_v,-12.964866639154518,0.20930770404262194
fisheries,schaefer,Simulated annealing,Heating (T=3.138428),1,22,546272fd-1817-4d29-a66b-93dc696e41f8,K,-19.124410145498942,2208.951239487358
fisheries,schaefer,Simulated annealing,Heating (T=3.138428),1,22,546272fd-1817-4d29-a66b-93dc696e41f8,q,-19.124410145498942,0.0005731236983624302
fisheries,schaefer,Simulated annealing,Heating (T=3.138428),1,22,546272fd-1817-4d29-a66b-93dc696e41f8,r,-19.124410145498942,0.524539604046535
fisheries,schaefer,Simulated annealing,Heating (T=3.138428),1,22,546272fd-1817-4d29-a66b-93dc696e41f8,sigma_v,-19.124410145498942,0.17505343448728086
fisheries,schaefer,Simulated annealing,Heating (T=3.452271),1,121,546272fd-1817-4d29-a66b-93dc696e41f8,K,-19.85074319674044,2148.0976144444608
fisheries,schaefer,Simulated annealing,Heating (T=3.452271),1,121,546272fd-1817-4d29-a66b-93dc696e41f8,q,-19.85074319674044,0.0006881190181208403
fisheries,schaefer,Simulated annealing,Heating (T=3.452271),1,121,546272fd-1817-4d29-a66b-93dc696e41f8,r,-19.85074319674044,0.5297674002881998
fisheries,schaefer,Simulated annealing,Heating (T=3.452271),1,121,546272fd-1817-4d29-a66b-93dc696e41f8,sigma_v,-19.85074319674044,0.17444837125824603
fisheries,schaefer,Simulated annealing,Heating (T=4.177248),1,60,546272fd-1817-4d29-a66b-93dc696e41f8,K,-19.070677694846857,2361.2993639470246
fisheries,schaefer,Simulated annealing,Heating (T=4.177248),1,60,546272fd-1817-4d29-a66b-93dc696e41f8,q,-19.070677694846857,0.0004941803701683353
fisheries,schaefer,Simulated annealing,Heating (T=4.177248),1,60,546272fd-1817-4d29-a66b-93dc696e41f8,r,-19.070677694846857,0.488387144404096
fisheries,schaefer,Simulated annealing,Heating (T=4.177248),1,60,546272fd-1817-4d29-a66b-93dc696e41f8,sigma_v,-19.070677694846857,0.17808107167538914
fisheries,schaefer,Simulated annealing,Heating (T=5.054470),1,30,546272fd-1817-4d29-a66b-93dc696e41f8,K,-21.492879435032233,2324.526104630587
fisheries,schaefer,Simulated annealing,Heating (T=5.054470),1,30,546272fd-1817-4d29-a66b-93dc696e41f8,q,-21.492879435032233,0.0006301053812525704
fisheries,schaefer,Simulated annealing,Heating (T=5.054470),1,30,546272fd-1817-4d29-a66b-93dc696e41f8,r,-21.492879435032233,0.4723009248241605
fisheries,schaefer,Simulated annealing,Heating (T=5.054470),1,30,546272fd-1817-4d29-a66b-93dc696e41f8,sigma_v,-21.492879435032233,0.10477510762976132
fisheries,schaefer,Simulated annealing,Heating (T=6.115909),1,23,546272fd-1817-4d29-a66b-93dc696e41f8,K,-23.934873496945087,2326.9713170707896
fisheries,schaefer,Simulated annealing,Heating (T=6.115909),1,23,546272fd-1817-4d29-a66b-93dc696e41f8,q,-23.934873496945087,0.0005723752817110444
fisheries,schaefer,Simulated annealing,Heating (T=6.115909),1,23,546272fd-1817-4d29-a66b-93dc696e41f8,r,-23.934873496945087,0.4772982592121471
fisheries,schaefer,Simulated annealing,Heating (T=6.115909),1,23,546272fd-1817-4d29-a66b-93dc696e41f8,sigma_v,-23.934873496945087,0.11249509666612378
fisheries,schaefer,Simulated annealing,Heating (T=6.727500),1,4,546272fd-1817-4d29-a66b-93dc696e41f8,K,-18.55539020111893,2332.329417102086
fisheries,schaefer,Simulated annealing,Heating (T=6.727500),1,4,546272fd-1817-4d29-a66b-93dc696e41f8,q,-18.55539020111893,0.0005077502958029456
fisheries,schaefer,Simulated annealing,Heating (T=6.727500),1,4,546272fd-1817-4d29-a66b-93dc696e41f8,r,-18.55539020111893,0.496623952585122
fisheries,schaefer,Simulated annealing,Heating (T=6.727500),1,4,546272fd-1817-4d29-a66b-93dc696e41f8,sigma_v,-18.55539020111893,0.16690783826749922
fisheries,schaefer,Simulated annealing,Heating (T=7.400250),1,85,546272fd-1817-4d29-a66b-93dc696e41f8,K,4.047192257723181,2474.0650713677537
fisheries,schaefer,Simulated annealing,Heating (T=7.400250),1,85,546272fd-1817-4d29-a66b-93dc696e41f8,q,4.047192257723181,0.0003069665113369908
fisheries,schaefer,Simulated annealing,Heating (T=7.400250),1,85,546272fd-1817-4d29-a66b-93dc696e41f8,r,4.047192257723181,0.44738113191149237
fisheries,schaefer,Simulated annealing,Heating (T=7.400250),1,85,546272fd-1817-4d29-a66b-93dc696e41f8,sigma_v,4.047192257723181,0.4354019317663749
fisheries,schaefer,Simulated annealing,Heating (T=8.954302),1,69,546272fd-1817-4d29-a66b-93dc696e41f8,K,6.05029913909181,2410.6768925902757
fisheries,schaefer,Simulated annealing,Heating (T=8.954302),1,69,546272fd-1817-4d29-a66b-93dc696e41f8,q,6.05029913909181,0.00033688984167718763
fisheries,schaefer,Simulated annealing,Heating (T=8.954302),1,69,546272fd-1817-4d29-a66b-93dc696e41f8,r,6.05029913909181,0.45062077641032183
fisheries,schaefer,Simulated annealing,Heating (T=8.954302),1,69,546272fd-1817-4d29-a66b-93dc696e41f8,sigma_v,6.05029913909181,0.487114604940656
fisheries,schaefer,Simulated annealing,Heating (T=10.834706),1,16,546272fd-1817-4d29-a66b-93dc696e41f8,K,-12.157667199900521,2339.3105854449072
fisheries,schaefer,Simulated annealing,Heating (T=10.834706),1,16,546272fd-1817-4d29-a66b-93dc696e41f8,q,-12.157667199900521,0.0005231076747192053
fisheries,schaefer,Simulated annealing,Heating (T=10.834706),1,16,546272fd-1817-4d29-a66b-93dc696e41f8,r,-12.157667199900521,0.48496704190775874
fisheries,schaefer,Simulated annealing,Heating (T=10.834706),1,16,546272fd-1817-4d29-a66b-93dc696e41f8,sigma_v,-12.157667199900521,0.08231938708320218
fisheries,schaefer,Simulated annealing,Heating (T=11.918177),1,54,546272fd-1817-4d29-a66b-93dc696e41f8,K,-12.193048189814542,2324.2205591863813
fisheries,schaefer,Simulated annealing,Heating (T=11.918177),1,54,546272fd-1817-4d29-a66b-93dc696e41f8,q,-12.193048189814542,0.0005472164112448725
fisheries,schaefer,Simulated annealing,Heating (T=11.918177),1,54,546272fd-1817-4d29-a66b-93dc696e41f8,r,-12.193048189814542,0.5051353914092739
fisheries,schaefer,Simulated annealing,Heating (T=11.918177),1,54,546272fd-1817-4d29-a66b-93dc696e41f8,sigma_v,-12.193048189814542,0.20244832684582165
fisheries,schaefer,Simulated annealing,Heating (T=14.420994),1,31,546272fd-1817-4d29-a66b-93dc696e41f8,K,2.0298038429104976,2367.309026945531
fisheries,schaefer,Simulated annealing,Heating (T=14.420994),1,31,546272fd-1817-4d29-a66b-93dc696e41f8,q,2.0298038429104976,0.0007528844157055111
fisheries,schaefer,Simulated annealing,Heating (T=14.420994),1,31,546272fd-1817-4d29-a66b-93dc696e41f8,r,2.0298038429104976,0.479408699958622
fisheries,schaefer,Simulated annealing,Heating (T=14.420994),1,31,546272fd-1817-4d29-a66b-93dc696e41f8,sigma_v,2.0298038429104976,0.5265706966449469
fisheries,schaefer,Simulated annealing,Heating (T=15.863093),1,27,546272fd-1817-4d29-a66b-93dc696e41f8,K,-20.514734196969762,2529.2245481406653
fisheries,schaefer,Simulated annealing,Heating (T=15.863093),1,27,546272fd-1817-4d29-a66b-93dc696e41f8,q,-20.514734196969762,0.00043600590649634045
fisheries,schaefer,Simulated annealing,Heating (T=15.863093),1,27,546272fd-1817-4d29-a66b-93dc696e41f8,r,-20.514734196969762,0.4388350472989421
fisheries,schaefer,Simulated annealing,Heating (T=15.863093),1,27,546272fd-1817-4d29-a66b-93dc696e41f8,sigma_v,-20.514734196969762,0.18570900157901288
fisheries,schaefer,Simulated annealing,Heating (T=15.863093),1,227,546272fd-1817-4d29-a66b-93dc696e41f8,K,-12.403240257082382,2948.6352195830427
fisheries,schaefer,Simulated annealing,Heating (T=15.863093),1,227,546272fd-1817-4d29-a66b-93dc696e41f8,q,-12.403240257082382,0.0005387303677971232
fisheries,schaefer,Simulated annealing,Heating (T=15.863093),1,227,546272fd-1817-4d29-a66b-93dc696e41f8,r,-12.403240257082382,0.3273729352956021
fisheries,schaefer,Simulated annealing,Heating (T=15.863093),1,227,546272fd-1817-4d29-a66b-93dc696e41f8,sigma_v,-12.403240257082382,0.14939368538457706
fisheries,schaefer,Simulated annealing,Heating (T=17.449402),1,161,546272fd-1817-4d29-a66b-93dc696e41f8,K,41.32572582657452,3034.4007475264525
fisheries,schaefer,Simulated annealing,Heating (T=17.449402),1,161,546272fd-1817-4d29-a66b-93dc696e41f8,q,41.32572582657452,0.0030807229024850265
fisheries,schaefer,Simulated annealing,Heating (T=17.449402),1,161,546272fd-1817-4d29-a66b-93dc696e41f8,r,41.32572582657452,0.4665401279674221
fisheries,schaefer,Simulated annealing,Heating (T=17.449402),1,161,546272fd-1817-4d29-a66b-93dc696e41f8,sigma_v,41.32572582657452,1.6880429870794347
fisheries,schaefer,Simulated annealing,Heating (T=21.113777),1,12,546272fd-1817-4d29-a66b-93dc696e41f8,K,9.119448099080923,2523.058971524604
fisheries,schaefer,Simulated annealing,Heating (T=21.113777),1,12,546272fd-1817-4d29-a66b-93dc696e41f8,q,9.119448099080923,0.0005493599607360742
fisheries,schaefer,Simulated annealing,Heating (T=21.113777),1,12,546272fd-1817-4d29-a66b-93dc696e41f8,r,9.119448099080923,0.45598363958872706
fisheries,schaefer,Simulated annealing,Heating (T=21.113777),1,12,546272fd-1817-4d29-a66b-93dc696e41f8,sigma_v,9.119448099080923,0.15141218266789033
fisheries,schaefer,Simulated annealing,Heating (T=23.225154),1,88,546272fd-1817-4d29-a66b-93dc696e41f8,K,11.404722006529434,2726.2490427612834
fisheries,schaefer,Simulated annealing,Heating (T=23.225154),1,88,546272fd-1817-4d29-a66b-93dc696e41f8,q,11.404722006529434,0.000574408253242188
fisheries,schaefer,Simulated annealing,Heating (T=23.225154),1,88,546272fd-1817-4d29-a66b-93dc696e41f8,r,11.404722006529434,0.477951946099737
fisheries,schaefer,Simulated annealing,Heating (T=23.225154),1,88,546272fd-1817-4d29-a66b-93dc696e41f8,sigma_v,11.404722006529434,0.9274777551561306
fisheries,schaefer,Simulated annealing,Heating (T=25.547670),1,101,546272fd-1817-4d29-a66b-93dc696e41f8,K,31.90196420865338,3501.5593419068578
fisheries,schaefer,Simulated annealing,Heating (T=25.547670),1,101,546272fd-1817-4d29-a66b-93dc696e41f8,q,31.90196420865338,0.0007723958179544616
fisheries,schaefer,Simulated annealing,Heating (T=25.547670),1,101,546272fd-1817-4d29-a66b-93dc696e41f8,r,31.90196420865338,0.4516664434752378
fisheries,schaefer,Simulated annealing,Heating (T=25.547670),1,101,546272fd-1817-4d29-a66b-93dc696e41f8,sigma_v,31.90196420865338,2.727208639289399
fisheries,schaefer,Simulated annealing,Heating (T=28.102437),1,105,546272fd-1817-4d29-a66b-93dc696e41f8,K,27.58018261473652,2783.941086582524
fisheries,schaefer,Simulated annealing,Heating (T=28.102437),1,105,546272fd-1817-4d29-a66b-93dc696e41f8,q,27.58018261473652,0.0011799433933311872
fisheries,schaefer,Simulated annealing,Heating (T=28.102437),1,105,546272fd-1817-4d29-a66b-93dc696e41f8,r,27.58018261473652,0.5226453708168403
fisheries,schaefer,Simulated annealing,Heating (T=28.102437),1,105,546272fd-1817-4d29-a66b-93dc696e41f8,sigma_v,27.58018261473652,1.105367584893043
fisheries,schaefer,Simulated annealing,Heating (T=30.912681),1,192,546272fd-1817-4d29-a66b-93dc696e41f8,K,22.637256542935813,2890.157050476878
fisheries,schaefer,Simulated annealing,Heating (T=30.912681),1,192,546272fd-1817-4d29-a66b-93dc696e41f8,q,22.637256542935813,0.0010502501136308738
fisheries,schaefer,Simulated annealing,Heating (T=30.912681),1,192,546272fd-1817-4d29-a66b-93dc696e41f8,r,22.637256542935813,0.4190806317542321
fisheries,schaefer,Simulated annealing,Heating (T=30.912681),1,192,546272fd-1817-4d29-a66b-93dc696e41f8,sigma_v,22.637256542935813,1.246203594310007
fisheries,schaefer,Simulated annealing,Heating (T=37.404343),1,22,546272fd-1817-4d29-a66b-93dc696e41f8,K,-2.101216997071595,2748.4495202433836
fisheries,schaefer,Simulated annealing,Heating (T=37.404343),1,22,546272fd-1817-4d29-a66b-93dc696e41f8,q,-2.101216997071595,0.00031729045882080537
fisheries,schaefer,Simulated annealing,Heating (T=37.404343),1,22,546272fd-1817-4d29-a66b-93dc696e41f8,r,-2.101216997071595,0.38114032115002056
fisheries,schaefer,Simulated annealing,Heating (T=37.404343),1,22,546272fd-1817-4d29-a66b-93dc696e41f8,sigma_v,-2.101216997071595,0.4298231429727547
fisheries,schaefer,Simulated annealing,Heating (T=41.144778),1,28,546272fd-1817-4d29-a66b-93dc696e41f8,K,1.4671055129646497,2861.3496315565553
fisheries,schaefer,Simulated annealing,Heating (T=41.144778),1,28,546272fd-1817-4d29-a66b-93dc696e41f8,q,1.4671055129646497,0.0004975260971128776
fisheries,schaefer,Simulated annealing,Heating (T=41.144778),1,28,546272fd-1817-4d29-a66b-93dc696e41f8,r,1.4671055129646497,0.41685871708857514
fisheries,schaefer,Simulated annealing,Heating (T=41.144778),1,28,546272fd-1817-4d29-a66b-93dc696e41f8,sigma_v,1.4671055129646497,0.4182876469460637
fisheries,schaefer,Simulated annealing,Annealing (T=41.144778),1,41,546272fd-1817-4d29-a66b-93dc696e41f8,K,17.9422328836939,2585.970137528376
fisheries,schaefer,Simulated annealing,Annealing (T=41.144778),1,41,546272fd-1817-4d29-a66b-93dc696e41f8,q,17.9422328836939,0.0009231879781911529
fisheries,schaefer,Simulated annealing,Annealing (T=41.144778),1,41,546272fd-1817-4d29-a66b-93dc696e41f8,r,17.9422328836939,0.4591427313382378
fisheries,schaefer,Simulated annealing,Annealing (T=41.144778),1,41,546272fd-1817-4d29-a66b-93dc696e41f8,sigma_v,17.9422328836939,1.1891497592625584
fisheries,schaefer,Simulated annealing,Annealing (T=41.144778),1,241,546272fd-1817-4d29-a66b-93dc696e41f8,K,53.60121382600402,2896.937077758375
fisheries,schaefer,Simulated annealing,Annealing (T=41.144778),1,241,546272fd-1817-4d29-a66b-93dc696e41f8,q,53.60121382600402,0.027098708186848692
fisheries,schaefer,Simulated annealing,Annealing (T=41.144778),1,241,546272fd-1817-4d29-a66b-93dc696e41f8,r,53.60121382600402,0.9347580364475365
fisheries,schaefer,Simulated annealing,Annealing (T=41.144778),1,241,546272fd-1817-4d29-a66b-93dc696e41f8,sigma_v,53.60121382600402,3.6421718920977453
fisheries,schaefer,Simulated annealing,Annealing (T=41.144778),1,441,546272fd-1817-4d29-a66b-93dc696e41f8,K,63.68473564291849,2795.127886302462
fisheries,schaefer,Simulated annealing,Annealing (T=41.144778),1,441,546272fd-1817-4d29-a66b-93dc696e41f8,q,63.68473564291849,0.022944357856843765
fisheries,schaefer,Simulated annealing,Annealing (T=41.144778),1,441,546272fd-1817-4d29-a66b-93dc696e41f8,r,63.68473564291849,1.6185135245907918
fisheries,schaefer,Simulated annealing,Annealing (T=41.144778),1,441,546272fd-1817-4d29-a66b-93dc696e41f8,sigma_v,63.68473564291849,12.955897404294253
fisheries,schaefer,Simulated annealing,Annealing (T=41.144778),1,641,546272fd-1817-4d29-a66b-93dc696e41f8,K,65.36908722430361,2425.4608916890184
fisheries,schaefer,Simulated annealing,Annealing (T=41.144778),1,641,546272fd-1817-4d29-a66b-93dc696e41f8,q,65.36908722430361,0.01790957236789908
fisheries,schaefer,Simulated annealing,Annealing (T=41.144778),1,641,546272fd-1817-4d29-a66b-93dc696e41f8,r,65.36908722430361,1.986260135561373
fisheries,schaefer,Simulated annealing,Annealing (T=41.144778),1,641,546272fd-1817-4d29-a66b-93dc696e41f8,sigma_v,65.36908722430361,14.3184665778032
fisheries,schaefer,Simulated annealing,Annealing (T=41.144778),1,841,546272fd-1817-4d29-a66b-93dc696e41f8,K,71.22341517640825,3279.246098333447
fisheries,schaefer,Simulated annealing,Annealing (T=41.144778),1,841,546272fd-1817-4d29-a66b-93dc696e41f8,q,71.22341517640825,0.01634678637329878
fisheries,schaefer,Simulated annealing,Annealing (T=41.144778),1,841,546272fd-1817-4d29-a66b-93dc696e41f8,r,71.22341517640825,2.20917535632915
fisheries,schaefer,Simulated annealing,Annealing (T=41.144778),1,841,546272fd-1817-4d29-a66b-93dc696e41f8,sigma_v,71.22341517640825,19.244361559714093
fisheries,schaefer,Simulated annealing,Annealing (T=41.144778),1,1041,546272fd-1817-4d29-a66b-93dc696e41f8,K,52.91702290137023,2127.1453358113326
fisheries,schaefer,Simulated annealing,Annealing (T=41.144778),1,1041,546272fd-1817-4d29-a66b-93dc696e41f8,q,52.91702290137023,0.0121137080192337
fisheries,schaefer,Simulated annealing,Annealing (T=41.144778),1,1041,546272fd-1817-4d29-a66b-93dc696e41f8,r,52.91702290137023,1.9321125152332492
fisheries,schaefer,Simulated annealing,Annealing (T=41.144778),1,1041,546272fd-1817-4d29-a66b-93dc696e41f8,sigma_v,52.91702290137023,2.3145421364249685
fisheries,schaefer,Simulated annealing,Annealing (T=41.144778),1,1241,546272fd-1817-4d29-a66b-93dc696e41f8,K,51.0673730434506,4340.165865638243
fisheries,schaefer,Simulated annealing,Annealing (T=41.144778),1,1241,546272fd-1817-4d29-a66b-93dc696e41f8,q,51.0673730434506,0.010324691744214408
fisheries,schaefer,Simulated annealing,Annealing (T=41.144778),1,1241,546272fd-1817-4d29-a66b-93dc696e41f8,r,51.0673730434506,1.9330696663559597
fisheries,schaefer,Simulated annealing,Annealing (T=41.144778),1,1241,546272fd-1817-4d29-a66b-93dc696e41f8,sigma_v,51.0673730434506,3.370331774806775
fisheries,schaefer,Simulated annealing,Annealing (T=41.144778),1,1441,546272fd-1817-4d29-a66b-93dc696e41f8,K,59.95994583779701,5876.89569932124
fisheries,schaefer,Simulated annealing,Annealing (T=41.144778),1,1441,546272fd-1817-4d29-a66b-93dc696e41f8,q,59.95994583779701,0.003880541708647605
fisheries,schaefer,Simulated annealing,Annealing (T=41.144778),1,1441,546272fd-1817-4d29-a66b-93dc696e41f8,r,59.95994583779701,2.492776220593105
fisheries,schaefer,Simulated annealing,Annealing (T=41.144778),1,1441,546272fd-1817-4d29-a66b-93dc696e41f8,sigma_v,59.95994583779701,10.974161571815804
fisheries,schaefer,Simulated annealing,Annealing (T=41.144778),1,1641,546272fd-1817-4d29-a66b-93dc696e41f8,K,51.928842467142545,6777.666579999853
fisheries,schaefer,Simulated annealing,Annealing (T=41.144778),1,1641,546272fd-1817-4d29-a66b-93dc696e41f8,q,51.928842467142545,0.011550775078784756
fisheries,schaefer,Simulated annealing,Annealing (T=41.144778),1,1641,546272fd-1817-4d29-a66b-93dc696e41f8,r,51.928842467142545,2.5705802432611358
fisheries,schaefer,Simulated annealing,Annealing (T=41.144778),1,1641,546272fd-1817-4d29-a66b-93dc696e41f8,sigma_v,51.928842467142545,4.382656596095584
fisheries,schaefer,Simulated annealing,Annealing (T=41.144778),1,1841,546272fd-1817-4d29-a66b-93dc696e41f8,K,104.01998492735537,5926.988907035911
fisheries,schaefer,Simulated annealing,Annealing (T=41.144778),1,1841,546272fd-1817-4d29-a66b-93dc696e41f8,q,104.01998492735537,0.025967198980371
fisheries,schaefer,Simulated annealing,Annealing (T=41.144778),1,1841,546272fd-1817-4d29-a66b-93dc696e41f8,r,104.01998492735537,2.8334845222196257
fisheries,schaefer,Simulated annealing,Annealing (T=41.144778),1,1841,546272fd-1817-4d29-a66b-93dc696e41f8,sigma_v,104.01998492735537,1.9321888618675727
fisheries,schaefer,Simulated annealing,Annealing (T=41.144778),1,2041,546272fd-1817-4d29-a66b-93dc696e41f8,K,59.330210510449874,12811.187141194603
fisheries,schaefer,Simulated annealing,Annealing (T=41.144778),1,2041,546272fd-1817-4d29-a66b-93dc696e41f8,q,59.330210510449874,0.04381114103405767
fisheries,schaefer,Simulated annealing,Annealing (T=41.144778),1,2041,546272fd-1817-4d29-a66b-93dc696e41f8,r,59.330210510449874,2.259448440406648
fisheries,schaefer,Simulated annealing,Annealing (T=41.144778),1,2041,546272fd-1817-4d29-a66b-93dc696e41f8,sigma_v,59.330210510449874,6.876794456958341
fisheries,schaefer,Simulated annealing,Annealing (T=41.144778),1,2241,546272fd-1817-4d29-a66b-93dc696e41f8,K,107.7946051531348,14826.433242834659
fisheries,schaefer,Simulated annealing,Annealing (T=41.144778),1,2241,546272fd-1817-4d29-a66b-93dc696e41f8,q,107.7946051531348,0.04410453771998433
fisheries,schaefer,Simulated annealing,Annealing (T=41.144778),1,2241,546272fd-1817-4d29-a66b-93dc696e41f8,r,107.7946051531348,2.597754204088868
fisheries,schaefer,Simulated annealing,Annealing (T=41.144778),1,2241,546272fd-1817-4d29-a66b-93dc696e41f8,sigma_v,107.7946051531348,112.56164126059517
fisheries,schaefer,Simulated annealing,Annealing (T=41.144778),1,2441,546272fd-1817-4d29-a66b-93dc696e41f8,K,105.64307988484352,21326.784193826614
fisheries,schaefer,Simulated annealing,Annealing (T=41.144778),1,2441,546272fd-1817-4d29-a66b-93dc696e41f8,q,105.64307988484352,0.04889468845565444
fisheries,schaefer,Simulated annealing,Annealing (T=41.144778),1,2441,546272fd-1817-4d29-a66b-93dc696e41f8,r,105.64307988484352,2.5592447887040985
fisheries,schaefer,Simulated annealing,Annealing (T=41.144778),1,2441,546272fd-1817-4d29-a66b-93dc696e41f8,sigma_v,105.64307988484352,101.52308922282886
fisheries,schaefer,Simulated annealing,Annealing (T=41.144778),1,2641,546272fd-1817-4d29-a66b-93dc696e41f8,K,106.26407932096532,20315.454292683793
fisheries,schaefer,Simulated annealing,Annealing (T=41.144778),1,2641,546272fd-1817-4d29-a66b-93dc696e41f8,q,106.26407932096532,0.04401899326558675
fisheries,schaefer,Simulated annealing,Annealing (T=41.144778),1,2641,546272fd-1817-4d29-a66b-93dc696e41f8,r,106.26407932096532,2.3144913151359634
fisheries,schaefer,Simulated annealing,Annealing (T=41.144778),1,2641,546272fd-1817-4d29-a66b-93dc696e41f8,sigma_v,106.26407932096532,104.59317291286355
fisheries,schaefer,Simulated annealing,Annealing (T=41.144778),1,2841,546272fd-1817-4d29-a66b-93dc696e41f8,K,101.84020431510551,20524.605814633276
fisheries,schaefer,Simulated annealing,Annealing (T=41.144778),1,2841,546272fd-1817-4d29-a66b-93dc696e41f8,q,101.84020431510551,0.03642981582361239
fisheries,schaefer,Simulated annealing,Annealing (T=41.144778),1,2841,546272fd-1817-4d29-a66b-93dc696e41f8,r,101.84020431510551,1.330317308802903
fisheries,schaefer,Simulated annealing,Annealing (T=41.144778),1,2841,546272fd-1817-4d29-a66b-93dc696e41f8,sigma_v,101.84020431510551,84.62975579892475
fisheries,schaefer,Simulated annealing,Annealing (T=41.144778),1,3041,546272fd-1817-4d29-a66b-93dc696e41f8,K,101.40384152069684,21183.27111765114
fisheries,schaefer,Simulated annealing,Annealing (T=41.144778),1,3041,546272fd-1817-4d29-a66b-93dc696e41f8,q,101.40384152069684,0.04851313688180607
fisheries,schaefer,Simulated annealing,Annealing (T=41.144778),1,3041,546272fd-1817-4d29-a66b-93dc696e41f8,r,101.40384152069684,1.2349630286414588
fisheries,schaefer,Simulated annealing,Annealing (T=41.144778),1,3041,546272fd-1817-4d29-a66b-93dc696e41f8,sigma_v,101.40384152069684,82.84870721701392
fisheries,schaefer,Simulated annealing,Annealing (T=41.144778),1,3241,546272fd-1817-4d29-a66b-93dc696e41f8,K,108.66591811855022,29772.495560509793
fisheries,schaefer,Simulated annealing,Annealing (T=41.144778),1,3241,546272fd-1817-4d29-a66b-93dc696e41f8,q,108.66591811855022,0.05261860612333741
fisheries,schaefer,Simulated annealing,Annealing (T=41.144778),1,3241,546272fd-1817-4d29-a66b-93dc696e41f8,r,108.66591811855022,1.3475086120838085
fisheries,schaefer,Simulated annealing,Annealing (T=41.144778),1,3241,546272fd-1817-4d29-a66b-93dc696e41f8,sigma_v,108.66591811855022,117.28577423206133
fisheries,schaefer,Simulated annealing,Annealing (T=41.144778),1,3441,546272fd-1817-4d29-a66b-93dc696e41f8,K,107.10729832925313,29592.44706173044
fisheries,schaefer,Simulated annealing,Annealing (T=41.144778),1,3441,546272fd-1817-4d29-a66b-93dc696e41f8,q,107.10729832925313,0.055205668515477785
fisheries,schaefer,Simulated annealing,Annealing (T=41.144778),1,3441,546272fd-1817-4d29-a66b-93dc696e41f8,r,107.10729832925313,1.4290867349945129
fisheries,schaefer,Simulated annealing,Annealing (T=41.144778),1,3441,546272fd-1817-4d29-a66b-93dc696e41f8,sigma_v,107.10729832925313,108.85355218479992
fisheries,schaefer,Simulated annealing,Annealing (T=41.144778),1,3641,546272fd-1817-4d29-a66b-93dc696e41f8,K,106.44030399575524,28881.46284449475
fisheries,schaefer,Simulated annealing,Annealing (T=41.144778),1,3641,546272fd-1817-4d29-a66b-93dc696e41f8,q,106.44030399575524,0.028412190590834777
fisheries,schaefer,Simulated annealing,Annealing (T=41.144778),1,3641,546272fd-1817-4d29-a66b-93dc696e41f8,r,106.44030399575524,1.5232450327383689
fisheries,schaefer,Simulated annealing,Annealing (T=41.144778),1,3641,546272fd-1817-4d29-a66b-93dc696e41f8,sigma_v,106.44030399575524,105.48175374645712
fisheries,schaefer,Simulated annealing,Annealing (T=41.144778),1,3841,546272fd-1817-4d29-a66b-93dc696e41f8,K,108.7764860955373,31941.20588958818
fisheries,schaefer,Simulated annealing,Annealing (T=41.144778),1,3841,546272fd-1817-4d29-a66b-93dc696e41f8,q,108.7764860955373,0.08723366953647138
fisheries,schaefer,Simulated annealing,Annealing (T=41.144778),1,3841,546272fd-1817-4d29-a66b-93dc696e41f8,r,108.7764860955373,1.059156884758912
fisheries,schaefer,Simulated annealing,Annealing (T=41.144778),1,3841,546272fd-1817-4d29-a66b-93dc696e41f8,sigma_v,108.7764860955373,117.86782030084325
fisheries,schaefer,Simulated annealing,Annealing (T=41.144778),1,4041,546272fd-1817-4d29-a66b-93dc696e41f8,K,88.73283152668616,34042.44723854332
fisheries,schaefer,Simulated annealing,Annealing (T=41.144778),1,4041,546272fd-1817-4d29-a66b-93dc696e41f8,q,88.73283152668616,0.07014883339340262
fisheries,schaefer,Simulated annealing,Annealing (T=41.144778),1,4041,546272fd-1817-4d29-a66b-93dc696e41f8,r,88.73283152668616,0.7086176007108432
fisheries,schaefer,Simulated annealing,Annealing (T=41.144778),1,4041,546272fd-1817-4d29-a66b-93dc696e41f8,sigma_v,88.73283152668616,44.72443312057592
fisheries,schaefer,Simulated annealing,Annealing (T=41.144778),1,4241,546272fd-1817-4d29-a66b-93dc696e41f8,K,89.71818755623765,35040.315446184984
fisheries,schaefer,Simulated annealing,Annealing (T=41.144778),1,4241,546272fd-1817-4d29-a66b-93dc696e41f8,q,89.71818755623765,0.06680659737330936
fisheries,schaefer,Simulated annealing,Annealing (T=41.144778),1,4241,546272fd-1817-4d29-a66b-93dc696e41f8,r,89.71818755623765,0.45193009475495255
fisheries,schaefer,Simulated annealing,Annealing (T=41.144778),1,4241,546272fd-1817-4d29-a66b-93dc696e41f8,sigma_v,89.71818755623765,46.95206875069105
fisheries,schaefer,Simulated annealing,Annealing (T=41.144778),1,4441,546272fd-1817-4d29-a66b-93dc696e41f8,K,91.74281879405305,34308.68744118551
fisheries,schaefer,Simulated annealing,Annealing (T=41.144778),1,4441,546272fd-1817-4d29-a66b-93dc696e41f8,q,91.74281879405305,0.11371012462838186
fisheries,schaefer,Simulated annealing,Annealing (T=41.144778),1,4441,546272fd-1817-4d29-a66b-93dc696e41f8,r,91.74281879405305,0.9695176204495605
fisheries,schaefer,Simulated annealing,Annealing (T=41.144778),1,4441,546272fd-1817-4d29-a66b-93dc696e41f8,sigma_v,91.74281879405305,51.76042043955661
fisheries,schaefer,Simulated annealing,Annealing (T=41.144778),1,4641,546272fd-1817-4d29-a66b-93dc696e41f8,K,91.24896210663513,33304.61345284203
fisheries,schaefer,Simulated annealing,Annealing (T=41.144778),1,4641,546272fd-1817-4d29-a66b-93dc696e41f8,q,91.24896210663513,0.1224345031545977
fisheries,schaefer,Simulated annealing,Annealing (T=41.144778),1,4641,546272fd-1817-4d29-a66b-93dc696e41f8,r,91.24896210663513,0.9554761179375846
fisheries,schaefer,Simulated annealing,Annealing (T=41.144778),1,4641,546272fd-1817-4d29-a66b-93dc696e41f8,sigma_v,91.24896210663513,50.513430141841525
fisheries,schaefer,Simulated annealing,Annealing (T=41.144778),1,4841,546272fd-1817-4d29-a66b-93dc696e41f8,K,91.15721306038019,33392.143750740666
fisheries,schaefer,Simulated annealing,Annealing (T=41.144778),1,4841,546272fd-1817-4d29-a66b-93dc696e41f8,q,91.15721306038019,0.12215655757929905
fisheries,schaefer,Simulated annealing,Annealing (T=41.144778),1,4841,546272fd-1817-4d29-a66b-93dc696e41f8,r,91.15721306038019,0.3776793110959355
fisheries,schaefer,Simulated annealing,Annealing (T=41.144778),1,4841,546272fd-1817-4d29-a66b-93dc696e41f8,sigma_v,91.15721306038019,50.28859308181823
fisheries,schaefer,Simulated annealing,Annealing (T=41.144778),1,40,546272fd-1817-4d29-a66b-93dc696e41f8,K,-4.9852604676782,2970.8473485978006
fisheries,schaefer,Simulated annealing,Annealing (T=41.144778),1,40,546272fd-1817-4d29-a66b-93dc696e41f8,q,-4.9852604676782,0.00022814761079243412
fisheries,schaefer,Simulated annealing,Annealing (T=41.144778),1,40,546272fd-1817-4d29-a66b-93dc696e41f8,r,-4.9852604676782,0.603139423287697
fisheries,schaefer,Simulated annealing,Annealing (T=41.144778),1,40,546272fd-1817-4d29-a66b-93dc696e41f8,sigma_v,-4.9852604676782,0.39073320388364635
fisheries,schaefer,Simulated annealing,Annealing (T=41.144778),1,240,546272fd-1817-4d29-a66b-93dc696e41f8,K,42.32004592036302,2416.8243334749686
fisheries,schaefer,Simulated annealing,Annealing (T=41.144778),1,240,546272fd-1817-4d29-a66b-93dc696e41f8,q,42.32004592036302,0.0007974877716784484
fisheries,schaefer,Simulated annealing,Annealing (T=41.144778),1,240,546272fd-1817-4d29-a66b-93dc696e41f8,r,42.32004592036302,1.2503126097530466
fisheries,schaefer,Simulated annealing,Annealing (T=41.144778),1,240,546272fd-1817-4d29-a66b-93dc696e41f8,sigma_v,42.32004592036302,4.865218400966497
fisheries,schaefer,Simulated annealing,Annealing (T=41.144778),1,440,546272fd-1817-4d29-a66b-93dc696e41f8,K,48.349792677598444,3384.2342018673226
fisheries,schaefer,Simulated annealing,Annealing (T=41.144778),1,440,546272fd-1817-4d29-a66b-93dc696e41f8,q,48.349792677598444,0.003888344006107789
fisheries,schaefer,Simulated annealing,Annealing (T=41.144778),1,440,546272fd-1817-4d29-a66b-93dc696e41f8,r,48.349792677598444,1.1334858044030944
fisheries,schaefer,Simulated annealing,Annealing (T=41.144778),1,440,546272fd-1817-4d29-a66b-93dc696e41f8,sigma_v,48.349792677598444,5.811025953471079
fisheries,schaefer,Simulated annealing,Annealing (T=41.144778),1,640,546272fd-1817-4d29-a66b-93dc696e41f8,K,48.63401561205744,3135.2397656544663
fisheries,schaefer,Simulated annealing,Annealing (T=41.144778),1,640,546272fd-1817-4d29-a66b-93dc696e41f8,q,48.63401561205744,0.012184450979632023
fisheries,schaefer,Simulated annealing,Annealing (T=41.144778),1,640,546272fd-1817-4d29-a66b-93dc696e41f8,r,48.63401561205744,1.3304713975554754
fisheries,schaefer,Simulated annealing,Annealing (T=41.144778),1,640,546272fd-1817-4d29-a66b-93dc696e41f8,sigma_v,48.63401561205744,4.1309821852942985
fisheries,schaefer,Simulated annealing,Annealing (T=41.144778),1,840,546272fd-1817-4d29-a66b-93dc696e41f8,K,48.847299745240065,2652.180859176999
fisheries,schaefer,Simulated annealing,Annealing (T=41.144778),1,840,546272fd-1817-4d29-a66b-93dc696e41f8,q,48.847299745240065,0.008357741146548867
fisheries,schaefer,Simulated annealing,Annealing (T=41.144778),1,840,546272fd-1817-4d29-a66b-93dc696e41f8,r,48.847299745240065,1.320602686587892
fisheries,schaefer,Simulated annealing,Annealing (T=41.144778),1,840,546272fd-1817-4d29-a66b-93dc696e41f8,sigma_v,48.847299745240065,5.573197104135087
fisheries,schaefer,Simulated annealing,Annealing (T=41.144778),1,1040,546272fd-1817-4d29-a66b-93dc696e41f8,K,71.32399789229642,2932.422270406388
fisheries,schaefer,Simulated annealing,Annealing (T=41.144778),1,1040,546272fd-1817-4d29-a66b-93dc696e41f8,q,71.32399789229642,0.008739836343735723
fisheries,schaefer,Simulated annealing,Annealing (T=41.144778),1,1040,546272fd-1817-4d29-a66b-93dc696e41f8,r,71.32399789229642,2.052606345464257
fisheries,schaefer,Simulated annealing,Annealing (T=41.144778),1,1040,546272fd-1817-4d29-a66b-93dc696e41f8,sigma_v,71.32399789229642,19.502690771997973
fisheries,schaefer,Simulated annealing,Annealing (T=41.144778),1,1240,546272fd-1817-4d29-a66b-93dc696e41f8,K,73.80679055678628,2995.3539577823167
fisheries,schaefer,Simulated annealing,Annealing (T=41.144778),1,1240,546272fd-1817-4d29-a66b-93dc696e41f8,q,73.80679055678628,0.003910775291790622
fisheries,schaefer,Simulated annealing,Annealing (T=41.144778),1,1240,546272fd-1817-4d29-a66b-93dc696e41f8,r,73.80679055678628,1.7559447788069555
fisheries,schaefer,Simulated annealing,Annealing (T=41.144778),1,1240,546272fd-1817-4d29-a66b-93dc696e41f8,sigma_v,73.80679055678628,22.157477797206308
fisheries,schaefer,Simulated annealing,Annealing (T=41.144778),1,1440,546272fd-1817-4d29-a66b-93dc696e41f8,K,68.21050261670162,2573.6273058771576
fisheries,schaefer,Simulated annealing,Annealing (T=41.144778),1,1440,546272fd-1817-4d29-a66b-93dc696e41f8,q,68.21050261670162,0.007723037894936066
fisheries,schaefer,Simulated annealing,Annealing (T=41.144778),1,1440,546272fd-1817-4d29-a66b-93dc696e41f8,r,68.21050261670162,2.080472795687087
fisheries,schaefer,Simulated annealing,Annealing (T=41.144778),1,1440,546272fd-1817-4d29-a66b-93dc696e41f8,sigma_v,68.21050261670162,16.76359235144662
fisheries,schaefer,Simulated annealing,Annealing (T=41.144778),1,1640,546272fd-1817-4d29-a66b-93dc696e41f8,K,60.693363505899676,89581.9599722958
fisheries,schaefer,Simulated annealing,Annealing (T=41.144778),1,1640,546272fd-1817-4d29-a66b-93dc696e41f8,q,60.693363505899676,0.009345620583608683
fisheries,schaefer,Simulated annealing,Annealing (T=41.144778),1,1640,546272fd-1817-4d29-a66b-93dc696e41f8,r,60.693363505899676,1.6228814040934352
fisheries,schaefer,Simulated annealing,Annealing (T=41.144778),1,1640,546272fd-1817-4d29-a66b-93dc696e41f8,sigma_v,60.693363505899676,6.920634823090003
fisheries,schaefer,Simulated annealing,Annealing (T=41.144778),1,1840,546272fd-1817-4d29-a66b-93dc696e41f8,K,63.608522857827275,90425.64711124229
fisheries,schaefer,Simulated annealing,Annealing (T=41.144778),1,1840,546272fd-1817-4d29-a66b-93dc696e41f8,q,63.608522857827275,0.009796675789845982
fisheries,schaefer,Simulated annealing,Annealing (T=41.144778),1,1840,546272fd-1817-4d29-a66b-93dc696e41f8,r,63.608522857827275,0.9467619634784531
fisheries,schaefer,Simulated annealing,Annealing (T=41.144778),1,1840,546272fd-1817-4d29-a66b-93dc696e41f8,sigma_v,63.608522857827275,11.062249195746443
fisheries,schaefer,Simulated annealing,Annealing (T=41.144778),1,2040,546272fd-1817-4d29-a66b-93dc696e41f8,K,60.4818517603791,89031.50530132541
fisheries,schaefer,Simulated annealing,Annealing (T=41.144778),1,2040,546272fd-1817-4d29-a66b-93dc696e41f8,q,60.4818517603791,0.008629839784963612
fisheries,schaefer,Simulated annealing,Annealing (T=41.144778),1,2040,546272fd-1817-4d29-a66b-93dc696e41f8,r,60.4818517603791,0.5238394182670291
fisheries,schaefer,Simulated annealing,Annealing (T=41.144778),1,2040,546272fd-1817-4d29-a66b-93dc696e41f8,sigma_v,60.4818517603791,7.666980605301598
fisheries,schaefer,Simulated annealing,Annealing (T=41.144778),1,2240,546272fd-1817-4d29-a66b-93dc696e41f8,K,74.21147045720534,88825.63607805566
fisheries,schaefer,Simulated annealing,Annealing (T=41.144778),1,2240,546272fd-1817-4d29-a66b-93dc696e41f8,q,74.21147045720534,0.00893829444679105
fisheries,schaefer,Simulated annealing,Annealing (T=41.144778),1,2240,546272fd-1817-4d29-a66b-93dc696e41f8,r,74.21147045720534,0.43668287096989067
fisheries,schaefer,Simulated annealing,Annealing (T=41.144778),1,2240,546272fd-1817-4d29-a66b-93dc696e41f8,sigma_v,74.21147045720534,21.5546308334754
fisheries,schaefer,Simulated annealing,Annealing (T=41.144778),1,2440,546272fd-1817-4d29-a66b-93dc696e41f8,K,68.74797598877178,85505.03302474618
fisheries,schaefer,Simulated annealing,Annealing (T=41.144778),1,2440,546272fd-1817-4d29-a66b-93dc696e41f8,q,68.74797598877178,0.004193439863724841
fisheries,schaefer,Simulated annealing,Annealing (T=41.144778),1,2440,546272fd-1817-4d29-a66b-93dc696e41f8,r,68.74797598877178,0.7419625805473579
fisheries,schaefer,Simulated annealing,Annealing (T=41.144778),1,2440,546272fd-1817-4d29-a66b-93dc696e41f8,sigma_v,68.74797598877178,16.25914568672485
fisheries,schaefer,Simulated annealing,Annealing (T=41.144778),1,2640,546272fd-1817-4d29-a66b-93dc696e41f8,K,67.57874260827084,101885.0540732635
fisheries,schaefer,Simulated annealing,Annealing (T=41.144778),1,2640,546272fd-1817-4d29-a66b-93dc696e41f8,q,67.57874260827084,0.00047283336055170837
fisheries,schaefer,Simulated annealing,Annealing (T=41.144778),1,2640,546272fd-1817-4d29-a66b-93dc696e41f8,r,67.57874260827084,1.0767717754805775
fisheries,schaefer,Simulated annealing,Annealing (T=41.144778),1,2640,546272fd-1817-4d29-a66b-93dc696e41f8,sigma_v,67.57874260827084,16.000983031367355
fisheries,schaefer,Simulated annealing,Annealing (T=41.144778),1,2840,546272fd-1817-4d29-a66b-93dc696e41f8,K,71.21957157667858,99756.27789775626
fisheries,schaefer,Simulated annealing,Annealing (T=41.144778),1,2840,546272fd-1817-4d29-a66b-93dc696e41f8,q,71.21957157667858,0.006708641994792868
fisheries,schaefer,Simulated annealing,Annealing (T=41.144778),1,2840,546272fd-1817-4d29-a66b-93dc696e41f8,r,71.21957157667858,0.3642599589279969
fisheries,schaefer,Simulated annealing,Annealing (T=41.144778),1,2840,546272fd-1817-4d29-a66b-93dc696e41f8,sigma_v,71.21957157667858,18.371274873849885
fisheries,schaefer,Simulated annealing,Annealing (T=41.144778),1,3040,546272fd-1817-4d29-a66b-93dc696e41f8,K,63.475494869752566,102278.89697686119
fisheries,schaefer,Simulated annealing,Annealing (T=41.144778),1,3040,546272fd-1817-4d29-a66b-93dc696e41f8,q,63.475494869752566,0.023021630381474856
fisheries,schaefer,Simulated annealing,Annealing (T=41.144778),1,3040,546272fd-1817-4d29-a66b-93dc696e41f8,r,63.475494869752566,0.3712650837403848
fisheries,schaefer,Simulated annealing,Annealing (T=41.144778),1,3040,546272fd-1817-4d29-a66b-93dc696e41f8,sigma_v,63.475494869752566,8.650957535198458
fisheries,schaefer,Simulated annealing,Annealing (T=41.144778),1,3240,546272fd-1817-4d29-a66b-93dc696e41f8,K,64.85772322420952,103336.24598015826
fisheries,schaefer,Simulated annealing,Annealing (T=41.144778),1,3240,546272fd-1817-4d29-a66b-93dc696e41f8,q,64.85772322420952,0.003313117725278045
fisheries,schaefer,Simulated annealing,Annealing (T=41.144778),1,3240,546272fd-1817-4d29-a66b-93dc696e41f8,r,64.85772322420952,2.6425829906753715
fisheries,schaefer,Simulated annealing,Annealing (T=41.144778),1,3240,546272fd-1817-4d29-a66b-93dc696e41f8,sigma_v,64.85772322420952,12.989153379604055
fisheries,schaefer,Simulated annealing,Annealing (T=41.144778),1,3440,546272fd-1817-4d29-a66b-93dc696e41f8,K,58.73895372266011,107521.14990380469
fisheries,schaefer,Simulated annealing,Annealing (T=41.144778),1,3440,546272fd-1817-4d29-a66b-93dc696e41f8,q,58.73895372266011,0.0036129422900979024
fisheries,schaefer,Simulated annealing,Annealing (T=41.144778),1,3440,546272fd-1817-4d29-a66b-93dc696e41f8,r,58.73895372266011,2.4949928356657374
fisheries,schaefer,Simulated annealing,Annealing (T=41.144778),1,3440,546272fd-1817-4d29-a66b-93dc696e41f8,sigma_v,58.73895372266011,7.717607485677815
fisheries,schaefer,Simulated annealing,Annealing (T=41.144778),1,3640,546272fd-1817-4d29-a66b-93dc696e41f8,K,57.45534401691723,114156.48571666465
fisheries,schaefer,Simulated annealing,Annealing (T=41.144778),1,3640,546272fd-1817-4d29-a66b-93dc696e41f8,q,57.45534401691723,0.0028180177101446487
fisheries,schaefer,Simulated annealing,Annealing (T=41.144778),1,3640,546272fd-1817-4d29-a66b-93dc696e41f8,r,57.45534401691723,2.5572206552014936
fisheries,schaefer,Simulated annealing,Annealing (T=41.144778),1,3640,546272fd-1817-4d29-a66b-93dc696e41f8,sigma_v,57.45534401691723,6.385233864197973
fisheries,schaefer,Simulated annealing,Annealing (T=41.144778),1,3840,546272fd-1817-4d29-a66b-93dc696e41f8,K,61.32668550609241,115386.9065617989
fisheries,schaefer,Simulated annealing,Annealing (T=41.144778),1,3840,546272fd-1817-4d29-a66b-93dc696e41f8,q,61.32668550609241,0.005164259580989698
fisheries,schaefer,Simulated annealing,Annealing (T=41.144778),1,3840,546272fd-1817-4d29-a66b-93dc696e41f8,r,61.32668550609241,2.5523670529561446
fisheries,schaefer,Simulated annealing,Annealing (T=41.144778),1,3840,546272fd-1817-4d29-a66b-93dc696e41f8,sigma_v,61.32668550609241,9.547394180029398
fisheries,schaefer,Simulated annealing,Annealing (T=41.144778),1,4040,546272fd-1817-4d29-a66b-93dc696e41f8,K,62.67356136451728,132288.59050694207
fisheries,schaefer,Simulated annealing,Annealing (T=41.144778),1,4040,546272fd-1817-4d29-a66b-93dc696e41f8,q,62.67356136451728,0.004390778485770203
fisheries,schaefer,Simulated annealing,Annealing (T=41.144778),1,4040,546272fd-1817-4d29-a66b-93dc696e41f8,r,62.67356136451728,2.346812386868842
fisheries,schaefer,Simulated annealing,Annealing (T=41.144778),1,4040,546272fd-1817-4d29-a66b-93dc696e41f8,sigma_v,62.67356136451728,10.720911186905038
fisheries,schaefer,Simulated annealing,Annealing (T=41.144778),1,4240,546272fd-1817-4d29-a66b-93dc696e41f8,K,66.24137120186127,132139.01234940818
fisheries,schaefer,Simulated annealing,Annealing (T=41.144778),1,4240,546272fd-1817-4d29-a66b-93dc696e41f8,q,66.24137120186127,0.009264533500201726
fisheries,schaefer,Simulated annealing,Annealing (T=41.144778),1,4240,546272fd-1817-4d29-a66b-93dc696e41f8,r,66.24137120186127,2.6777316589639426
fisheries,schaefer,Simulated annealing,Annealing (T=41.144778),1,4240,546272fd-1817-4d29-a66b-93dc696e41f8,sigma_v,66.24137120186127,5.015010451603328
fisheries,schaefer,Simulated annealing,Annealing (T=41.144778),1,4440,546272fd-1817-4d29-a66b-93dc696e41f8,K,60.12602417606904,132788.81876644457
fisheries,schaefer,Simulated annealing,Annealing (T=41.144778),1,4440,546272fd-1817-4d29-a66b-93dc696e41f8,q,60.12602417606904,0.001961827543615414
fisheries,schaefer,Simulated annealing,Annealing (T=41.144778),1,4440,546272fd-1817-4d29-a66b-93dc696e41f8,r,60.12602417606904,2.582145178011197
fisheries,schaefer,Simulated annealing,Annealing (T=41.144778),1,4440,546272fd-1817-4d29-a66b-93dc696e41f8,sigma_v,60.12602417606904,4.2081152476029855
fisheries,schaefer,Simulated annealing,Annealing (T=41.144778),1,4640,546272fd-1817-4d29-a66b-93dc696e41f8,K,77.6809646475611,131891.88099456197
fisheries,schaefer,Simulated annealing,Annealing (T=41.144778),1,4640,546272fd-1817-4d29-a66b-93dc696e41f8,q,77.6809646475611,7.47915990231081E-05
fisheries,schaefer,Simulated annealing,Annealing (T=41.144778),1,4640,546272fd-1817-4d29-a66b-93dc696e41f8,r,77.6809646475611,2.7024172745231163
fisheries,schaefer,Simulated annealing,Annealing (T=41.144778),1,4640,546272fd-1817-4d29-a66b-93dc696e41f8,sigma_v,77.6809646475611,1.0742252261186678
fisheries,schaefer,Simulated annealing,Annealing (T=41.144778),1,4840,546272fd-1817-4d29-a66b-93dc696e41f8,K,61.83251789267026,892773.6950278227
fisheries,schaefer,Simulated annealing,Annealing (T=41.144778),1,4840,546272fd-1817-4d29-a66b-93dc696e41f8,q,61.83251789267026,0.0008108871091820291
fisheries,schaefer,Simulated annealing,Annealing (T=41.144778),1,4840,546272fd-1817-4d29-a66b-93dc696e41f8,r,61.83251789267026,2.5610624083298896
fisheries,schaefer,Simulated annealing,Annealing (T=41.144778),1,4840,546272fd-1817-4d29-a66b-93dc696e41f8,sigma_v,61.83251789267026,5.445803491713438
fisheries,schaefer,Simulated annealing,Annealing (T=20.572389),1,39,546272fd-1817-4d29-a66b-93dc696e41f8,K,-8.220036941567992,2795.741726877559
fisheries,schaefer,Simulated annealing,Annealing (T=20.572389),1,39,546272fd-1817-4d29-a66b-93dc696e41f8,q,-8.220036941567992,0.0006472472939343494
fisheries,schaefer,Simulated annealing,Annealing (T=20.572389),1,39,546272fd-1817-4d29-a66b-93dc696e41f8,r,-8.220036941567992,0.3445819243038848
fisheries,schaefer,Simulated annealing,Annealing (T=20.572389),1,39,546272fd-1817-4d29-a66b-93dc696e41f8,sigma_v,-8.220036941567992,0.2057735401688614
fisheries,schaefer,Simulated annealing,Annealing (T=20.572389),1,239,546272fd-1817-4d29-a66b-93dc696e41f8,K,32.09516933425895,2318.1915367895544
fisheries,schaefer,Simulated annealing,Annealing (T=20.572389),1,239,546272fd-1817-4d29-a66b-93dc696e41f8,q,32.09516933425895,0.0007279435916881592
fisheries,schaefer,Simulated annealing,Annealing (T=20.572389),1,239,546272fd-1817-4d29-a66b-93dc696e41f8,r,32.09516933425895,0.5184998654900168
fisheries,schaefer,Simulated annealing,Annealing (T=20.572389),1,239,546272fd-1817-4d29-a66b-93dc696e41f8,sigma_v,32.09516933425895,3.023487300695752
fisheries,schaefer,Simulated annealing,Annealing (T=20.572389),1,439,546272fd-1817-4d29-a66b-93dc696e41f8,K,55.44486710515949,5492.186776311735
fisheries,schaefer,Simulated annealing,Annealing (T=20.572389),1,439,546272fd-1817-4d29-a66b-93dc696e41f8,q,55.44486710515949,0.0037344560841898315
fisheries,schaefer,Simulated annealing,Annealing (T=20.572389),1,439,546272fd-1817-4d29-a66b-93dc696e41f8,r,55.44486710515949,2.2246657256040607
fisheries,schaefer,Simulated annealing,Annealing (T=20.572389),1,439,546272fd-1817-4d29-a66b-93dc696e41f8,sigma_v,55.44486710515949,8.581513102281182
fisheries,schaefer,Simulated annealing,Annealing (T=20.572389),1,639,546272fd-1817-4d29-a66b-93dc696e41f8,K,51.54385181333968,10355.338285518144
fisheries,schaefer,Simulated annealing,Annealing (T=20.572389),1,639,546272fd-1817-4d29-a66b-93dc696e41f8,q,51.54385181333968,0.006281895638130076
fisheries,schaefer,Simulated annealing,Annealing (T=20.572389),1,639,546272fd-1817-4d29-a66b-93dc696e41f8,r,51.54385181333968,2.6572180166179287
fisheries,schaefer,Simulated annealing,Annealing (T=20.572389),1,639,546272fd-1817-4d29-a66b-93dc696e41f8,sigma_v,51.54385181333968,5.484661371701162
fisheries,schaefer,Simulated annealing,Annealing (T=20.572389),1,839,546272fd-1817-4d29-a66b-93dc696e41f8,K,55.614707314011,9742.579514136769
fisheries,schaefer,Simulated annealing,Annealing (T=20.572389),1,839,546272fd-1817-4d29-a66b-93dc696e41f8,q,55.614707314011,0.009043061011426318
fisheries,schaefer,Simulated annealing,Annealing (T=20.572389),1,839,546272fd-1817-4d29-a66b-93dc696e41f8,r,55.614707314011,2.9526016473119485
fisheries,schaefer,Simulated annealing,Annealing (T=20.572389),1,839,546272fd-1817-4d29-a66b-93dc696e41f8,sigma_v,55.614707314011,7.76802079124498
fisheries,schaefer,Simulated annealing,Annealing (T=20.572389),1,1039,546272fd-1817-4d29-a66b-93dc696e41f8,K,58.58009270205882,4499.175650898725
fisheries,schaefer,Simulated annealing,Annealing (T=20.572389),1,1039,546272fd-1817-4d29-a66b-93dc696e41f8,q,58.58009270205882,0.004374666838965314
fisheries,schaefer,Simulated annealing,Annealing (T=20.572389),1,1039,546272fd-1817-4d29-a66b-93dc696e41f8,r,58.58009270205882,0.5049524706437621
fisheries,schaefer,Simulated annealing,Annealing (T=20.572389),1,1039,546272fd-1817-4d29-a66b-93dc696e41f8,sigma_v,58.58009270205882,10.26413688574962
fisheries,schaefer,Simulated annealing,Annealing (T=20.572389),1,1239,546272fd-1817-4d29-a66b-93dc696e41f8,K,69.93444860817694,3796.466509735617
fisheries,schaefer,Simulated annealing,Annealing (T=20.572389),1,1239,546272fd-1817-4d29-a66b-93dc696e41f8,q,69.93444860817694,0.06188897554906854
fisheries,schaefer,Simulated annealing,Annealing (T=20.572389),1,1239,546272fd-1817-4d29-a66b-93dc696e41f8,r,69.93444860817694,0.6403239100359587
fisheries,schaefer,Simulated annealing,Annealing (T=20.572389),1,1239,546272fd-1817-4d29-a66b-93dc696e41f8,sigma_v,69.93444860817694,17.59403323957643
fisheries,schaefer,Simulated annealing,Annealing (T=20.572389),1,1439,546272fd-1817-4d29-a66b-93dc696e41f8,K,77.81493610967871,3887.3246362236955
fisheries,schaefer,Simulated annealing,Annealing (T=20.572389),1,1439,546272fd-1817-4d29-a66b-93dc696e41f8,q,77.81493610967871,0.06121223498914058
fisheries,schaefer,Simulated annealing,Annealing (T=20.572389),1,1439,546272fd-1817-4d29-a66b-93dc696e41f8,r,77.81493610967871,0.2982606384850956
fisheries,schaefer,Simulated annealing,Annealing (T=20.572389),1,1439,546272fd-1817-4d29-a66b-93dc696e41f8,sigma_v,77.81493610967871,26.457827520210973
fisheries,schaefer,Simulated annealing,Annealing (T=20.572389),1,1639,546272fd-1817-4d29-a66b-93dc696e41f8,K,76.20939344177198,3967.7420583129683
fisheries,schaefer,Simulated annealing,Annealing (T=20.572389),1,1639,546272fd-1817-4d29-a66b-93dc696e41f8,q,76.20939344177198,0.05806484952997299
fisheries,schaefer,Simulated annealing,Annealing (T=20.572389),1,1639,546272fd-1817-4d29-a66b-93dc696e41f8,r,76.20939344177198,1.0224084784781797
fisheries,schaefer,Simulated annealing,Annealing (T=20.572389),1,1639,546272fd-1817-4d29-a66b-93dc696e41f8,sigma_v,76.20939344177198,24.340471379340407
fisheries,schaefer,Simulated annealing,Annealing (T=20.572389),1,1839,546272fd-1817-4d29-a66b-93dc696e41f8,K,75.78042618830439,335878.3085216165
fisheries,schaefer,Simulated annealing,Annealing (T=20.572389),1,1839,546272fd-1817-4d29-a66b-93dc696e41f8,q,75.78042618830439,0.05536558651806873
fisheries,schaefer,Simulated annealing,Annealing (T=20.572389),1,1839,546272fd-1817-4d29-a66b-93dc696e41f8,r,75.78042618830439,0.9328683669181335
fisheries,schaefer,Simulated annealing,Annealing (T=20.572389),1,1839,546272fd-1817-4d29-a66b-93dc696e41f8,sigma_v,75.78042618830439,21.979946686366397
fisheries,schaefer,Simulated annealing,Annealing (T=20.572389),1,2039,546272fd-1817-4d29-a66b-93dc696e41f8,K,72.29215991055824,333448.0875942857
fisheries,schaefer,Simulated annealing,Annealing (T=20.572389),1,2039,546272fd-1817-4d29-a66b-93dc696e41f8,q,72.29215991055824,0.049568801066792866
fisheries,schaefer,Simulated annealing,Annealing (T=20.572389),1,2039,546272fd-1817-4d29-a66b-93dc696e41f8,r,72.29215991055824,0.7110955820092925
fisheries,schaefer,Simulated annealing,Annealing (T=20.572389),1,2039,546272fd-1817-4d29-a66b-93dc696e41f8,sigma_v,72.29215991055824,17.548454282483135
fisheries,schaefer,Simulated annealing,Annealing (T=20.572389),1,2239,546272fd-1817-4d29-a66b-93dc696e41f8,K,70.34382120332283,333089.5291640195
fisheries,schaefer,Simulated annealing,Annealing (T=20.572389),1,2239,546272fd-1817-4d29-a66b-93dc696e41f8,q,70.34382120332283,0.05210654402694639
fisheries,schaefer,Simulated annealing,Annealing (T=20.572389),1,2239,546272fd-1817-4d29-a66b-93dc696e41f8,r,70.34382120332283,1.471869984012188
fisheries,schaefer,Simulated annealing,Annealing (T=20.572389),1,2239,546272fd-1817-4d29-a66b-93dc696e41f8,sigma_v,70.34382120332283,14.97969605600762
fisheries,schaefer,Simulated annealing,Annealing (T=20.572389),1,2439,546272fd-1817-4d29-a66b-93dc696e41f8,K,70.86748829872049,329099.4418671475
fisheries,schaefer,Simulated annealing,Annealing (T=20.572389),1,2439,546272fd-1817-4d29-a66b-93dc696e41f8,q,70.86748829872049,0.031525905053194844
fisheries,schaefer,Simulated annealing,Annealing (T=20.572389),1,2439,546272fd-1817-4d29-a66b-93dc696e41f8,r,70.86748829872049,1.1156290247064828
fisheries,schaefer,Simulated annealing,Annealing (T=20.572389),1,2439,546272fd-1817-4d29-a66b-93dc696e41f8,sigma_v,70.86748829872049,16.209617613906474
fisheries,schaefer,Simulated annealing,Annealing (T=20.572389),1,2639,546272fd-1817-4d29-a66b-93dc696e41f8,K,70.64589488471039,330129.3938679857
fisheries,schaefer,Simulated annealing,Annealing (T=20.572389),1,2639,546272fd-1817-4d29-a66b-93dc696e41f8,q,70.64589488471039,0.040278868783562856
fisheries,schaefer,Simulated annealing,Annealing (T=20.572389),1,2639,546272fd-1817-4d29-a66b-93dc696e41f8,r,70.64589488471039,0.3946417560702657
fisheries,schaefer,Simulated annealing,Annealing (T=20.572389),1,2639,546272fd-1817-4d29-a66b-93dc696e41f8,sigma_v,70.64589488471039,15.687682085111957
fisheries,schaefer,Simulated annealing,Annealing (T=20.572389),1,2839,546272fd-1817-4d29-a66b-93dc696e41f8,K,66.96547946150226,333137.4893498267
fisheries,schaefer,Simulated annealing,Annealing (T=20.572389),1,2839,546272fd-1817-4d29-a66b-93dc696e41f8,q,66.96547946150226,0.03130996707962281
fisheries,schaefer,Simulated annealing,Annealing (T=20.572389),1,2839,546272fd-1817-4d29-a66b-93dc696e41f8,r,66.96547946150226,0.6577910594273755
fisheries,schaefer,Simulated annealing,Annealing (T=20.572389),1,2839,546272fd-1817-4d29-a66b-93dc696e41f8,sigma_v,66.96547946150226,9.328895044683161
fisheries,schaefer,Simulated annealing,Annealing (T=20.572389),1,3039,546272fd-1817-4d29-a66b-93dc696e41f8,K,69.00720263981758,331676.614417553
fisheries,schaefer,Simulated annealing,Annealing (T=20.572389),1,3039,546272fd-1817-4d29-a66b-93dc696e41f8,q,69.00720263981758,0.04048724607111958
fisheries,schaefer,Simulated annealing,Annealing (T=20.572389),1,3039,546272fd-1817-4d29-a66b-93dc696e41f8,r,69.00720263981758,1.115633956092002
fisheries,schaefer,Simulated annealing,Annealing (T=20.572389),1,3039,546272fd-1817-4d29-a66b-93dc696e41f8,sigma_v,69.00720263981758,7.8098877944683425
fisheries,schaefer,Simulated annealing,Annealing (T=20.572389),1,3239,546272fd-1817-4d29-a66b-93dc696e41f8,K,70.91856692920823,333072.74298143276
fisheries,schaefer,Simulated annealing,Annealing (T=20.572389),1,3239,546272fd-1817-4d29-a66b-93dc696e41f8,q,70.91856692920823,0.04491232095085096
fisheries,schaefer,Simulated annealing,Annealing (T=20.572389),1,3239,546272fd-1817-4d29-a66b-93dc696e41f8,r,70.91856692920823,1.259417709830515
fisheries,schaefer,Simulated annealing,Annealing (T=20.572389),1,3239,546272fd-1817-4d29-a66b-93dc696e41f8,sigma_v,70.91856692920823,7.15637769794686
fisheries,schaefer,Simulated annealing,Annealing (T=20.572389),1,3439,546272fd-1817-4d29-a66b-93dc696e41f8,K,67.71448819062459,332253.97046698944
fisheries,schaefer,Simulated annealing,Annealing (T=20.572389),1,3439,546272fd-1817-4d29-a66b-93dc696e41f8,q,67.71448819062459,0.045583816950734914
fisheries,schaefer,Simulated annealing,Annealing (T=20.572389),1,3439,546272fd-1817-4d29-a66b-93dc696e41f8,r,67.71448819062459,1.39500215005971
fisheries,schaefer,Simulated annealing,Annealing (T=20.572389),1,3439,546272fd-1817-4d29-a66b-93dc696e41f8,sigma_v,67.71448819062459,10.320298997213584
fisheries,schaefer,Simulated annealing,Annealing (T=20.572389),1,3639,546272fd-1817-4d29-a66b-93dc696e41f8,K,69.98181918536403,332364.84969092364
fisheries,schaefer,Simulated annealing,Annealing (T=20.572389),1,3639,546272fd-1817-4d29-a66b-93dc696e41f8,q,69.98181918536403,0.04862598800662187
fisheries,schaefer,Simulated annealing,Annealing (T=20.572389),1,3639,546272fd-1817-4d29-a66b-93dc696e41f8,r,69.98181918536403,1.2019592253412883
fisheries,schaefer,Simulated annealing,Annealing (T=20.572389),1,3639,546272fd-1817-4d29-a66b-93dc696e41f8,sigma_v,69.98181918536403,14.584827198684275
fisheries,schaefer,Simulated annealing,Annealing (T=20.572389),1,3839,546272fd-1817-4d29-a66b-93dc696e41f8,K,69.69574320461001,331635.25466687314
fisheries,schaefer,Simulated annealing,Annealing (T=20.572389),1,3839,546272fd-1817-4d29-a66b-93dc696e41f8,q,69.69574320461001,0.05250678771368747
fisheries,schaefer,Simulated annealing,Annealing (T=20.572389),1,3839,546272fd-1817-4d29-a66b-93dc696e41f8,r,69.69574320461001,1.2146324039228726
fisheries,schaefer,Simulated annealing,Annealing (T=20.572389),1,3839,546272fd-1817-4d29-a66b-93dc696e41f8,sigma_v,69.69574320461001,14.076501301739787
fisheries,schaefer,Simulated annealing,Annealing (T=20.572389),1,4039,546272fd-1817-4d29-a66b-93dc696e41f8,K,65.57500766806717,329642.88973076094
fisheries,schaefer,Simulated annealing,Annealing (T=20.572389),1,4039,546272fd-1817-4d29-a66b-93dc696e41f8,q,65.57500766806717,0.01707475557137709
fisheries,schaefer,Simulated annealing,Annealing (T=20.572389),1,4039,546272fd-1817-4d29-a66b-93dc696e41f8,r,65.57500766806717,1.6677563907717816
fisheries,schaefer,Simulated annealing,Annealing (T=20.572389),1,4039,546272fd-1817-4d29-a66b-93dc696e41f8,sigma_v,65.57500766806717,8.857054108160535
fisheries,schaefer,Simulated annealing,Annealing (T=20.572389),1,4239,546272fd-1817-4d29-a66b-93dc696e41f8,K,63.277806809291604,328554.8603421131
fisheries,schaefer,Simulated annealing,Annealing (T=20.572389),1,4239,546272fd-1817-4d29-a66b-93dc696e41f8,q,63.277806809291604,0.004659349500710661
fisheries,schaefer,Simulated annealing,Annealing (T=20.572389),1,4239,546272fd-1817-4d29-a66b-93dc696e41f8,r,63.277806809291604,0.7007589440708959
fisheries,schaefer,Simulated annealing,Annealing (T=20.572389),1,4239,546272fd-1817-4d29-a66b-93dc696e41f8,sigma_v,63.277806809291604,9.86596822528801
fisheries,schaefer,Simulated annealing,Annealing (T=20.572389),1,4439,546272fd-1817-4d29-a66b-93dc696e41f8,K,68.94525449849588,333792.3778628611
fisheries,schaefer,Simulated annealing,Annealing (T=20.572389),1,4439,546272fd-1817-4d29-a66b-93dc696e41f8,q,68.94525449849588,0.0053126884941992174
fisheries,schaefer,Simulated annealing,Annealing (T=20.572389),1,4439,546272fd-1817-4d29-a66b-93dc696e41f8,r,68.94525449849588,2.099658990667375
fisheries,schaefer,Simulated annealing,Annealing (T=20.572389),1,4439,546272fd-1817-4d29-a66b-93dc696e41f8,sigma_v,68.94525449849588,5.042325308402581
fisheries,schaefer,Simulated annealing,Annealing (T=20.572389),1,4639,546272fd-1817-4d29-a66b-93dc696e41f8,K,90.24254526074061,334293.5525543632
fisheries,schaefer,Simulated annealing,Annealing (T=20.572389),1,4639,546272fd-1817-4d29-a66b-93dc696e41f8,q,90.24254526074061,0.01669843583267246
fisheries,schaefer,Simulated annealing,Annealing (T=20.572389),1,4639,546272fd-1817-4d29-a66b-93dc696e41f8,r,90.24254526074061,1.640024214935103
fisheries,schaefer,Simulated annealing,Annealing (T=20.572389),1,4639,546272fd-1817-4d29-a66b-93dc696e41f8,sigma_v,90.24254526074061,4.107818706790445
fisheries,schaefer,Simulated annealing,Annealing (T=20.572389),1,4839,546272fd-1817-4d29-a66b-93dc696e41f8,K,67.25181951508236,333776.78045284684
fisheries,schaefer,Simulated annealing,Annealing (T=20.572389),1,4839,546272fd-1817-4d29-a66b-93dc696e41f8,q,67.25181951508236,0.0007544116954617896
fisheries,schaefer,Simulated annealing,Annealing (T=20.572389),1,4839,546272fd-1817-4d29-a66b-93dc696e41f8,r,67.25181951508236,0.03956807005025573
fisheries,schaefer,Simulated annealing,Annealing (T=20.572389),1,4839,546272fd-1817-4d29-a66b-93dc696e41f8,sigma_v,67.25181951508236,15.102214079461177
fisheries,schaefer,Simulated annealing,Annealing (T=13.714926),1,38,546272fd-1817-4d29-a66b-93dc696e41f8,K,-7.1905235583730995,2974.9445642837622
fisheries,schaefer,Simulated annealing,Annealing (T=13.714926),1,38,546272fd-1817-4d29-a66b-93dc696e41f8,q,-7.1905235583730995,0.0003317589593775527
fisheries,schaefer,Simulated annealing,Annealing (T=13.714926),1,38,546272fd-1817-4d29-a66b-93dc696e41f8,r,-7.1905235583730995,0.33220915722776095
fisheries,schaefer,Simulated annealing,Annealing (T=13.714926),1,38,546272fd-1817-4d29-a66b-93dc696e41f8,sigma_v,-7.1905235583730995,0.20792108032234213
fisheries,schaefer,Simulated annealing,Annealing (T=13.714926),1,238,546272fd-1817-4d29-a66b-93dc696e41f8,K,37.58991388671564,3316.142269538175
fisheries,schaefer,Simulated annealing,Annealing (T=13.714926),1,238,546272fd-1817-4d29-a66b-93dc696e41f8,q,37.58991388671564,0.0029348477373030398
fisheries,schaefer,Simulated annealing,Annealing (T=13.714926),1,238,546272fd-1817-4d29-a66b-93dc696e41f8,r,37.58991388671564,0.3729225226628877
fisheries,schaefer,Simulated annealing,Annealing (T=13.714926),1,238,546272fd-1817-4d29-a66b-93dc696e41f8,sigma_v,37.58991388671564,2.1744827460774125
fisheries,schaefer,Simulated annealing,Annealing (T=13.714926),1,438,546272fd-1817-4d29-a66b-93dc696e41f8,K,44.544255760213765,7059.026347435062
fisheries,schaefer,Simulated annealing,Annealing (T=13.714926),1,438,546272fd-1817-4d29-a66b-93dc696e41f8,q,44.544255760213765,0.0025529141236789368
fisheries,schaefer,Simulated annealing,Annealing (T=13.714926),1,438,546272fd-1817-4d29-a66b-93dc696e41f8,r,44.544255760213765,0.8563914190697218
fisheries,schaefer,Simulated annealing,Annealing (T=13.714926),1,438,546272fd-1817-4d29-a66b-93dc696e41f8,sigma_v,44.544255760213765,3.386895117276371
fisheries,schaefer,Simulated annealing,Annealing (T=13.714926),1,638,546272fd-1817-4d29-a66b-93dc696e41f8,K,52.173936515150146,9308.944669907069
fisheries,schaefer,Simulated annealing,Annealing (T=13.714926),1,638,546272fd-1817-4d29-a66b-93dc696e41f8,q,52.173936515150146,0.00109633244642666
fisheries,schaefer,Simulated annealing,Annealing (T=13.714926),1,638,546272fd-1817-4d29-a66b-93dc696e41f8,r,52.173936515150146,1.389311103988735
fisheries,schaefer,Simulated annealing,Annealing (T=13.714926),1,638,546272fd-1817-4d29-a66b-93dc696e41f8,sigma_v,52.173936515150146,7.420417434289525
fisheries,schaefer,Simulated annealing,Annealing (T=13.714926),1,838,546272fd-1817-4d29-a66b-93dc696e41f8,K,48.446868964503416,11448.190108586447
fisheries,schaefer,Simulated annealing,Annealing (T=13.714926),1,838,546272fd-1817-4d29-a66b-93dc696e41f8,q,48.446868964503416,0.0008324309632031072
fisheries,schaefer,Simulated annealing,Annealing (T=13.714926),1,838,546272fd-1817-4d29-a66b-93dc696e41f8,r,48.446868964503416,1.4829167196276853
fisheries,schaefer,Simulated annealing,Annealing (T=13.714926),1,838,546272fd-1817-4d29-a66b-93dc696e41f8,sigma_v,48.446868964503416,6.011141841817813
fisheries,schaefer,Simulated annealing,Annealing (T=13.714926),1,1038,546272fd-1817-4d29-a66b-93dc696e41f8,K,55.44362101011367,12525.919925023827
fisheries,schaefer,Simulated annealing,Annealing (T=13.714926),1,1038,546272fd-1817-4d29-a66b-93dc696e41f8,q,55.44362101011367,0.007248132101171979
fisheries,schaefer,Simulated annealing,Annealing (T=13.714926),1,1038,546272fd-1817-4d29-a66b-93dc696e41f8,r,55.44362101011367,0.20972094830867744
fisheries,schaefer,Simulated annealing,Annealing (T=13.714926),1,1038,546272fd-1817-4d29-a66b-93dc696e41f8,sigma_v,55.44362101011367,7.535311708956617
fisheries,schaefer,Simulated annealing,Annealing (T=13.714926),1,1238,546272fd-1817-4d29-a66b-93dc696e41f8,K,70.3524531105311,13360.353102341447
fisheries,schaefer,Simulated annealing,Annealing (T=13.714926),1,1238,546272fd-1817-4d29-a66b-93dc696e41f8,q,70.3524531105311,0.008967629309479216
fisheries,schaefer,Simulated annealing,Annealing (T=13.714926),1,1238,546272fd-1817-4d29-a66b-93dc696e41f8,r,70.3524531105311,0.6999435106417666
fisheries,schaefer,Simulated annealing,Annealing (T=13.714926),1,1238,546272fd-1817-4d29-a66b-93dc696e41f8,sigma_v,70.3524531105311,18.180344277081144
fisheries,schaefer,Simulated annealing,Annealing (T=13.714926),1,1438,546272fd-1817-4d29-a66b-93dc696e41f8,K,66.63298987138084,11377.67592268
fisheries,schaefer,Simulated annealing,Annealing (T=13.714926),1,1438,546272fd-1817-4d29-a66b-93dc696e41f8,q,66.63298987138084,0.01615698321216242
fisheries,schaefer,Simulated annealing,Annealing (T=13.714926),1,1438,546272fd-1817-4d29-a66b-93dc696e41f8,r,66.63298987138084,0.9780361858490456
fisheries,schaefer,Simulated annealing,Annealing (T=13.714926),1,1438,546272fd-1817-4d29-a66b-93dc696e41f8,sigma_v,66.63298987138084,14.736493148189819
fisheries,schaefer,Simulated annealing,Annealing (T=13.714926),1,1638,546272fd-1817-4d29-a66b-93dc696e41f8,K,65.16054560457944,11947.652685052959
fisheries,schaefer,Simulated annealing,Annealing (T=13.714926),1,1638,546272fd-1817-4d29-a66b-93dc696e41f8,q,65.16054560457944,0.009973575959800267
fisheries,schaefer,Simulated annealing,Annealing (T=13.714926),1,1638,546272fd-1817-4d29-a66b-93dc696e41f8,r,65.16054560457944,0.9388617732468838
fisheries,schaefer,Simulated annealing,Annealing (T=13.714926),1,1638,546272fd-1817-4d29-a66b-93dc696e41f8,sigma_v,65.16054560457944,13.759575790511533
fisheries,schaefer,Simulated annealing,Annealing (T=13.714926),1,1838,546272fd-1817-4d29-a66b-93dc696e41f8,K,58.496863126590945,13210.411679772222
fisheries,schaefer,Simulated annealing,Annealing (T=13.714926),1,1838,546272fd-1817-4d29-a66b-93dc696e41f8,q,58.496863126590945,0.008850389537096076
fisheries,schaefer,Simulated annealing,Annealing (T=13.714926),1,1838,546272fd-1817-4d29-a66b-93dc696e41f8,r,58.496863126590945,0.902694634975382
fisheries,schaefer,Simulated annealing,Annealing (T=13.714926),1,1838,546272fd-1817-4d29-a66b-93dc696e41f8,sigma_v,58.496863126590945,9.137961006259372
fisheries,schaefer,Simulated annealing,Annealing (T=13.714926),1,2038,546272fd-1817-4d29-a66b-93dc696e41f8,K,66.13810772577246,16075.347607202712
fisheries,schaefer,Simulated annealing,Annealing (T=13.714926),1,2038,546272fd-1817-4d29-a66b-93dc696e41f8,q,66.13810772577246,0.0646819806454612
fisheries,schaefer,Simulated annealing,Annealing (T=13.714926),1,2038,546272fd-1817-4d29-a66b-93dc696e41f8,r,66.13810772577246,0.8952896768035482
fisheries,schaefer,Simulated annealing,Annealing (T=13.714926),1,2038,546272fd-1817-4d29-a66b-93dc696e41f8,sigma_v,66.13810772577246,13.248836200718525
fisheries,schaefer,Simulated annealing,Annealing (T=13.714926),1,2238,546272fd-1817-4d29-a66b-93dc696e41f8,K,67.04864751891031,15374.20161314661
fisheries,schaefer,Simulated annealing,Annealing (T=13.714926),1,2238,546272fd-1817-4d29-a66b-93dc696e41f8,q,67.04864751891031,0.0640236322418783
fisheries,schaefer,Simulated annealing,Annealing (T=13.714926),1,2238,546272fd-1817-4d29-a66b-93dc696e41f8,r,67.04864751891031,1.1155405823673485
fisheries,schaefer,Simulated annealing,Annealing (T=13.714926),1,2238,546272fd-1817-4d29-a66b-93dc696e41f8,sigma_v,67.04864751891031,14.129057898681765
fisheries,schaefer,Simulated annealing,Annealing (T=13.714926),1,2438,546272fd-1817-4d29-a66b-93dc696e41f8,K,67.86241111589517,15023.14633059842
fisheries,schaefer,Simulated annealing,Annealing (T=13.714926),1,2438,546272fd-1817-4d29-a66b-93dc696e41f8,q,67.86241111589517,0.09534341345122917
fisheries,schaefer,Simulated annealing,Annealing (T=13.714926),1,2438,546272fd-1817-4d29-a66b-93dc696e41f8,r,67.86241111589517,1.2433864411306923
fisheries,schaefer,Simulated annealing,Annealing (T=13.714926),1,2438,546272fd-1817-4d29-a66b-93dc696e41f8,sigma_v,67.86241111589517,14.625834253721823
fisheries,schaefer,Simulated annealing,Annealing (T=13.714926),1,2638,546272fd-1817-4d29-a66b-93dc696e41f8,K,73.22031974701495,14511.985775314606
fisheries,schaefer,Simulated annealing,Annealing (T=13.714926),1,2638,546272fd-1817-4d29-a66b-93dc696e41f8,q,73.22031974701495,0.0960983340357697
fisheries,schaefer,Simulated annealing,Annealing (T=13.714926),1,2638,546272fd-1817-4d29-a66b-93dc696e41f8,r,73.22031974701495,2.3909052133440993
fisheries,schaefer,Simulated annealing,Annealing (T=13.714926),1,2638,546272fd-1817-4d29-a66b-93dc696e41f8,sigma_v,73.22031974701495,20.223467003785814
fisheries,schaefer,Simulated annealing,Annealing (T=13.714926),1,2838,546272fd-1817-4d29-a66b-93dc696e41f8,K,64.68301330938127,20570.872409818014
fisheries,schaefer,Simulated annealing,Annealing (T=13.714926),1,2838,546272fd-1817-4d29-a66b-93dc696e41f8,q,64.68301330938127,0.09172732814098784
fisheries,schaefer,Simulated annealing,Annealing (T=13.714926),1,2838,546272fd-1817-4d29-a66b-93dc696e41f8,r,64.68301330938127,2.5507397411661077
fisheries,schaefer,Simulated annealing,Annealing (T=13.714926),1,2838,546272fd-1817-4d29-a66b-93dc696e41f8,sigma_v,64.68301330938127,11.291902801360482
fisheries,schaefer,Simulated annealing,Annealing (T=13.714926),1,3038,546272fd-1817-4d29-a66b-93dc696e41f8,K,62.20954249641836,19664.906396334492
fisheries,schaefer,Simulated annealing,Annealing (T=13.714926),1,3038,546272fd-1817-4d29-a66b-93dc696e41f8,q,62.20954249641836,0.07419731415521398
fisheries,schaefer,Simulated annealing,Annealing (T=13.714926),1,3038,546272fd-1817-4d29-a66b-93dc696e41f8,r,62.20954249641836,1.955991201036554
fisheries,schaefer,Simulated annealing,Annealing (T=13.714926),1,3038,546272fd-1817-4d29-a66b-93dc696e41f8,sigma_v,62.20954249641836,7.5301766538018855
fisheries,schaefer,Simulated annealing,Annealing (T=13.714926),1,3238,546272fd-1817-4d29-a66b-93dc696e41f8,K,61.85387729680658,16417.43578310007
fisheries,schaefer,Simulated annealing,Annealing (T=13.714926),1,3238,546272fd-1817-4d29-a66b-93dc696e41f8,q,61.85387729680658,0.07851542889701774
fisheries,schaefer,Simulated annealing,Annealing (T=13.714926),1,3238,546272fd-1817-4d29-a66b-93dc696e41f8,r,61.85387729680658,2.1777810231635706
fisheries,schaefer,Simulated annealing,Annealing (T=13.714926),1,3238,546272fd-1817-4d29-a66b-93dc696e41f8,sigma_v,61.85387729680658,8.015667137075623
fisheries,schaefer,Simulated annealing,Annealing (T=13.714926),1,3438,546272fd-1817-4d29-a66b-93dc696e41f8,K,66.69787105939884,17912.846497724044
fisheries,schaefer,Simulated annealing,Annealing (T=13.714926),1,3438,546272fd-1817-4d29-a66b-93dc696e41f8,q,66.69787105939884,0.06789265057754348
fisheries,schaefer,Simulated annealing,Annealing (T=13.714926),1,3438,546272fd-1817-4d29-a66b-93dc696e41f8,r,66.69787105939884,3.0978637759714003
fisheries,schaefer,Simulated annealing,Annealing (T=13.714926),1,3438,546272fd-1817-4d29-a66b-93dc696e41f8,sigma_v,66.69787105939884,13.924174632148057
fisheries,schaefer,Simulated annealing,Annealing (T=13.714926),1,3638,546272fd-1817-4d29-a66b-93dc696e41f8,K,67.33521107163031,17840.69557178659
fisheries,schaefer,Simulated annealing,Annealing (T=13.714926),1,3638,546272fd-1817-4d29-a66b-93dc696e41f8,q,67.33521107163031,0.06965380865745112
fisheries,schaefer,Simulated annealing,Annealing (T=13.714926),1,3638,546272fd-1817-4d29-a66b-93dc696e41f8,r,67.33521107163031,3.1140721591898983
fisheries,schaefer,Simulated annealing,Annealing (T=13.714926),1,3638,546272fd-1817-4d29-a66b-93dc696e41f8,sigma_v,67.33521107163031,14.523937789296891
fisheries,schaefer,Simulated annealing,Annealing (T=13.714926),1,3838,546272fd-1817-4d29-a66b-93dc696e41f8,K,65.13996267630556,16657.419456343694
fisheries,schaefer,Simulated annealing,Annealing (T=13.714926),1,3838,546272fd-1817-4d29-a66b-93dc696e41f8,q,65.13996267630556,0.06707478670554615
fisheries,schaefer,Simulated annealing,Annealing (T=13.714926),1,3838,546272fd-1817-4d29-a66b-93dc696e41f8,r,65.13996267630556,2.8090737184907404
fisheries,schaefer,Simulated annealing,Annealing (T=13.714926),1,3838,546272fd-1817-4d29-a66b-93dc696e41f8,sigma_v,65.13996267630556,12.344842548717718
fisheries,schaefer,Simulated annealing,Annealing (T=13.714926),1,4038,546272fd-1817-4d29-a66b-93dc696e41f8,K,72.21467966676794,18808.462404795406
fisheries,schaefer,Simulated annealing,Annealing (T=13.714926),1,4038,546272fd-1817-4d29-a66b-93dc696e41f8,q,72.21467966676794,0.07230910287090196
fisheries,schaefer,Simulated annealing,Annealing (T=13.714926),1,4038,546272fd-1817-4d29-a66b-93dc696e41f8,r,72.21467966676794,2.834035561883792
fisheries,schaefer,Simulated annealing,Annealing (T=13.714926),1,4038,546272fd-1817-4d29-a66b-93dc696e41f8,sigma_v,72.21467966676794,19.207497415132526
fisheries,schaefer,Simulated annealing,Annealing (T=13.714926),1,4238,546272fd-1817-4d29-a66b-93dc696e41f8,K,64.06604650124832,50451.7038540654
fisheries,schaefer,Simulated annealing,Annealing (T=13.714926),1,4238,546272fd-1817-4d29-a66b-93dc696e41f8,q,64.06604650124832,0.0713950089027806
fisheries,schaefer,Simulated annealing,Annealing (T=13.714926),1,4238,546272fd-1817-4d29-a66b-93dc696e41f8,r,64.06604650124832,2.9838301102721143
fisheries,schaefer,Simulated annealing,Annealing (T=13.714926),1,4238,546272fd-1817-4d29-a66b-93dc696e41f8,sigma_v,64.06604650124832,9.83312131972578
fisheries,schaefer,Simulated annealing,Annealing (T=13.714926),1,4438,546272fd-1817-4d29-a66b-93dc696e41f8,K,69.83227197245705,51672.056184857276
fisheries,schaefer,Simulated annealing,Annealing (T=13.714926),1,4438,546272fd-1817-4d29-a66b-93dc696e41f8,q,69.83227197245705,0.07220142912108093
fisheries,schaefer,Simulated annealing,Annealing (T=13.714926),1,4438,546272fd-1817-4d29-a66b-93dc696e41f8,r,69.83227197245705,2.1282462422057438
fisheries,schaefer,Simulated annealing,Annealing (T=13.714926),1,4438,546272fd-1817-4d29-a66b-93dc696e41f8,sigma_v,69.83227197245705,15.907443985768664
fisheries,schaefer,Simulated annealing,Annealing (T=13.714926),1,4638,546272fd-1817-4d29-a66b-93dc696e41f8,K,69.31363632828945,54550.86866159534
fisheries,schaefer,Simulated annealing,Annealing (T=13.714926),1,4638,546272fd-1817-4d29-a66b-93dc696e41f8,q,69.31363632828945,0.06657190763051687
fisheries,schaefer,Simulated annealing,Annealing (T=13.714926),1,4638,546272fd-1817-4d29-a66b-93dc696e41f8,r,69.31363632828945,2.565631516764221
fisheries,schaefer,Simulated annealing,Annealing (T=13.714926),1,4638,546272fd-1817-4d29-a66b-93dc696e41f8,sigma_v,69.31363632828945,15.445050970373483
fisheries,schaefer,Simulated annealing,Annealing (T=13.714926),1,4838,546272fd-1817-4d29-a66b-93dc696e41f8,K,79.27533363982933,55678.147276537464
fisheries,schaefer,Simulated annealing,Annealing (T=13.714926),1,4838,546272fd-1817-4d29-a66b-93dc696e41f8,q,79.27533363982933,0.07415472773569848
fisheries,schaefer,Simulated annealing,Annealing (T=13.714926),1,4838,546272fd-1817-4d29-a66b-93dc696e41f8,r,79.27533363982933,2.9691611333248717
fisheries,schaefer,Simulated annealing,Annealing (T=13.714926),1,4838,546272fd-1817-4d29-a66b-93dc696e41f8,sigma_v,79.27533363982933,27.654710103166487
fisheries,schaefer,Simulated annealing,Annealing (T=10.286194),1,37,546272fd-1817-4d29-a66b-93dc696e41f8,K,-2.7468177631714914,2910.493607069768
fisheries,schaefer,Simulated annealing,Annealing (T=10.286194),1,37,546272fd-1817-4d29-a66b-93dc696e41f8,q,-2.7468177631714914,0.0004713309385809164
fisheries,schaefer,Simulated annealing,Annealing (T=10.286194),1,37,546272fd-1817-4d29-a66b-93dc696e41f8,r,-2.7468177631714914,0.3915248556760534
fisheries,schaefer,Simulated annealing,Annealing (T=10.286194),1,37,546272fd-1817-4d29-a66b-93dc696e41f8,sigma_v,-2.7468177631714914,0.40381951160418034
fisheries,schaefer,Simulated annealing,Annealing (T=10.286194),1,237,546272fd-1817-4d29-a66b-93dc696e41f8,K,19.4130084441939,3103.0824898972364
fisheries,schaefer,Simulated annealing,Annealing (T=10.286194),1,237,546272fd-1817-4d29-a66b-93dc696e41f8,q,19.4130084441939,8.815025364897235E-05
fisheries,schaefer,Simulated annealing,Annealing (T=10.286194),1,237,546272fd-1817-4d29-a66b-93dc696e41f8,r,19.4130084441939,0.8183793423619521
fisheries,schaefer,Simulated annealing,Annealing (T=10.286194),1,237,546272fd-1817-4d29-a66b-93dc696e41f8,sigma_v,19.4130084441939,1.2239864013408146
fisheries,schaefer,Simulated annealing,Annealing (T=10.286194),1,437,546272fd-1817-4d29-a66b-93dc696e41f8,K,7.692820442320228,3068.2100251952215
fisheries,schaefer,Simulated annealing,Annealing (T=10.286194),1,437,546272fd-1817-4d29-a66b-93dc696e41f8,q,7.692820442320228,0.00033062594457424486
fisheries,schaefer,Simulated annealing,Annealing (T=10.286194),1,437,546272fd-1817-4d29-a66b-93dc696e41f8,r,7.692820442320228,2.8308932557926023
fisheries,schaefer,Simulated annealing,Annealing (T=10.286194),1,437,546272fd-1817-4d29-a66b-93dc696e41f8,sigma_v,7.692820442320228,0.7047528318505399
fisheries,schaefer,Simulated annealing,Annealing (T=10.286194),1,637,546272fd-1817-4d29-a66b-93dc696e41f8,K,12.761335512974611,3381.7713540803993
fisheries,schaefer,Simulated annealing,Annealing (T=10.286194),1,637,546272fd-1817-4d29-a66b-93dc696e41f8,q,12.761335512974611,0.0003819596073763418
fisheries,schaefer,Simulated annealing,Annealing (T=10.286194),1,637,546272fd-1817-4d29-a66b-93dc696e41f8,r,12.761335512974611,2.918596889545147
fisheries,schaefer,Simulated annealing,Annealing (T=10.286194),1,637,546272fd-1817-4d29-a66b-93dc696e41f8,sigma_v,12.761335512974611,0.68825944447035
fisheries,schaefer,Simulated annealing,Annealing (T=10.286194),1,837,546272fd-1817-4d29-a66b-93dc696e41f8,K,12.122987160480761,6081.212899823145
fisheries,schaefer,Simulated annealing,Annealing (T=10.286194),1,837,546272fd-1817-4d29-a66b-93dc696e41f8,q,12.122987160480761,0.00016450337945238657
fisheries,schaefer,Simulated annealing,Annealing (T=10.286194),1,837,546272fd-1817-4d29-a66b-93dc696e41f8,r,12.122987160480761,2.5611571725806144
fisheries,schaefer,Simulated annealing,Annealing (T=10.286194),1,837,546272fd-1817-4d29-a66b-93dc696e41f8,sigma_v,12.122987160480761,1.0384627237228832
fisheries,schaefer,Simulated annealing,Annealing (T=10.286194),1,1037,546272fd-1817-4d29-a66b-93dc696e41f8,K,16.3291829759407,8410.491010352416
fisheries,schaefer,Simulated annealing,Annealing (T=10.286194),1,1037,546272fd-1817-4d29-a66b-93dc696e41f8,q,16.3291829759407,5.102915388094768E-05
fisheries,schaefer,Simulated annealing,Annealing (T=10.286194),1,1037,546272fd-1817-4d29-a66b-93dc696e41f8,r,16.3291829759407,2.6404900886913465
fisheries,schaefer,Simulated annealing,Annealing (T=10.286194),1,1037,546272fd-1817-4d29-a66b-93dc696e41f8,sigma_v,16.3291829759407,1.2825333144886752
fisheries,schaefer,Simulated annealing,Annealing (T=10.286194),1,1237,546272fd-1817-4d29-a66b-93dc696e41f8,K,17.700474228497825,11382.829361556793
fisheries,schaefer,Simulated annealing,Annealing (T=10.286194),1,1237,546272fd-1817-4d29-a66b-93dc696e41f8,q,17.700474228497825,2.758138630942132E-05
fisheries,schaefer,Simulated annealing,Annealing (T=10.286194),1,1237,546272fd-1817-4d29-a66b-93dc696e41f8,r,17.700474228497825,2.7245633690241204
fisheries,schaefer,Simulated annealing,Annealing (T=10.286194),1,1237,546272fd-1817-4d29-a66b-93dc696e41f8,sigma_v,17.700474228497825,1.1623637941287772
fisheries,schaefer,Simulated annealing,Annealing (T=10.286194),1,1437,546272fd-1817-4d29-a66b-93dc696e41f8,K,20.412910495269244,12296.312719151323
fisheries,schaefer,Simulated annealing,Annealing (T=10.286194),1,1437,546272fd-1817-4d29-a66b-93dc696e41f8,q,20.412910495269244,0.00013555960357826576
fisheries,schaefer,Simulated annealing,Annealing (T=10.286194),1,1437,546272fd-1817-4d29-a66b-93dc696e41f8,r,20.412910495269244,2.842667212065273
fisheries,schaefer,Simulated annealing,Annealing (T=10.286194),1,1437,546272fd-1817-4d29-a66b-93dc696e41f8,sigma_v,20.412910495269244,0.7444435919284161
fisheries,schaefer,Simulated annealing,Annealing (T=10.286194),1,1637,546272fd-1817-4d29-a66b-93dc696e41f8,K,5.289721455781344,13886.13913156439
fisheries,schaefer,Simulated annealing,Annealing (T=10.286194),1,1637,546272fd-1817-4d29-a66b-93dc696e41f8,q,5.289721455781344,3.4706878998937516E-05
fisheries,schaefer,Simulated annealing,Annealing (T=10.286194),1,1637,546272fd-1817-4d29-a66b-93dc696e41f8,r,5.289721455781344,2.7144085207388065
fisheries,schaefer,Simulated annealing,Annealing (T=10.286194),1,1637,546272fd-1817-4d29-a66b-93dc696e41f8,sigma_v,5.289721455781344,0.6425813840568869
fisheries,schaefer,Simulated annealing,Annealing (T=10.286194),1,1837,546272fd-1817-4d29-a66b-93dc696e41f8,K,44.409332206317586,17079.591373994925
fisheries,schaefer,Simulated annealing,Annealing (T=10.286194),1,1837,546272fd-1817-4d29-a66b-93dc696e41f8,q,44.409332206317586,0.0008356844700410708
fisheries,schaefer,Simulated annealing,Annealing (T=10.286194),1,1837,546272fd-1817-4d29-a66b-93dc696e41f8,r,44.409332206317586,1.1975259130957379
fisheries,schaefer,Simulated annealing,Annealing (T=10.286194),1,1837,546272fd-1817-4d29-a66b-93dc696e41f8,sigma_v,44.409332206317586,4.073834504184792
fisheries,schaefer,Simulated annealing,Annealing (T=10.286194),1,2037,546272fd-1817-4d29-a66b-93dc696e41f8,K,86.52166423510003,17359.228570313593
fisheries,schaefer,Simulated annealing,Annealing (T=10.286194),1,2037,546272fd-1817-4d29-a66b-93dc696e41f8,q,86.52166423510003,0.03836995004430803
fisheries,schaefer,Simulated annealing,Annealing (T=10.286194),1,2037,546272fd-1817-4d29-a66b-93dc696e41f8,r,86.52166423510003,1.364513254572271
fisheries,schaefer,Simulated annealing,Annealing (T=10.286194),1,2037,546272fd-1817-4d29-a66b-93dc696e41f8,sigma_v,86.52166423510003,3.0799378652386014
fisheries,schaefer,Simulated annealing,Annealing (T=10.286194),1,2237,546272fd-1817-4d29-a66b-93dc696e41f8,K,59.799801878118416,18018.82166010879
fisheries,schaefer,Simulated annealing,Annealing (T=10.286194),1,2237,546272fd-1817-4d29-a66b-93dc696e41f8,q,59.799801878118416,0.035088497030662746
fisheries,schaefer,Simulated annealing,Annealing (T=10.286194),1,2237,546272fd-1817-4d29-a66b-93dc696e41f8,r,59.799801878118416,1.8128235483336246
fisheries,schaefer,Simulated annealing,Annealing (T=10.286194),1,2237,546272fd-1817-4d29-a66b-93dc696e41f8,sigma_v,59.799801878118416,7.01157125125896
fisheries,schaefer,Simulated annealing,Annealing (T=10.286194),1,2437,546272fd-1817-4d29-a66b-93dc696e41f8,K,61.47891457572505,16801.529256160335
fisheries,schaefer,Simulated annealing,Annealing (T=10.286194),1,2437,546272fd-1817-4d29-a66b-93dc696e41f8,q,61.47891457572505,0.04661342846514765
fisheries,schaefer,Simulated annealing,Annealing (T=10.286194),1,2437,546272fd-1817-4d29-a66b-93dc696e41f8,r,61.47891457572505,1.3684816770183414
fisheries,schaefer,Simulated annealing,Annealing (T=10.286194),1,2437,546272fd-1817-4d29-a66b-93dc696e41f8,sigma_v,61.47891457572505,5.818249707270913
fisheries,schaefer,Simulated annealing,Annealing (T=10.286194),1,2637,546272fd-1817-4d29-a66b-93dc696e41f8,K,66.33967304796198,65828.9186148332
fisheries,schaefer,Simulated annealing,Annealing (T=10.286194),1,2637,546272fd-1817-4d29-a66b-93dc696e41f8,q,66.33967304796198,0.04984398209461498
fisheries,schaefer,Simulated annealing,Annealing (T=10.286194),1,2637,546272fd-1817-4d29-a66b-93dc696e41f8,r,66.33967304796198,1.7342495859182077
fisheries,schaefer,Simulated annealing,Annealing (T=10.286194),1,2637,546272fd-1817-4d29-a66b-93dc696e41f8,sigma_v,66.33967304796198,12.22170744562681
fisheries,schaefer,Simulated annealing,Annealing (T=10.286194),1,2837,546272fd-1817-4d29-a66b-93dc696e41f8,K,72.04054085310003,64398.36466967857
fisheries,schaefer,Simulated annealing,Annealing (T=10.286194),1,2837,546272fd-1817-4d29-a66b-93dc696e41f8,q,72.04054085310003,0.05860066124968985
fisheries,schaefer,Simulated annealing,Annealing (T=10.286194),1,2837,546272fd-1817-4d29-a66b-93dc696e41f8,r,72.04054085310003,1.6386526432891861
fisheries,schaefer,Simulated annealing,Annealing (T=10.286194),1,2837,546272fd-1817-4d29-a66b-93dc696e41f8,sigma_v,72.04054085310003,18.33826906325612
fisheries,schaefer,Simulated annealing,Annealing (T=10.286194),1,3037,546272fd-1817-4d29-a66b-93dc696e41f8,K,82.50881939380625,64009.02812826838
fisheries,schaefer,Simulated annealing,Annealing (T=10.286194),1,3037,546272fd-1817-4d29-a66b-93dc696e41f8,q,82.50881939380625,0.06187120185426125
fisheries,schaefer,Simulated annealing,Annealing (T=10.286194),1,3037,546272fd-1817-4d29-a66b-93dc696e41f8,r,82.50881939380625,0.10661924465126686
fisheries,schaefer,Simulated annealing,Annealing (T=10.286194),1,3037,546272fd-1817-4d29-a66b-93dc696e41f8,sigma_v,82.50881939380625,32.6279601012138
fisheries,schaefer,Simulated annealing,Annealing (T=10.286194),1,3237,546272fd-1817-4d29-a66b-93dc696e41f8,K,82.07049277021846,62749.12979980889
fisheries,schaefer,Simulated annealing,Annealing (T=10.286194),1,3237,546272fd-1817-4d29-a66b-93dc696e41f8,q,82.07049277021846,0.055801844766789704
fisheries,schaefer,Simulated annealing,Annealing (T=10.286194),1,3237,546272fd-1817-4d29-a66b-93dc696e41f8,r,82.07049277021846,0.047432882722481605
fisheries,schaefer,Simulated annealing,Annealing (T=10.286194),1,3237,546272fd-1817-4d29-a66b-93dc696e41f8,sigma_v,82.07049277021846,31.941086902063255
fisheries,schaefer,Simulated annealing,Annealing (T=10.286194),1,3437,546272fd-1817-4d29-a66b-93dc696e41f8,K,70.50645960214929,62071.17182130798
fisheries,schaefer,Simulated annealing,Annealing (T=10.286194),1,3437,546272fd-1817-4d29-a66b-93dc696e41f8,q,70.50645960214929,0.060960581983712916
fisheries,schaefer,Simulated annealing,Annealing (T=10.286194),1,3437,546272fd-1817-4d29-a66b-93dc696e41f8,r,70.50645960214929,0.22090176966332375
fisheries,schaefer,Simulated annealing,Annealing (T=10.286194),1,3437,546272fd-1817-4d29-a66b-93dc696e41f8,sigma_v,70.50645960214929,16.64323626507007
fisheries,schaefer,Simulated annealing,Annealing (T=10.286194),1,3637,546272fd-1817-4d29-a66b-93dc696e41f8,K,69.77153982007772,63933.904969946256
fisheries,schaefer,Simulated annealing,Annealing (T=10.286194),1,3637,546272fd-1817-4d29-a66b-93dc696e41f8,q,69.77153982007772,0.048414475383592906
fisheries,schaefer,Simulated annealing,Annealing (T=10.286194),1,3637,546272fd-1817-4d29-a66b-93dc696e41f8,r,69.77153982007772,0.18111359246071293
fisheries,schaefer,Simulated annealing,Annealing (T=10.286194),1,3637,546272fd-1817-4d29-a66b-93dc696e41f8,sigma_v,69.77153982007772,15.999551759377113
fisheries,schaefer,Simulated annealing,Annealing (T=10.286194),1,3837,546272fd-1817-4d29-a66b-93dc696e41f8,K,68.79278115397037,64201.00139914712
fisheries,schaefer,Simulated annealing,Annealing (T=10.286194),1,3837,546272fd-1817-4d29-a66b-93dc696e41f8,q,68.79278115397037,0.049604831377365474
fisheries,schaefer,Simulated annealing,Annealing (T=10.286194),1,3837,546272fd-1817-4d29-a66b-93dc696e41f8,r,68.79278115397037,0.027325350611230516
fisheries,schaefer,Simulated annealing,Annealing (T=10.286194),1,3837,546272fd-1817-4d29-a66b-93dc696e41f8,sigma_v,68.79278115397037,5.667069977123406
fisheries,schaefer,Simulated annealing,Annealing (T=10.286194),1,4037,546272fd-1817-4d29-a66b-93dc696e41f8,K,63.52934552850357,46366.00486456121
fisheries,schaefer,Simulated annealing,Annealing (T=10.286194),1,4037,546272fd-1817-4d29-a66b-93dc696e41f8,q,63.52934552850357,0.045455574267790476
fisheries,schaefer,Simulated annealing,Annealing (T=10.286194),1,4037,546272fd-1817-4d29-a66b-93dc696e41f8,r,63.52934552850357,0.5735080418958474
fisheries,schaefer,Simulated annealing,Annealing (T=10.286194),1,4037,546272fd-1817-4d29-a66b-93dc696e41f8,sigma_v,63.52934552850357,7.16600621705679
fisheries,schaefer,Simulated annealing,Annealing (T=10.286194),1,4237,546272fd-1817-4d29-a66b-93dc696e41f8,K,63.68490797105801,55652.05344068026
fisheries,schaefer,Simulated annealing,Annealing (T=10.286194),1,4237,546272fd-1817-4d29-a66b-93dc696e41f8,q,63.68490797105801,0.044457948728837494
fisheries,schaefer,Simulated annealing,Annealing (T=10.286194),1,4237,546272fd-1817-4d29-a66b-93dc696e41f8,r,63.68490797105801,0.6556551797183874
fisheries,schaefer,Simulated annealing,Annealing (T=10.286194),1,4237,546272fd-1817-4d29-a66b-93dc696e41f8,sigma_v,63.68490797105801,9.011119182017802
fisheries,schaefer,Simulated annealing,Annealing (T=10.286194),1,4437,546272fd-1817-4d29-a66b-93dc696e41f8,K,87.84074208220711,56931.0219809039
fisheries,schaefer,Simulated annealing,Annealing (T=10.286194),1,4437,546272fd-1817-4d29-a66b-93dc696e41f8,q,87.84074208220711,0.06785491358412454
fisheries,schaefer,Simulated annealing,Annealing (T=10.286194),1,4437,546272fd-1817-4d29-a66b-93dc696e41f8,r,87.84074208220711,0.9404281676621761
fisheries,schaefer,Simulated annealing,Annealing (T=10.286194),1,4437,546272fd-1817-4d29-a66b-93dc696e41f8,sigma_v,87.84074208220711,42.69545021719393
fisheries,schaefer,Simulated annealing,Annealing (T=10.286194),1,4637,546272fd-1817-4d29-a66b-93dc696e41f8,K,91.40333141447145,62215.38276533728
fisheries,schaefer,Simulated annealing,Annealing (T=10.286194),1,4637,546272fd-1817-4d29-a66b-93dc696e41f8,q,91.40333141447145,0.07523893117644845
fisheries,schaefer,Simulated annealing,Annealing (T=10.286194),1,4637,546272fd-1817-4d29-a66b-93dc696e41f8,r,91.40333141447145,1.0154552955797993
fisheries,schaefer,Simulated annealing,Annealing (T=10.286194),1,4637,546272fd-1817-4d29-a66b-93dc696e41f8,sigma_v,91.40333141447145,50.87213482806378
fisheries,schaefer,Simulated annealing,Annealing (T=10.286194),1,4837,546272fd-1817-4d29-a66b-93dc696e41f8,K,92.33576223170815,62366.307426950196
fisheries,schaefer,Simulated annealing,Annealing (T=10.286194),1,4837,546272fd-1817-4d29-a66b-93dc696e41f8,q,92.33576223170815,0.07393108939358817
fisheries,schaefer,Simulated annealing,Annealing (T=10.286194),1,4837,546272fd-1817-4d29-a66b-93dc696e41f8,r,92.33576223170815,1.4360925820087356
fisheries,schaefer,Simulated annealing,Annealing (T=10.286194),1,4837,546272fd-1817-4d29-a66b-93dc696e41f8,sigma_v,92.33576223170815,53.25644318236311
fisheries,schaefer,Simulated annealing,Annealing (T=8.228956),1,36,546272fd-1817-4d29-a66b-93dc696e41f8,K,-2.0122162919237176,2849.03831048977
fisheries,schaefer,Simulated annealing,Annealing (T=8.228956),1,36,546272fd-1817-4d29-a66b-93dc696e41f8,q,-2.0122162919237176,0.0002570833287990011
fisheries,schaefer,Simulated annealing,Annealing (T=8.228956),1,36,546272fd-1817-4d29-a66b-93dc696e41f8,r,-2.0122162919237176,0.4351831198466119
fisheries,schaefer,Simulated annealing,Annealing (T=8.228956),1,36,546272fd-1817-4d29-a66b-93dc696e41f8,sigma_v,-2.0122162919237176,0.4955098402544195
fisheries,schaefer,Simulated annealing,Annealing (T=8.228956),1,236,546272fd-1817-4d29-a66b-93dc696e41f8,K,9.59398120505372,3111.4914865026212
fisheries,schaefer,Simulated annealing,Annealing (T=8.228956),1,236,546272fd-1817-4d29-a66b-93dc696e41f8,q,9.59398120505372,0.00015041511445965612
fisheries,schaefer,Simulated annealing,Annealing (T=8.228956),1,236,546272fd-1817-4d29-a66b-93dc696e41f8,r,9.59398120505372,0.45710354231372796
fisheries,schaefer,Simulated annealing,Annealing (T=8.228956),1,236,546272fd-1817-4d29-a66b-93dc696e41f8,sigma_v,9.59398120505372,0.7391796167221171
fisheries,schaefer,Simulated annealing,Annealing (T=8.228956),1,436,546272fd-1817-4d29-a66b-93dc696e41f8,K,10.825926836677978,2315.805579683935
fisheries,schaefer,Simulated annealing,Annealing (T=8.228956),1,436,546272fd-1817-4d29-a66b-93dc696e41f8,q,10.825926836677978,0.00030103390419263226
fisheries,schaefer,Simulated annealing,Annealing (T=8.228956),1,436,546272fd-1817-4d29-a66b-93dc696e41f8,r,10.825926836677978,0.8089375579087458
fisheries,schaefer,Simulated annealing,Annealing (T=8.228956),1,436,546272fd-1817-4d29-a66b-93dc696e41f8,sigma_v,10.825926836677978,1.0679527722303181
fisheries,schaefer,Simulated annealing,Annealing (T=8.228956),1,636,546272fd-1817-4d29-a66b-93dc696e41f8,K,19.4566118049109,2484.5709881555836
fisheries,schaefer,Simulated annealing,Annealing (T=8.228956),1,636,546272fd-1817-4d29-a66b-93dc696e41f8,q,19.4566118049109,0.0004860608060674273
fisheries,schaefer,Simulated annealing,Annealing (T=8.228956),1,636,546272fd-1817-4d29-a66b-93dc696e41f8,r,19.4566118049109,0.6266098600676305
fisheries,schaefer,Simulated annealing,Annealing (T=8.228956),1,636,546272fd-1817-4d29-a66b-93dc696e41f8,sigma_v,19.4566118049109,1.602156855066009
fisheries,schaefer,Simulated annealing,Annealing (T=8.228956),1,836,546272fd-1817-4d29-a66b-93dc696e41f8,K,-14.656024542966769,2099.08945335988
fisheries,schaefer,Simulated annealing,Annealing (T=8.228956),1,836,546272fd-1817-4d29-a66b-93dc696e41f8,q,-14.656024542966769,0.000708022620281279
fisheries,schaefer,Simulated annealing,Annealing (T=8.228956),1,836,546272fd-1817-4d29-a66b-93dc696e41f8,r,-14.656024542966769,0.5454337479865882
fisheries,schaefer,Simulated annealing,Annealing (T=8.228956),1,836,546272fd-1817-4d29-a66b-93dc696e41f8,sigma_v,-14.656024542966769,0.25595308213799356
fisheries,schaefer,Simulated annealing,Annealing (T=8.228956),1,1036,546272fd-1817-4d29-a66b-93dc696e41f8,K,6.3765322297358535,1791.1902473062332
fisheries,schaefer,Simulated annealing,Annealing (T=8.228956),1,1036,546272fd-1817-4d29-a66b-93dc696e41f8,q,6.3765322297358535,0.00042114420952301117
fisheries,schaefer,Simulated annealing,Annealing (T=8.228956),1,1036,546272fd-1817-4d29-a66b-93dc696e41f8,r,6.3765322297358535,1.0569699337255598
fisheries,schaefer,Simulated annealing,Annealing (T=8.228956),1,1036,546272fd-1817-4d29-a66b-93dc696e41f8,sigma_v,6.3765322297358535,0.8379808884139487
fisheries,schaefer,Simulated annealing,Annealing (T=8.228956),1,1236,546272fd-1817-4d29-a66b-93dc696e41f8,K,19.617940243092086,2123.3639367018964
fisheries,schaefer,Simulated annealing,Annealing (T=8.228956),1,1236,546272fd-1817-4d29-a66b-93dc696e41f8,q,19.617940243092086,0.0008218305231557231
fisheries,schaefer,Simulated annealing,Annealing (T=8.228956),1,1236,546272fd-1817-4d29-a66b-93dc696e41f8,r,19.617940243092086,1.0280496001687442
fisheries,schaefer,Simulated annealing,Annealing (T=8.228956),1,1236,546272fd-1817-4d29-a66b-93dc696e41f8,sigma_v,19.617940243092086,0.7278852972668014
fisheries,schaefer,Simulated annealing,Annealing (T=8.228956),1,1436,546272fd-1817-4d29-a66b-93dc696e41f8,K,4.3890419438081505,1538.543040115351
fisheries,schaefer,Simulated annealing,Annealing (T=8.228956),1,1436,546272fd-1817-4d29-a66b-93dc696e41f8,q,4.3890419438081505,0.000590795109260527
fisheries,schaefer,Simulated annealing,Annealing (T=8.228956),1,1436,546272fd-1817-4d29-a66b-93dc696e41f8,r,4.3890419438081505,1.3572933204535675
fisheries,schaefer,Simulated annealing,Annealing (T=8.228956),1,1436,546272fd-1817-4d29-a66b-93dc696e41f8,sigma_v,4.3890419438081505,0.2624372085353894
fisheries,schaefer,Simulated annealing,Annealing (T=8.228956),1,1636,546272fd-1817-4d29-a66b-93dc696e41f8,K,10.73230897025214,1446.5920530376397
fisheries,schaefer,Simulated annealing,Annealing (T=8.228956),1,1636,546272fd-1817-4d29-a66b-93dc696e41f8,q,10.73230897025214,0.000336481860952705
fisheries,schaefer,Simulated annealing,Annealing (T=8.228956),1,1636,546272fd-1817-4d29-a66b-93dc696e41f8,r,10.73230897025214,1.1048617723036818
fisheries,schaefer,Simulated annealing,Annealing (T=8.228956),1,1636,546272fd-1817-4d29-a66b-93dc696e41f8,sigma_v,10.73230897025214,0.8463014864162728
fisheries,schaefer,Simulated annealing,Annealing (T=8.228956),1,1836,546272fd-1817-4d29-a66b-93dc696e41f8,K,24.46710897553718,1352.8641247374212
fisheries,schaefer,Simulated annealing,Annealing (T=8.228956),1,1836,546272fd-1817-4d29-a66b-93dc696e41f8,q,24.46710897553718,0.0011890600486361385
fisheries,schaefer,Simulated annealing,Annealing (T=8.228956),1,1836,546272fd-1817-4d29-a66b-93dc696e41f8,r,24.46710897553718,1.8142493488924831
fisheries,schaefer,Simulated annealing,Annealing (T=8.228956),1,1836,546272fd-1817-4d29-a66b-93dc696e41f8,sigma_v,24.46710897553718,1.9109681099244777
fisheries,schaefer,Simulated annealing,Annealing (T=8.228956),1,2036,546272fd-1817-4d29-a66b-93dc696e41f8,K,7.523033581853878,1759.5217648330874
fisheries,schaefer,Simulated annealing,Annealing (T=8.228956),1,2036,546272fd-1817-4d29-a66b-93dc696e41f8,q,7.523033581853878,0.0005325528825015975
fisheries,schaefer,Simulated annealing,Annealing (T=8.228956),1,2036,546272fd-1817-4d29-a66b-93dc696e41f8,r,7.523033581853878,2.7105663917926206
fisheries,schaefer,Simulated annealing,Annealing (T=8.228956),1,2036,546272fd-1817-4d29-a66b-93dc696e41f8,sigma_v,7.523033581853878,0.7875345263931174
fisheries,schaefer,Simulated annealing,Annealing (T=8.228956),1,2236,546272fd-1817-4d29-a66b-93dc696e41f8,K,6.489037729423036,1701.1635390892454
fisheries,schaefer,Simulated annealing,Annealing (T=8.228956),1,2236,546272fd-1817-4d29-a66b-93dc696e41f8,q,6.489037729423036,0.000615055517251385
fisheries,schaefer,Simulated annealing,Annealing (T=8.228956),1,2236,546272fd-1817-4d29-a66b-93dc696e41f8,r,6.489037729423036,1.945507912803472
fisheries,schaefer,Simulated annealing,Annealing (T=8.228956),1,2236,546272fd-1817-4d29-a66b-93dc696e41f8,sigma_v,6.489037729423036,0.5419042418213623
fisheries,schaefer,Simulated annealing,Annealing (T=8.228956),1,2436,546272fd-1817-4d29-a66b-93dc696e41f8,K,11.225735873036033,1899.4003210286216
fisheries,schaefer,Simulated annealing,Annealing (T=8.228956),1,2436,546272fd-1817-4d29-a66b-93dc696e41f8,q,11.225735873036033,0.0002310712854152656
fisheries,schaefer,Simulated annealing,Annealing (T=8.228956),1,2436,546272fd-1817-4d29-a66b-93dc696e41f8,r,11.225735873036033,1.7398179242022649
fisheries,schaefer,Simulated annealing,Annealing (T=8.228956),1,2436,546272fd-1817-4d29-a66b-93dc696e41f8,sigma_v,11.225735873036033,0.9914740823126353
fisheries,schaefer,Simulated annealing,Annealing (T=8.228956),1,2636,546272fd-1817-4d29-a66b-93dc696e41f8,K,3.5625520095438996,3041.251442002069
fisheries,schaefer,Simulated annealing,Annealing (T=8.228956),1,2636,546272fd-1817-4d29-a66b-93dc696e41f8,q,3.5625520095438996,0.0001860412782720879
fisheries,schaefer,Simulated annealing,Annealing (T=8.228956),1,2636,546272fd-1817-4d29-a66b-93dc696e41f8,r,3.5625520095438996,1.5600568854375059
fisheries,schaefer,Simulated annealing,Annealing (T=8.228956),1,2636,546272fd-1817-4d29-a66b-93dc696e41f8,sigma_v,3.5625520095438996,0.7122196610100084
fisheries,schaefer,Simulated annealing,Annealing (T=8.228956),1,2836,546272fd-1817-4d29-a66b-93dc696e41f8,K,-3.500827459388292,2091.2694323546366
fisheries,schaefer,Simulated annealing,Annealing (T=8.228956),1,2836,546272fd-1817-4d29-a66b-93dc696e41f8,q,-3.500827459388292,0.0002912572439816363
fisheries,schaefer,Simulated annealing,Annealing (T=8.228956),1,2836,546272fd-1817-4d29-a66b-93dc696e41f8,r,-3.500827459388292,1.5361499580140023
fisheries,schaefer,Simulated annealing,Annealing (T=8.228956),1,2836,546272fd-1817-4d29-a66b-93dc696e41f8,sigma_v,-3.500827459388292,0.24965055275164988
fisheries,schaefer,Simulated annealing,Annealing (T=8.228956),1,3036,546272fd-1817-4d29-a66b-93dc696e41f8,K,46.85782547380004,2319.0697467265722
fisheries,schaefer,Simulated annealing,Annealing (T=8.228956),1,3036,546272fd-1817-4d29-a66b-93dc696e41f8,q,46.85782547380004,0.001427880559814969
fisheries,schaefer,Simulated annealing,Annealing (T=8.228956),1,3036,546272fd-1817-4d29-a66b-93dc696e41f8,r,46.85782547380004,1.9767779069817943
fisheries,schaefer,Simulated annealing,Annealing (T=8.228956),1,3036,546272fd-1817-4d29-a66b-93dc696e41f8,sigma_v,46.85782547380004,5.956890397691173
fisheries,schaefer,Simulated annealing,Annealing (T=8.228956),1,3236,546272fd-1817-4d29-a66b-93dc696e41f8,K,36.27786980581634,2721.7272592640734
fisheries,schaefer,Simulated annealing,Annealing (T=8.228956),1,3236,546272fd-1817-4d29-a66b-93dc696e41f8,q,36.27786980581634,0.0015562606856301083
fisheries,schaefer,Simulated annealing,Annealing (T=8.228956),1,3236,546272fd-1817-4d29-a66b-93dc696e41f8,r,36.27786980581634,1.7925456432618183
fisheries,schaefer,Simulated annealing,Annealing (T=8.228956),1,3236,546272fd-1817-4d29-a66b-93dc696e41f8,sigma_v,36.27786980581634,3.0897776356398228
fisheries,schaefer,Simulated annealing,Annealing (T=8.228956),1,3436,546272fd-1817-4d29-a66b-93dc696e41f8,K,24.99573685071611,1440.530580180331
fisheries,schaefer,Simulated annealing,Annealing (T=8.228956),1,3436,546272fd-1817-4d29-a66b-93dc696e41f8,q,24.99573685071611,0.0005746307855966094
fisheries,schaefer,Simulated annealing,Annealing (T=8.228956),1,3436,546272fd-1817-4d29-a66b-93dc696e41f8,r,24.99573685071611,2.618900421347901
fisheries,schaefer,Simulated annealing,Annealing (T=8.228956),1,3436,546272fd-1817-4d29-a66b-93dc696e41f8,sigma_v,24.99573685071611,2.1472451418892367
fisheries,schaefer,Simulated annealing,Annealing (T=8.228956),1,3636,546272fd-1817-4d29-a66b-93dc696e41f8,K,35.33155272462776,2032.2151652656116
fisheries,schaefer,Simulated annealing,Annealing (T=8.228956),1,3636,546272fd-1817-4d29-a66b-93dc696e41f8,q,35.33155272462776,0.0011533480617395859
fisheries,schaefer,Simulated annealing,Annealing (T=8.228956),1,3636,546272fd-1817-4d29-a66b-93dc696e41f8,r,35.33155272462776,1.7891900208306595
fisheries,schaefer,Simulated annealing,Annealing (T=8.228956),1,3636,546272fd-1817-4d29-a66b-93dc696e41f8,sigma_v,35.33155272462776,3.309059220066356
fisheries,schaefer,Simulated annealing,Annealing (T=8.228956),1,3836,546272fd-1817-4d29-a66b-93dc696e41f8,K,35.60952241468581,2280.5419610767335
fisheries,schaefer,Simulated annealing,Annealing (T=8.228956),1,3836,546272fd-1817-4d29-a66b-93dc696e41f8,q,35.60952241468581,0.0023515171266011233
fisheries,schaefer,Simulated annealing,Annealing (T=8.228956),1,3836,546272fd-1817-4d29-a66b-93dc696e41f8,r,35.60952241468581,1.9296907765003737
fisheries,schaefer,Simulated annealing,Annealing (T=8.228956),1,3836,546272fd-1817-4d29-a66b-93dc696e41f8,sigma_v,35.60952241468581,1.8250636901317943
fisheries,schaefer,Simulated annealing,Annealing (T=8.228956),1,4036,546272fd-1817-4d29-a66b-93dc696e41f8,K,22.786338760193896,4000.2532668787944
fisheries,schaefer,Simulated annealing,Annealing (T=8.228956),1,4036,546272fd-1817-4d29-a66b-93dc696e41f8,q,22.786338760193896,0.0001934832500983438
fisheries,schaefer,Simulated annealing,Annealing (T=8.228956),1,4036,546272fd-1817-4d29-a66b-93dc696e41f8,r,22.786338760193896,1.9309414297854328
fisheries,schaefer,Simulated annealing,Annealing (T=8.228956),1,4036,546272fd-1817-4d29-a66b-93dc696e41f8,sigma_v,22.786338760193896,1.9345539091277906
fisheries,schaefer,Simulated annealing,Annealing (T=8.228956),1,4236,546272fd-1817-4d29-a66b-93dc696e41f8,K,17.83841344937952,5107.3986579619
fisheries,schaefer,Simulated annealing,Annealing (T=8.228956),1,4236,546272fd-1817-4d29-a66b-93dc696e41f8,q,17.83841344937952,0.00011278787076905296
fisheries,schaefer,Simulated annealing,Annealing (T=8.228956),1,4236,546272fd-1817-4d29-a66b-93dc696e41f8,r,17.83841344937952,2.116291930978656
fisheries,schaefer,Simulated annealing,Annealing (T=8.228956),1,4236,546272fd-1817-4d29-a66b-93dc696e41f8,sigma_v,17.83841344937952,1.525127855950125
fisheries,schaefer,Simulated annealing,Annealing (T=8.228956),1,4436,546272fd-1817-4d29-a66b-93dc696e41f8,K,18.474878661593934,3784.8247569202936
fisheries,schaefer,Simulated annealing,Annealing (T=8.228956),1,4436,546272fd-1817-4d29-a66b-93dc696e41f8,q,18.474878661593934,0.0002008671327000743
fisheries,schaefer,Simulated annealing,Annealing (T=8.228956),1,4436,546272fd-1817-4d29-a66b-93dc696e41f8,r,18.474878661593934,2.564328401305148
fisheries,schaefer,Simulated annealing,Annealing (T=8.228956),1,4436,546272fd-1817-4d29-a66b-93dc696e41f8,sigma_v,18.474878661593934,1.552196029287692
fisheries,schaefer,Simulated annealing,Annealing (T=8.228956),1,4636,546272fd-1817-4d29-a66b-93dc696e41f8,K,39.22330528179623,4726.473463076023
fisheries,schaefer,Simulated annealing,Annealing (T=8.228956),1,4636,546272fd-1817-4d29-a66b-93dc696e41f8,q,39.22330528179623,0.0015665247871961957
fisheries,schaefer,Simulated annealing,Annealing (T=8.228956),1,4636,546272fd-1817-4d29-a66b-93dc696e41f8,r,39.22330528179623,2.318172713200378
fisheries,schaefer,Simulated annealing,Annealing (T=8.228956),1,4636,546272fd-1817-4d29-a66b-93dc696e41f8,sigma_v,39.22330528179623,1.9595879090290493
fisheries,schaefer,Simulated annealing,Annealing (T=8.228956),1,4836,546272fd-1817-4d29-a66b-93dc696e41f8,K,47.56332761439884,3899.728128040746
fisheries,schaefer,Simulated annealing,Annealing (T=8.228956),1,4836,546272fd-1817-4d29-a66b-93dc696e41f8,q,47.56332761439884,0.0012424606504645068
fisheries,schaefer,Simulated annealing,Annealing (T=8.228956),1,4836,546272fd-1817-4d29-a66b-93dc696e41f8,r,47.56332761439884,2.1244251482771257
fisheries,schaefer,Simulated annealing,Annealing (T=8.228956),1,4836,546272fd-1817-4d29-a66b-93dc696e41f8,sigma_v,47.56332761439884,6.041628694379711
fisheries,schaefer,Simulated annealing,Annealing (T=6.857463),1,35,546272fd-1817-4d29-a66b-93dc696e41f8,K,-4.339147429150977,2677.3193230838083
fisheries,schaefer,Simulated annealing,Annealing (T=6.857463),1,35,546272fd-1817-4d29-a66b-93dc696e41f8,q,-4.339147429150977,0.0003962798623375644
fisheries,schaefer,Simulated annealing,Annealing (T=6.857463),1,35,546272fd-1817-4d29-a66b-93dc696e41f8,r,-4.339147429150977,0.38559295871994714
fisheries,schaefer,Simulated annealing,Annealing (T=6.857463),1,35,546272fd-1817-4d29-a66b-93dc696e41f8,sigma_v,-4.339147429150977,0.46955085586560585
fisheries,schaefer,Simulated annealing,Annealing (T=6.857463),1,235,546272fd-1817-4d29-a66b-93dc696e41f8,K,-9.458480505178727,2783.8631145202953
fisheries,schaefer,Simulated annealing,Annealing (T=6.857463),1,235,546272fd-1817-4d29-a66b-93dc696e41f8,q,-9.458480505178727,0.0004020154243148015
fisheries,schaefer,Simulated annealing,Annealing (T=6.857463),1,235,546272fd-1817-4d29-a66b-93dc696e41f8,r,-9.458480505178727,0.3620388235010291
fisheries,schaefer,Simulated annealing,Annealing (T=6.857463),1,235,546272fd-1817-4d29-a66b-93dc696e41f8,sigma_v,-9.458480505178727,0.3586229670315602
fisheries,schaefer,Simulated annealing,Annealing (T=6.857463),1,435,546272fd-1817-4d29-a66b-93dc696e41f8,K,27.576620337306956,3176.7115577836735
fisheries,schaefer,Simulated annealing,Annealing (T=6.857463),1,435,546272fd-1817-4d29-a66b-93dc696e41f8,q,27.576620337306956,0.0007898808941843047
fisheries,schaefer,Simulated annealing,Annealing (T=6.857463),1,435,546272fd-1817-4d29-a66b-93dc696e41f8,r,27.576620337306956,0.40292972001155813
fisheries,schaefer,Simulated annealing,Annealing (T=6.857463),1,435,546272fd-1817-4d29-a66b-93dc696e41f8,sigma_v,27.576620337306956,2.1986529283989307
fisheries,schaefer,Simulated annealing,Annealing (T=6.857463),1,635,546272fd-1817-4d29-a66b-93dc696e41f8,K,44.92631673469916,2263.5639675280017
fisheries,schaefer,Simulated annealing,Annealing (T=6.857463),1,635,546272fd-1817-4d29-a66b-93dc696e41f8,q,44.92631673469916,0.002949645609654384
fisheries,schaefer,Simulated annealing,Annealing (T=6.857463),1,635,546272fd-1817-4d29-a66b-93dc696e41f8,r,44.92631673469916,0.6033538695315096
fisheries,schaefer,Simulated annealing,Annealing (T=6.857463),1,635,546272fd-1817-4d29-a66b-93dc696e41f8,sigma_v,44.92631673469916,5.241526462544817
fisheries,schaefer,Simulated annealing,Annealing (T=6.857463),1,835,546272fd-1817-4d29-a66b-93dc696e41f8,K,39.73170401690217,2310.9706609303375
fisheries,schaefer,Simulated annealing,Annealing (T=6.857463),1,835,546272fd-1817-4d29-a66b-93dc696e41f8,q,39.73170401690217,0.004137039150254893
fisheries,schaefer,Simulated annealing,Annealing (T=6.857463),1,835,546272fd-1817-4d29-a66b-93dc696e41f8,r,39.73170401690217,1.2067782239449993
fisheries,schaefer,Simulated annealing,Annealing (T=6.857463),1,835,546272fd-1817-4d29-a66b-93dc696e41f8,sigma_v,39.73170401690217,2.475133992540685
fisheries,schaefer,Simulated annealing,Annealing (T=6.857463),1,1035,546272fd-1817-4d29-a66b-93dc696e41f8,K,27.00578964427845,2324.7893119030487
fisheries,schaefer,Simulated annealing,Annealing (T=6.857463),1,1035,546272fd-1817-4d29-a66b-93dc696e41f8,q,27.00578964427845,0.0010395595547253486
fisheries,schaefer,Simulated annealing,Annealing (T=6.857463),1,1035,546272fd-1817-4d29-a66b-93dc696e41f8,r,27.00578964427845,1.033466325857251
fisheries,schaefer,Simulated annealing,Annealing (T=6.857463),1,1035,546272fd-1817-4d29-a66b-93dc696e41f8,sigma_v,27.00578964427845,1.9343807686663657
fisheries,schaefer,Simulated annealing,Annealing (T=6.857463),1,1235,546272fd-1817-4d29-a66b-93dc696e41f8,K,12.693923646490463,1492.2675237896985
fisheries,schaefer,Simulated annealing,Annealing (T=6.857463),1,1235,546272fd-1817-4d29-a66b-93dc696e41f8,q,12.693923646490463,0.0007929972631608874
fisheries,schaefer,Simulated annealing,Annealing (T=6.857463),1,1235,546272fd-1817-4d29-a66b-93dc696e41f8,r,12.693923646490463,1.6758878631469667
fisheries,schaefer,Simulated annealing,Annealing (T=6.857463),1,1235,546272fd-1817-4d29-a66b-93dc696e41f8,sigma_v,12.693923646490463,1.0061355005253099
fisheries,schaefer,Simulated annealing,Annealing (T=6.857463),1,1435,546272fd-1817-4d29-a66b-93dc696e41f8,K,15.47299943793103,943.1349620062405
fisheries,schaefer,Simulated annealing,Annealing (T=6.857463),1,1435,546272fd-1817-4d29-a66b-93dc696e41f8,q,15.47299943793103,0.0009106299286644372
fisheries,schaefer,Simulated annealing,Annealing (T=6.857463),1,1435,546272fd-1817-4d29-a66b-93dc696e41f8,r,15.47299943793103,2.2041602991790827
fisheries,schaefer,Simulated annealing,Annealing (T=6.857463),1,1435,546272fd-1817-4d29-a66b-93dc696e41f8,sigma_v,15.47299943793103,1.3310096128212312
fisheries,schaefer,Simulated annealing,Annealing (T=6.857463),1,1635,546272fd-1817-4d29-a66b-93dc696e41f8,K,38.35406021321132,1091.1816575340863
fisheries,schaefer,Simulated annealing,Annealing (T=6.857463),1,1635,546272fd-1817-4d29-a66b-93dc696e41f8,q,38.35406021321132,0.005354800142307817
fisheries,schaefer,Simulated annealing,Annealing (T=6.857463),1,1635,546272fd-1817-4d29-a66b-93dc696e41f8,r,38.35406021321132,2.220990100718908
fisheries,schaefer,Simulated annealing,Annealing (T=6.857463),1,1635,546272fd-1817-4d29-a66b-93dc696e41f8,sigma_v,38.35406021321132,1.5101735149372213
fisheries,schaefer,Simulated annealing,Annealing (T=6.857463),1,1835,546272fd-1817-4d29-a66b-93dc696e41f8,K,40.13100848100776,888.169072338086
fisheries,schaefer,Simulated annealing,Annealing (T=6.857463),1,1835,546272fd-1817-4d29-a66b-93dc696e41f8,q,40.13100848100776,0.00885485955685018
fisheries,schaefer,Simulated annealing,Annealing (T=6.857463),1,1835,546272fd-1817-4d29-a66b-93dc696e41f8,r,40.13100848100776,1.9143817168608377
fisheries,schaefer,Simulated annealing,Annealing (T=6.857463),1,1835,546272fd-1817-4d29-a66b-93dc696e41f8,sigma_v,40.13100848100776,3.708187594858115
fisheries,schaefer,Simulated annealing,Annealing (T=6.857463),1,2035,546272fd-1817-4d29-a66b-93dc696e41f8,K,37.91084933641774,2343.0727574823163
fisheries,schaefer,Simulated annealing,Annealing (T=6.857463),1,2035,546272fd-1817-4d29-a66b-93dc696e41f8,q,37.91084933641774,0.0031823709537747375
fisheries,schaefer,Simulated annealing,Annealing (T=6.857463),1,2035,546272fd-1817-4d29-a66b-93dc696e41f8,r,37.91084933641774,2.324237183025788
fisheries,schaefer,Simulated annealing,Annealing (T=6.857463),1,2035,546272fd-1817-4d29-a66b-93dc696e41f8,sigma_v,37.91084933641774,2.474747526402011
fisheries,schaefer,Simulated annealing,Annealing (T=6.857463),1,2235,546272fd-1817-4d29-a66b-93dc696e41f8,K,50.077880144939705,1555.9647058913504
fisheries,schaefer,Simulated annealing,Annealing (T=6.857463),1,2235,546272fd-1817-4d29-a66b-93dc696e41f8,q,50.077880144939705,0.008907394838995306
fisheries,schaefer,Simulated annealing,Annealing (T=6.857463),1,2235,546272fd-1817-4d29-a66b-93dc696e41f8,r,50.077880144939705,2.6811286355419397
fisheries,schaefer,Simulated annealing,Annealing (T=6.857463),1,2235,546272fd-1817-4d29-a66b-93dc696e41f8,sigma_v,50.077880144939705,6.485189600624196
fisheries,schaefer,Simulated annealing,Annealing (T=6.857463),1,2435,546272fd-1817-4d29-a66b-93dc696e41f8,K,0.1370022777469686,1497.86414307046
fisheries,schaefer,Simulated annealing,Annealing (T=6.857463),1,2435,546272fd-1817-4d29-a66b-93dc696e41f8,q,0.1370022777469686,0.0005597958926725629
fisheries,schaefer,Simulated annealing,Annealing (T=6.857463),1,2435,546272fd-1817-4d29-a66b-93dc696e41f8,r,0.1370022777469686,2.260214627721782
fisheries,schaefer,Simulated annealing,Annealing (T=6.857463),1,2435,546272fd-1817-4d29-a66b-93dc696e41f8,sigma_v,0.1370022777469686,0.3388699585270278
fisheries,schaefer,Simulated annealing,Annealing (T=6.857463),1,2635,546272fd-1817-4d29-a66b-93dc696e41f8,K,15.744760661718528,2100.601776541652
fisheries,schaefer,Simulated annealing,Annealing (T=6.857463),1,2635,546272fd-1817-4d29-a66b-93dc696e41f8,q,15.744760661718528,0.0005491331249581731
fisheries,schaefer,Simulated annealing,Annealing (T=6.857463),1,2635,546272fd-1817-4d29-a66b-93dc696e41f8,r,15.744760661718528,2.0615145607782313
fisheries,schaefer,Simulated annealing,Annealing (T=6.857463),1,2635,546272fd-1817-4d29-a66b-93dc696e41f8,sigma_v,15.744760661718528,1.2202120620803105
fisheries,schaefer,Simulated annealing,Annealing (T=6.857463),1,2835,546272fd-1817-4d29-a66b-93dc696e41f8,K,46.299966563188505,3743.177994960573
fisheries,schaefer,Simulated annealing,Annealing (T=6.857463),1,2835,546272fd-1817-4d29-a66b-93dc696e41f8,q,46.299966563188505,0.0061245103400465175
fisheries,schaefer,Simulated annealing,Annealing (T=6.857463),1,2835,546272fd-1817-4d29-a66b-93dc696e41f8,r,46.299966563188505,1.7804540653947822
fisheries,schaefer,Simulated annealing,Annealing (T=6.857463),1,2835,546272fd-1817-4d29-a66b-93dc696e41f8,sigma_v,46.299966563188505,4.072514035108316
fisheries,schaefer,Simulated annealing,Annealing (T=6.857463),1,3035,546272fd-1817-4d29-a66b-93dc696e41f8,K,49.85508504643528,3688.3832995526827
fisheries,schaefer,Simulated annealing,Annealing (T=6.857463),1,3035,546272fd-1817-4d29-a66b-93dc696e41f8,q,49.85508504643528,0.0033015349893075236
fisheries,schaefer,Simulated annealing,Annealing (T=6.857463),1,3035,546272fd-1817-4d29-a66b-93dc696e41f8,r,49.85508504643528,1.0381430899019808
fisheries,schaefer,Simulated annealing,Annealing (T=6.857463),1,3035,546272fd-1817-4d29-a66b-93dc696e41f8,sigma_v,49.85508504643528,6.436164627152725
fisheries,schaefer,Simulated annealing,Annealing (T=6.857463),1,3235,546272fd-1817-4d29-a66b-93dc696e41f8,K,-3.9841914026909544,2625.2055730138227
fisheries,schaefer,Simulated annealing,Annealing (T=6.857463),1,3235,546272fd-1817-4d29-a66b-93dc696e41f8,q,-3.9841914026909544,0.0003054027863180935
fisheries,schaefer,Simulated annealing,Annealing (T=6.857463),1,3235,546272fd-1817-4d29-a66b-93dc696e41f8,r,-3.9841914026909544,0.8298190969975235
fisheries,schaefer,Simulated annealing,Annealing (T=6.857463),1,3235,546272fd-1817-4d29-a66b-93dc696e41f8,sigma_v,-3.9841914026909544,0.3926737056830964
fisheries,schaefer,Simulated annealing,Annealing (T=6.857463),1,3435,546272fd-1817-4d29-a66b-93dc696e41f8,K,20.013115446662066,2060.210351779338
fisheries,schaefer,Simulated annealing,Annealing (T=6.857463),1,3435,546272fd-1817-4d29-a66b-93dc696e41f8,q,20.013115446662066,0.00021266855843192676
fisheries,schaefer,Simulated annealing,Annealing (T=6.857463),1,3435,546272fd-1817-4d29-a66b-93dc696e41f8,r,20.013115446662066,0.8053499466082541
fisheries,schaefer,Simulated annealing,Annealing (T=6.857463),1,3435,546272fd-1817-4d29-a66b-93dc696e41f8,sigma_v,20.013115446662066,1.5814819282640207
fisheries,schaefer,Simulated annealing,Annealing (T=6.857463),1,3635,546272fd-1817-4d29-a66b-93dc696e41f8,K,-6.4685671760639165,1736.695539377952
fisheries,schaefer,Simulated annealing,Annealing (T=6.857463),1,3635,546272fd-1817-4d29-a66b-93dc696e41f8,q,-6.4685671760639165,0.0005563580504069531
fisheries,schaefer,Simulated annealing,Annealing (T=6.857463),1,3635,546272fd-1817-4d29-a66b-93dc696e41f8,r,-6.4685671760639165,0.7959598518640462
fisheries,schaefer,Simulated annealing,Annealing (T=6.857463),1,3635,546272fd-1817-4d29-a66b-93dc696e41f8,sigma_v,-6.4685671760639165,0.29577571436334327
fisheries,schaefer,Simulated annealing,Annealing (T=6.857463),1,3835,546272fd-1817-4d29-a66b-93dc696e41f8,K,19.32999436397027,1789.5871216046855
fisheries,schaefer,Simulated annealing,Annealing (T=6.857463),1,3835,546272fd-1817-4d29-a66b-93dc696e41f8,q,19.32999436397027,0.0009604426446118784
fisheries,schaefer,Simulated annealing,Annealing (T=6.857463),1,3835,546272fd-1817-4d29-a66b-93dc696e41f8,r,19.32999436397027,0.9377753704645989
fisheries,schaefer,Simulated annealing,Annealing (T=6.857463),1,3835,546272fd-1817-4d29-a66b-93dc696e41f8,sigma_v,19.32999436397027,1.3886378364236893
fisheries,schaefer,Simulated annealing,Annealing (T=6.857463),1,4035,546272fd-1817-4d29-a66b-93dc696e41f8,K,26.524148928936224,1707.7137214195338
fisheries,schaefer,Simulated annealing,Annealing (T=6.857463),1,4035,546272fd-1817-4d29-a66b-93dc696e41f8,q,26.524148928936224,0.0015819766965386468
fisheries,schaefer,Simulated annealing,Annealing (T=6.857463),1,4035,546272fd-1817-4d29-a66b-93dc696e41f8,r,26.524148928936224,0.7328697577780127
fisheries,schaefer,Simulated annealing,Annealing (T=6.857463),1,4035,546272fd-1817-4d29-a66b-93dc696e41f8,sigma_v,26.524148928936224,2.30549117473719
fisheries,schaefer,Simulated annealing,Annealing (T=6.857463),1,4235,546272fd-1817-4d29-a66b-93dc696e41f8,K,27.759351066714956,4611.423348651591
fisheries,schaefer,Simulated annealing,Annealing (T=6.857463),1,4235,546272fd-1817-4d29-a66b-93dc696e41f8,q,27.759351066714956,0.0006233433149153257
fisheries,schaefer,Simulated annealing,Annealing (T=6.857463),1,4235,546272fd-1817-4d29-a66b-93dc696e41f8,r,27.759351066714956,0.8176442233781996
fisheries,schaefer,Simulated annealing,Annealing (T=6.857463),1,4235,546272fd-1817-4d29-a66b-93dc696e41f8,sigma_v,27.759351066714956,1.444169567459329
fisheries,schaefer,Simulated annealing,Annealing (T=6.857463),1,4435,546272fd-1817-4d29-a66b-93dc696e41f8,K,39.10219665021464,3642.9866552700996
fisheries,schaefer,Simulated annealing,Annealing (T=6.857463),1,4435,546272fd-1817-4d29-a66b-93dc696e41f8,q,39.10219665021464,0.005114006399932748
fisheries,schaefer,Simulated annealing,Annealing (T=6.857463),1,4435,546272fd-1817-4d29-a66b-93dc696e41f8,r,39.10219665021464,0.21557963314881287
fisheries,schaefer,Simulated annealing,Annealing (T=6.857463),1,4435,546272fd-1817-4d29-a66b-93dc696e41f8,sigma_v,39.10219665021464,2.271087981676916
fisheries,schaefer,Simulated annealing,Annealing (T=6.857463),1,4635,546272fd-1817-4d29-a66b-93dc696e41f8,K,43.65683961780918,3845.51762228856
fisheries,schaefer,Simulated annealing,Annealing (T=6.857463),1,4635,546272fd-1817-4d29-a66b-93dc696e41f8,q,43.65683961780918,0.0038106198694742082
fisheries,schaefer,Simulated annealing,Annealing (T=6.857463),1,4635,546272fd-1817-4d29-a66b-93dc696e41f8,r,43.65683961780918,0.20522331544768704
fisheries,schaefer,Simulated annealing,Annealing (T=6.857463),1,4635,546272fd-1817-4d29-a66b-93dc696e41f8,sigma_v,43.65683961780918,4.646798204333944
fisheries,schaefer,Simulated annealing,Annealing (T=6.857463),1,4835,546272fd-1817-4d29-a66b-93dc696e41f8,K,44.93738608783713,3820.9023217627764
fisheries,schaefer,Simulated annealing,Annealing (T=6.857463),1,4835,546272fd-1817-4d29-a66b-93dc696e41f8,q,44.93738608783713,0.007383365095837285
fisheries,schaefer,Simulated annealing,Annealing (T=6.857463),1,4835,546272fd-1817-4d29-a66b-93dc696e41f8,r,44.93738608783713,0.2975492310300285
fisheries,schaefer,Simulated annealing,Annealing (T=6.857463),1,4835,546272fd-1817-4d29-a66b-93dc696e41f8,sigma_v,44.93738608783713,3.4036444535823653
fisheries,schaefer,Simulated annealing,Annealing (T=5.877825),1,34,546272fd-1817-4d29-a66b-93dc696e41f8,K,-6.255836884784638,2739.664310388787
fisheries,schaefer,Simulated annealing,Annealing (T=5.877825),1,34,546272fd-1817-4d29-a66b-93dc696e41f8,q,-6.255836884784638,0.0005501846846227715
fisheries,schaefer,Simulated annealing,Annealing (T=5.877825),1,34,546272fd-1817-4d29-a66b-93dc696e41f8,r,-6.255836884784638,0.3800334236671518
fisheries,schaefer,Simulated annealing,Annealing (T=5.877825),1,34,546272fd-1817-4d29-a66b-93dc696e41f8,sigma_v,-6.255836884784638,0.4382656938394153
fisheries,schaefer,Simulated annealing,Annealing (T=5.877825),1,234,546272fd-1817-4d29-a66b-93dc696e41f8,K,-12.684179111290781,2747.852112727562
fisheries,schaefer,Simulated annealing,Annealing (T=5.877825),1,234,546272fd-1817-4d29-a66b-93dc696e41f8,q,-12.684179111290781,0.0003268558352872842
fisheries,schaefer,Simulated annealing,Annealing (T=5.877825),1,234,546272fd-1817-4d29-a66b-93dc696e41f8,r,-12.684179111290781,0.43292663053047575
fisheries,schaefer,Simulated annealing,Annealing (T=5.877825),1,234,546272fd-1817-4d29-a66b-93dc696e41f8,sigma_v,-12.684179111290781,0.2755623027876202
fisheries,schaefer,Simulated annealing,Annealing (T=5.877825),1,434,546272fd-1817-4d29-a66b-93dc696e41f8,K,-7.349368574012578,2802.4115133366417
fisheries,schaefer,Simulated annealing,Annealing (T=5.877825),1,434,546272fd-1817-4d29-a66b-93dc696e41f8,q,-7.349368574012578,0.0002803348144583291
fisheries,schaefer,Simulated annealing,Annealing (T=5.877825),1,434,546272fd-1817-4d29-a66b-93dc696e41f8,r,-7.349368574012578,0.45296362604529095
fisheries,schaefer,Simulated annealing,Annealing (T=5.877825),1,434,546272fd-1817-4d29-a66b-93dc696e41f8,sigma_v,-7.349368574012578,0.36061389164550034
fisheries,schaefer,Simulated annealing,Annealing (T=5.877825),1,634,546272fd-1817-4d29-a66b-93dc696e41f8,K,-0.5959203710675387,3011.377777764475
fisheries,schaefer,Simulated annealing,Annealing (T=5.877825),1,634,546272fd-1817-4d29-a66b-93dc696e41f8,q,-0.5959203710675387,0.0002603698819345779
fisheries,schaefer,Simulated annealing,Annealing (T=5.877825),1,634,546272fd-1817-4d29-a66b-93dc696e41f8,r,-0.5959203710675387,0.5524787689480847
fisheries,schaefer,Simulated annealing,Annealing (T=5.877825),1,634,546272fd-1817-4d29-a66b-93dc696e41f8,sigma_v,-0.5959203710675387,0.5785881779537345
fisheries,schaefer,Simulated annealing,Annealing (T=5.877825),1,834,546272fd-1817-4d29-a66b-93dc696e41f8,K,5.3074118963030985,2756.230595981564
fisheries,schaefer,Simulated annealing,Annealing (T=5.877825),1,834,546272fd-1817-4d29-a66b-93dc696e41f8,q,5.3074118963030985,0.00046275254296761556
fisheries,schaefer,Simulated annealing,Annealing (T=5.877825),1,834,546272fd-1817-4d29-a66b-93dc696e41f8,r,5.3074118963030985,0.5410938530710903
fisheries,schaefer,Simulated annealing,Annealing (T=5.877825),1,834,546272fd-1817-4d29-a66b-93dc696e41f8,sigma_v,5.3074118963030985,0.48840414210257754
fisheries,schaefer,Simulated annealing,Annealing (T=5.877825),1,1034,546272fd-1817-4d29-a66b-93dc696e41f8,K,-20.888927321813593,3443.8816820747734
fisheries,schaefer,Simulated annealing,Annealing (T=5.877825),1,1034,546272fd-1817-4d29-a66b-93dc696e41f8,q,-20.888927321813593,0.00028465476920680905
fisheries,schaefer,Simulated annealing,Annealing (T=5.877825),1,1034,546272fd-1817-4d29-a66b-93dc696e41f8,r,-20.888927321813593,0.29267257581778094
fisheries,schaefer,Simulated annealing,Annealing (T=5.877825),1,1034,546272fd-1817-4d29-a66b-93dc696e41f8,sigma_v,-20.888927321813593,0.17003688869080674
fisheries,schaefer,Simulated annealing,Annealing (T=5.877825),1,1234,546272fd-1817-4d29-a66b-93dc696e41f8,K,7.206663129924208,4506.737024759093
fisheries,schaefer,Simulated annealing,Annealing (T=5.877825),1,1234,546272fd-1817-4d29-a66b-93dc696e41f8,q,7.206663129924208,0.0002035532951471136
fisheries,schaefer,Simulated annealing,Annealing (T=5.877825),1,1234,546272fd-1817-4d29-a66b-93dc696e41f8,r,7.206663129924208,2.0134243153242206
fisheries,schaefer,Simulated annealing,Annealing (T=5.877825),1,1234,546272fd-1817-4d29-a66b-93dc696e41f8,sigma_v,7.206663129924208,0.7666584478540487
fisheries,schaefer,Simulated annealing,Annealing (T=5.877825),1,1434,546272fd-1817-4d29-a66b-93dc696e41f8,K,5.862956007940449,4357.331455297755
fisheries,schaefer,Simulated annealing,Annealing (T=5.877825),1,1434,546272fd-1817-4d29-a66b-93dc696e41f8,q,5.862956007940449,0.000158284252419889
fisheries,schaefer,Simulated annealing,Annealing (T=5.877825),1,1434,546272fd-1817-4d29-a66b-93dc696e41f8,r,5.862956007940449,1.9917132529772135
fisheries,schaefer,Simulated annealing,Annealing (T=5.877825),1,1434,546272fd-1817-4d29-a66b-93dc696e41f8,sigma_v,5.862956007940449,0.819425877676299
fisheries,schaefer,Simulated annealing,Annealing (T=5.877825),1,1634,546272fd-1817-4d29-a66b-93dc696e41f8,K,-1.7520042904666893,3854.211664299298
fisheries,schaefer,Simulated annealing,Annealing (T=5.877825),1,1634,546272fd-1817-4d29-a66b-93dc696e41f8,q,-1.7520042904666893,0.00020343154865980423
fisheries,schaefer,Simulated annealing,Annealing (T=5.877825),1,1634,546272fd-1817-4d29-a66b-93dc696e41f8,r,-1.7520042904666893,1.7867055108906371
fisheries,schaefer,Simulated annealing,Annealing (T=5.877825),1,1634,546272fd-1817-4d29-a66b-93dc696e41f8,sigma_v,-1.7520042904666893,0.3321941427238436
fisheries,schaefer,Simulated annealing,Annealing (T=5.877825),1,1834,546272fd-1817-4d29-a66b-93dc696e41f8,K,-2.800677370591935,7173.915854130986
fisheries,schaefer,Simulated annealing,Annealing (T=5.877825),1,1834,546272fd-1817-4d29-a66b-93dc696e41f8,q,-2.800677370591935,7.650038912436102E-05
fisheries,schaefer,Simulated annealing,Annealing (T=5.877825),1,1834,546272fd-1817-4d29-a66b-93dc696e41f8,r,-2.800677370591935,2.0942786215207243
fisheries,schaefer,Simulated annealing,Annealing (T=5.877825),1,1834,546272fd-1817-4d29-a66b-93dc696e41f8,sigma_v,-2.800677370591935,0.4666044433580816
fisheries,schaefer,Simulated annealing,Annealing (T=5.877825),1,2034,546272fd-1817-4d29-a66b-93dc696e41f8,K,12.416959658547107,9237.115857293385
fisheries,schaefer,Simulated annealing,Annealing (T=5.877825),1,2034,546272fd-1817-4d29-a66b-93dc696e41f8,q,12.416959658547107,0.00012558877279143216
fisheries,schaefer,Simulated annealing,Annealing (T=5.877825),1,2034,546272fd-1817-4d29-a66b-93dc696e41f8,r,12.416959658547107,2.004864626768373
fisheries,schaefer,Simulated annealing,Annealing (T=5.877825),1,2034,546272fd-1817-4d29-a66b-93dc696e41f8,sigma_v,12.416959658547107,0.859261870124796
fisheries,schaefer,Simulated annealing,Annealing (T=5.877825),1,2234,546272fd-1817-4d29-a66b-93dc696e41f8,K,0.013366145402933322,9504.662130131412
fisheries,schaefer,Simulated annealing,Annealing (T=5.877825),1,2234,546272fd-1817-4d29-a66b-93dc696e41f8,q,0.013366145402933322,7.455671360565693E-05
fisheries,schaefer,Simulated annealing,Annealing (T=5.877825),1,2234,546272fd-1817-4d29-a66b-93dc696e41f8,r,0.013366145402933322,2.5739128335203234
fisheries,schaefer,Simulated annealing,Annealing (T=5.877825),1,2234,546272fd-1817-4d29-a66b-93dc696e41f8,sigma_v,0.013366145402933322,0.5131751061843756
fisheries,schaefer,Simulated annealing,Annealing (T=5.877825),1,2434,546272fd-1817-4d29-a66b-93dc696e41f8,K,12.248906916980385,10146.89658963554
fisheries,schaefer,Simulated annealing,Annealing (T=5.877825),1,2434,546272fd-1817-4d29-a66b-93dc696e41f8,q,12.248906916980385,8.709048181681654E-05
fisheries,schaefer,Simulated annealing,Annealing (T=5.877825),1,2434,546272fd-1817-4d29-a66b-93dc696e41f8,r,12.248906916980385,2.737376469777651
fisheries,schaefer,Simulated annealing,Annealing (T=5.877825),1,2434,546272fd-1817-4d29-a66b-93dc696e41f8,sigma_v,12.248906916980385,1.076859826982759
fisheries,schaefer,Simulated annealing,Annealing (T=5.877825),1,2634,546272fd-1817-4d29-a66b-93dc696e41f8,K,6.901822995880832,9650.28542168521
fisheries,schaefer,Simulated annealing,Annealing (T=5.877825),1,2634,546272fd-1817-4d29-a66b-93dc696e41f8,q,6.901822995880832,6.226175954063002E-05
fisheries,schaefer,Simulated annealing,Annealing (T=5.877825),1,2634,546272fd-1817-4d29-a66b-93dc696e41f8,r,6.901822995880832,2.402691255269792
fisheries,schaefer,Simulated annealing,Annealing (T=5.877825),1,2634,546272fd-1817-4d29-a66b-93dc696e41f8,sigma_v,6.901822995880832,0.8498177656874304
fisheries,schaefer,Simulated annealing,Annealing (T=5.877825),1,2834,546272fd-1817-4d29-a66b-93dc696e41f8,K,8.800277900946403,9534.54869245019
fisheries,schaefer,Simulated annealing,Annealing (T=5.877825),1,2834,546272fd-1817-4d29-a66b-93dc696e41f8,q,8.800277900946403,0.00011136262842367476
fisheries,schaefer,Simulated annealing,Annealing (T=5.877825),1,2834,546272fd-1817-4d29-a66b-93dc696e41f8,r,8.800277900946403,2.344450530496585
fisheries,schaefer,Simulated annealing,Annealing (T=5.877825),1,2834,546272fd-1817-4d29-a66b-93dc696e41f8,sigma_v,8.800277900946403,0.7117303551438792
fisheries,schaefer,Simulated annealing,Annealing (T=5.877825),1,3034,546272fd-1817-4d29-a66b-93dc696e41f8,K,6.337642607168155,9529.642801802493
fisheries,schaefer,Simulated annealing,Annealing (T=5.877825),1,3034,546272fd-1817-4d29-a66b-93dc696e41f8,q,6.337642607168155,5.0444315148837914E-05
fisheries,schaefer,Simulated annealing,Annealing (T=5.877825),1,3034,546272fd-1817-4d29-a66b-93dc696e41f8,r,6.337642607168155,1.9710039412516571
fisheries,schaefer,Simulated annealing,Annealing (T=5.877825),1,3034,546272fd-1817-4d29-a66b-93dc696e41f8,sigma_v,6.337642607168155,0.810500949141247
fisheries,schaefer,Simulated annealing,Annealing (T=5.877825),1,3234,546272fd-1817-4d29-a66b-93dc696e41f8,K,14.167347332414616,10279.598053398626
fisheries,schaefer,Simulated annealing,Annealing (T=5.877825),1,3234,546272fd-1817-4d29-a66b-93dc696e41f8,q,14.167347332414616,0.00011670087726479557
fisheries,schaefer,Simulated annealing,Annealing (T=5.877825),1,3234,546272fd-1817-4d29-a66b-93dc696e41f8,r,14.167347332414616,2.094207083093901
fisheries,schaefer,Simulated annealing,Annealing (T=5.877825),1,3234,546272fd-1817-4d29-a66b-93dc696e41f8,sigma_v,14.167347332414616,0.9935672419828986
fisheries,schaefer,Simulated annealing,Annealing (T=5.877825),1,3434,546272fd-1817-4d29-a66b-93dc696e41f8,K,-3.282843984809051,10421.877524993266
fisheries,schaefer,Simulated annealing,Annealing (T=5.877825),1,3434,546272fd-1817-4d29-a66b-93dc696e41f8,q,-3.282843984809051,5.40188907569587E-05
fisheries,schaefer,Simulated annealing,Annealing (T=5.877825),1,3434,546272fd-1817-4d29-a66b-93dc696e41f8,r,-3.282843984809051,0.5591981667079561
fisheries,schaefer,Simulated annealing,Annealing (T=5.877825),1,3434,546272fd-1817-4d29-a66b-93dc696e41f8,sigma_v,-3.282843984809051,0.45421508780943853
fisheries,schaefer,Simulated annealing,Annealing (T=5.877825),1,3634,546272fd-1817-4d29-a66b-93dc696e41f8,K,-3.944368725212403,10564.837111268924
fisheries,schaefer,Simulated annealing,Annealing (T=5.877825),1,3634,546272fd-1817-4d29-a66b-93dc696e41f8,q,-3.944368725212403,5.56396672249115E-05
fisheries,schaefer,Simulated annealing,Annealing (T=5.877825),1,3634,546272fd-1817-4d29-a66b-93dc696e41f8,r,-3.944368725212403,0.6238522877461554
fisheries,schaefer,Simulated annealing,Annealing (T=5.877825),1,3634,546272fd-1817-4d29-a66b-93dc696e41f8,sigma_v,-3.944368725212403,0.44525031486518757
fisheries,schaefer,Simulated annealing,Annealing (T=5.877825),1,3834,546272fd-1817-4d29-a66b-93dc696e41f8,K,-6.35101381016686,10685.139204825762
fisheries,schaefer,Simulated annealing,Annealing (T=5.877825),1,3834,546272fd-1817-4d29-a66b-93dc696e41f8,q,-6.35101381016686,5.451809749718783E-05
fisheries,schaefer,Simulated annealing,Annealing (T=5.877825),1,3834,546272fd-1817-4d29-a66b-93dc696e41f8,r,-6.35101381016686,1.223164758887871
fisheries,schaefer,Simulated annealing,Annealing (T=5.877825),1,3834,546272fd-1817-4d29-a66b-93dc696e41f8,sigma_v,-6.35101381016686,0.2462506296194439
fisheries,schaefer,Simulated annealing,Annealing (T=5.877825),1,4034,546272fd-1817-4d29-a66b-93dc696e41f8,K,-3.0974353750373607,10867.62865499372
fisheries,schaefer,Simulated annealing,Annealing (T=5.877825),1,4034,546272fd-1817-4d29-a66b-93dc696e41f8,q,-3.0974353750373607,4.8099721057114693E-05
fisheries,schaefer,Simulated annealing,Annealing (T=5.877825),1,4034,546272fd-1817-4d29-a66b-93dc696e41f8,r,-3.0974353750373607,1.2212830747949643
fisheries,schaefer,Simulated annealing,Annealing (T=5.877825),1,4034,546272fd-1817-4d29-a66b-93dc696e41f8,sigma_v,-3.0974353750373607,0.43070330887156194
fisheries,schaefer,Simulated annealing,Annealing (T=5.877825),1,4234,546272fd-1817-4d29-a66b-93dc696e41f8,K,10.716252613663634,11209.461387620726
fisheries,schaefer,Simulated annealing,Annealing (T=5.877825),1,4234,546272fd-1817-4d29-a66b-93dc696e41f8,q,10.716252613663634,8.402141605193267E-05
fisheries,schaefer,Simulated annealing,Annealing (T=5.877825),1,4234,546272fd-1817-4d29-a66b-93dc696e41f8,r,10.716252613663634,0.5204460447482974
fisheries,schaefer,Simulated annealing,Annealing (T=5.877825),1,4234,546272fd-1817-4d29-a66b-93dc696e41f8,sigma_v,10.716252613663634,0.9775137081705845
fisheries,schaefer,Simulated annealing,Annealing (T=5.877825),1,4434,546272fd-1817-4d29-a66b-93dc696e41f8,K,-5.45826640697031,9128.019167003373
fisheries,schaefer,Simulated annealing,Annealing (T=5.877825),1,4434,546272fd-1817-4d29-a66b-93dc696e41f8,q,-5.45826640697031,6.230088871897295E-05
fisheries,schaefer,Simulated annealing,Annealing (T=5.877825),1,4434,546272fd-1817-4d29-a66b-93dc696e41f8,r,-5.45826640697031,0.7363138695105433
fisheries,schaefer,Simulated annealing,Annealing (T=5.877825),1,4434,546272fd-1817-4d29-a66b-93dc696e41f8,sigma_v,-5.45826640697031,0.25513418363322987
fisheries,schaefer,Simulated annealing,Annealing (T=5.877825),1,4634,546272fd-1817-4d29-a66b-93dc696e41f8,K,-3.395778761901968,9569.654793749683
fisheries,schaefer,Simulated annealing,Annealing (T=5.877825),1,4634,546272fd-1817-4d29-a66b-93dc696e41f8,q,-3.395778761901968,7.380564643153325E-05
fisheries,schaefer,Simulated annealing,Annealing (T=5.877825),1,4634,546272fd-1817-4d29-a66b-93dc696e41f8,r,-3.395778761901968,0.6462356139655724
fisheries,schaefer,Simulated annealing,Annealing (T=5.877825),1,4634,546272fd-1817-4d29-a66b-93dc696e41f8,sigma_v,-3.395778761901968,0.4474707707789395
fisheries,schaefer,Simulated annealing,Annealing (T=5.877825),1,4834,546272fd-1817-4d29-a66b-93dc696e41f8,K,4.228750593008478,9946.576128826258
fisheries,schaefer,Simulated annealing,Annealing (T=5.877825),1,4834,546272fd-1817-4d29-a66b-93dc696e41f8,q,4.228750593008478,4.223591955223579E-05
fisheries,schaefer,Simulated annealing,Annealing (T=5.877825),1,4834,546272fd-1817-4d29-a66b-93dc696e41f8,r,4.228750593008478,0.6613012957037349
fisheries,schaefer,Simulated annealing,Annealing (T=5.877825),1,4834,546272fd-1817-4d29-a66b-93dc696e41f8,sigma_v,4.228750593008478,0.464720086121629
fisheries,schaefer,Simulated annealing,Annealing (T=5.143097),1,33,546272fd-1817-4d29-a66b-93dc696e41f8,K,-17.843699967160926,2660.4419225267466
fisheries,schaefer,Simulated annealing,Annealing (T=5.143097),1,33,546272fd-1817-4d29-a66b-93dc696e41f8,q,-17.843699967160926,0.0005088300106168514
fisheries,schaefer,Simulated annealing,Annealing (T=5.143097),1,33,546272fd-1817-4d29-a66b-93dc696e41f8,r,-17.843699967160926,0.3881196706381955
fisheries,schaefer,Simulated annealing,Annealing (T=5.143097),1,33,546272fd-1817-4d29-a66b-93dc696e41f8,sigma_v,-17.843699967160926,0.26049053584741544
fisheries,schaefer,Simulated annealing,Annealing (T=5.143097),1,233,546272fd-1817-4d29-a66b-93dc696e41f8,K,-10.746194506734856,2613.148985513006
fisheries,schaefer,Simulated annealing,Annealing (T=5.143097),1,233,546272fd-1817-4d29-a66b-93dc696e41f8,q,-10.746194506734856,0.00040768667055391923
fisheries,schaefer,Simulated annealing,Annealing (T=5.143097),1,233,546272fd-1817-4d29-a66b-93dc696e41f8,r,-10.746194506734856,0.43408021517700807
fisheries,schaefer,Simulated annealing,Annealing (T=5.143097),1,233,546272fd-1817-4d29-a66b-93dc696e41f8,sigma_v,-10.746194506734856,0.36500962621407146
fisheries,schaefer,Simulated annealing,Annealing (T=5.143097),1,433,546272fd-1817-4d29-a66b-93dc696e41f8,K,26.62523174557962,2905.0931657999276
fisheries,schaefer,Simulated annealing,Annealing (T=5.143097),1,433,546272fd-1817-4d29-a66b-93dc696e41f8,q,26.62523174557962,0.0010395310761236725
fisheries,schaefer,Simulated annealing,Annealing (T=5.143097),1,433,546272fd-1817-4d29-a66b-93dc696e41f8,r,26.62523174557962,0.5128442705786523
fisheries,schaefer,Simulated annealing,Annealing (T=5.143097),1,433,546272fd-1817-4d29-a66b-93dc696e41f8,sigma_v,26.62523174557962,1.7854353845368287
fisheries,schaefer,Simulated annealing,Annealing (T=5.143097),1,633,546272fd-1817-4d29-a66b-93dc696e41f8,K,38.743542284670326,2341.7417484992698
fisheries,schaefer,Simulated annealing,Annealing (T=5.143097),1,633,546272fd-1817-4d29-a66b-93dc696e41f8,q,38.743542284670326,0.0036777161014958856
fisheries,schaefer,Simulated annealing,Annealing (T=5.143097),1,633,546272fd-1817-4d29-a66b-93dc696e41f8,r,38.743542284670326,0.8878994810812221
fisheries,schaefer,Simulated annealing,Annealing (T=5.143097),1,633,546272fd-1817-4d29-a66b-93dc696e41f8,sigma_v,38.743542284670326,2.16744443453922
fisheries,schaefer,Simulated annealing,Annealing (T=5.143097),1,833,546272fd-1817-4d29-a66b-93dc696e41f8,K,1.4456996699888844,2299.0396984531403
fisheries,schaefer,Simulated annealing,Annealing (T=5.143097),1,833,546272fd-1817-4d29-a66b-93dc696e41f8,q,1.4456996699888844,0.0002087158602730746
fisheries,schaefer,Simulated annealing,Annealing (T=5.143097),1,833,546272fd-1817-4d29-a66b-93dc696e41f8,r,1.4456996699888844,1.9862541878316857
fisheries,schaefer,Simulated annealing,Annealing (T=5.143097),1,833,546272fd-1817-4d29-a66b-93dc696e41f8,sigma_v,1.4456996699888844,0.36081659351616574
fisheries,schaefer,Simulated annealing,Annealing (T=5.143097),1,1033,546272fd-1817-4d29-a66b-93dc696e41f8,K,-7.37110224732915,1916.6729054647496
fisheries,schaefer,Simulated annealing,Annealing (T=5.143097),1,1033,546272fd-1817-4d29-a66b-93dc696e41f8,q,-7.37110224732915,0.0006732941756758146
fisheries,schaefer,Simulated annealing,Annealing (T=5.143097),1,1033,546272fd-1817-4d29-a66b-93dc696e41f8,r,-7.37110224732915,0.6561830297814921
fisheries,schaefer,Simulated annealing,Annealing (T=5.143097),1,1033,546272fd-1817-4d29-a66b-93dc696e41f8,sigma_v,-7.37110224732915,0.27852049358724884
fisheries,schaefer,Simulated annealing,Annealing (T=5.143097),1,1233,546272fd-1817-4d29-a66b-93dc696e41f8,K,-1.8358428294984284,2056.558656806654
fisheries,schaefer,Simulated annealing,Annealing (T=5.143097),1,1233,546272fd-1817-4d29-a66b-93dc696e41f8,q,-1.8358428294984284,0.00045716447916835205
fisheries,schaefer,Simulated annealing,Annealing (T=5.143097),1,1233,546272fd-1817-4d29-a66b-93dc696e41f8,r,-1.8358428294984284,0.8464048581482563
fisheries,schaefer,Simulated annealing,Annealing (T=5.143097),1,1233,546272fd-1817-4d29-a66b-93dc696e41f8,sigma_v,-1.8358428294984284,0.3992890102578306
fisheries,schaefer,Simulated annealing,Annealing (T=5.143097),1,1433,546272fd-1817-4d29-a66b-93dc696e41f8,K,16.470957956863177,1663.883236989699
fisheries,schaefer,Simulated annealing,Annealing (T=5.143097),1,1433,546272fd-1817-4d29-a66b-93dc696e41f8,q,16.470957956863177,0.0011690205832993804
fisheries,schaefer,Simulated annealing,Annealing (T=5.143097),1,1433,546272fd-1817-4d29-a66b-93dc696e41f8,r,16.470957956863177,0.8897157644957345
fisheries,schaefer,Simulated annealing,Annealing (T=5.143097),1,1433,546272fd-1817-4d29-a66b-93dc696e41f8,sigma_v,16.470957956863177,0.9985740330420361
fisheries,schaefer,Simulated annealing,Annealing (T=5.143097),1,1633,546272fd-1817-4d29-a66b-93dc696e41f8,K,-15.138763623808366,1978.3561535177182
fisheries,schaefer,Simulated annealing,Annealing (T=5.143097),1,1633,546272fd-1817-4d29-a66b-93dc696e41f8,q,-15.138763623808366,0.0007201065005789969
fisheries,schaefer,Simulated annealing,Annealing (T=5.143097),1,1633,546272fd-1817-4d29-a66b-93dc696e41f8,r,-15.138763623808366,0.6042672850703882
fisheries,schaefer,Simulated annealing,Annealing (T=5.143097),1,1633,546272fd-1817-4d29-a66b-93dc696e41f8,sigma_v,-15.138763623808366,0.21797840107115007
fisheries,schaefer,Simulated annealing,Annealing (T=5.143097),1,1833,546272fd-1817-4d29-a66b-93dc696e41f8,K,-12.727710115130634,1887.5613789763177
fisheries,schaefer,Simulated annealing,Annealing (T=5.143097),1,1833,546272fd-1817-4d29-a66b-93dc696e41f8,q,-12.727710115130634,0.0007039290763751747
fisheries,schaefer,Simulated annealing,Annealing (T=5.143097),1,1833,546272fd-1817-4d29-a66b-93dc696e41f8,r,-12.727710115130634,0.648617538207647
fisheries,schaefer,Simulated annealing,Annealing (T=5.143097),1,1833,546272fd-1817-4d29-a66b-93dc696e41f8,sigma_v,-12.727710115130634,0.17245171427472974
fisheries,schaefer,Simulated annealing,Annealing (T=5.143097),1,2033,546272fd-1817-4d29-a66b-93dc696e41f8,K,0.6412175172564992,2292.1432878651285
fisheries,schaefer,Simulated annealing,Annealing (T=5.143097),1,2033,546272fd-1817-4d29-a66b-93dc696e41f8,q,0.6412175172564992,0.00044227932707355147
fisheries,schaefer,Simulated annealing,Annealing (T=5.143097),1,2033,546272fd-1817-4d29-a66b-93dc696e41f8,r,0.6412175172564992,0.5599669354993356
fisheries,schaefer,Simulated annealing,Annealing (T=5.143097),1,2033,546272fd-1817-4d29-a66b-93dc696e41f8,sigma_v,0.6412175172564992,0.638024654805796
fisheries,schaefer,Simulated annealing,Annealing (T=5.143097),1,2233,546272fd-1817-4d29-a66b-93dc696e41f8,K,0.3960597805026206,2106.9474180592256
fisheries,schaefer,Simulated annealing,Annealing (T=5.143097),1,2233,546272fd-1817-4d29-a66b-93dc696e41f8,q,0.3960597805026206,0.0004618398877233672
fisheries,schaefer,Simulated annealing,Annealing (T=5.143097),1,2233,546272fd-1817-4d29-a66b-93dc696e41f8,r,0.3960597805026206,0.588327070908011
fisheries,schaefer,Simulated annealing,Annealing (T=5.143097),1,2233,546272fd-1817-4d29-a66b-93dc696e41f8,sigma_v,0.3960597805026206,0.6332372181913666
fisheries,schaefer,Simulated annealing,Annealing (T=5.143097),1,2433,546272fd-1817-4d29-a66b-93dc696e41f8,K,-6.894507207501198,1962.0642746317715
fisheries,schaefer,Simulated annealing,Annealing (T=5.143097),1,2433,546272fd-1817-4d29-a66b-93dc696e41f8,q,-6.894507207501198,0.00045689336461662
fisheries,schaefer,Simulated annealing,Annealing (T=5.143097),1,2433,546272fd-1817-4d29-a66b-93dc696e41f8,r,-6.894507207501198,0.6496222992201447
fisheries,schaefer,Simulated annealing,Annealing (T=5.143097),1,2433,546272fd-1817-4d29-a66b-93dc696e41f8,sigma_v,-6.894507207501198,0.33359751036512236
fisheries,schaefer,Simulated annealing,Annealing (T=5.143097),1,2633,546272fd-1817-4d29-a66b-93dc696e41f8,K,-18.96729891661077,2191.003518599705
fisheries,schaefer,Simulated annealing,Annealing (T=5.143097),1,2633,546272fd-1817-4d29-a66b-93dc696e41f8,q,-18.96729891661077,0.0006138552739925143
fisheries,schaefer,Simulated annealing,Annealing (T=5.143097),1,2633,546272fd-1817-4d29-a66b-93dc696e41f8,r,-18.96729891661077,0.522978239600283
fisheries,schaefer,Simulated annealing,Annealing (T=5.143097),1,2633,546272fd-1817-4d29-a66b-93dc696e41f8,sigma_v,-18.96729891661077,0.20960813148139637
fisheries,schaefer,Simulated annealing,Annealing (T=5.143097),1,2833,546272fd-1817-4d29-a66b-93dc696e41f8,K,-8.937349160457934,2299.8673667984986
fisheries,schaefer,Simulated annealing,Annealing (T=5.143097),1,2833,546272fd-1817-4d29-a66b-93dc696e41f8,q,-8.937349160457934,0.0005368553615572703
fisheries,schaefer,Simulated annealing,Annealing (T=5.143097),1,2833,546272fd-1817-4d29-a66b-93dc696e41f8,r,-8.937349160457934,0.5076512321421219
fisheries,schaefer,Simulated annealing,Annealing (T=5.143097),1,2833,546272fd-1817-4d29-a66b-93dc696e41f8,sigma_v,-8.937349160457934,0.38518758389173235
fisheries,schaefer,Simulated annealing,Annealing (T=5.143097),1,3033,546272fd-1817-4d29-a66b-93dc696e41f8,K,0.909369796662263,2275.1896222187565
fisheries,schaefer,Simulated annealing,Annealing (T=5.143097),1,3033,546272fd-1817-4d29-a66b-93dc696e41f8,q,0.909369796662263,0.00033815237040868694
fisheries,schaefer,Simulated annealing,Annealing (T=5.143097),1,3033,546272fd-1817-4d29-a66b-93dc696e41f8,r,0.909369796662263,1.0154276649361649
fisheries,schaefer,Simulated annealing,Annealing (T=5.143097),1,3033,546272fd-1817-4d29-a66b-93dc696e41f8,sigma_v,0.909369796662263,0.6036943518632532
fisheries,schaefer,Simulated annealing,Annealing (T=5.143097),1,3233,546272fd-1817-4d29-a66b-93dc696e41f8,K,22.387818305494932,2682.8852765195256
fisheries,schaefer,Simulated annealing,Annealing (T=5.143097),1,3233,546272fd-1817-4d29-a66b-93dc696e41f8,q,22.387818305494932,0.0007345812037133382
fisheries,schaefer,Simulated annealing,Annealing (T=5.143097),1,3233,546272fd-1817-4d29-a66b-93dc696e41f8,r,22.387818305494932,1.2195144724181386
fisheries,schaefer,Simulated annealing,Annealing (T=5.143097),1,3233,546272fd-1817-4d29-a66b-93dc696e41f8,sigma_v,22.387818305494932,1.388983957951528
fisheries,schaefer,Simulated annealing,Annealing (T=5.143097),1,3433,546272fd-1817-4d29-a66b-93dc696e41f8,K,-4.493318451897243,2294.0188524560804
fisheries,schaefer,Simulated annealing,Annealing (T=5.143097),1,3433,546272fd-1817-4d29-a66b-93dc696e41f8,q,-4.493318451897243,0.0003217363340891762
fisheries,schaefer,Simulated annealing,Annealing (T=5.143097),1,3433,546272fd-1817-4d29-a66b-93dc696e41f8,r,-4.493318451897243,1.2885418490353449
fisheries,schaefer,Simulated annealing,Annealing (T=5.143097),1,3433,546272fd-1817-4d29-a66b-93dc696e41f8,sigma_v,-4.493318451897243,0.37375477126808637
fisheries,schaefer,Simulated annealing,Annealing (T=5.143097),1,3633,546272fd-1817-4d29-a66b-93dc696e41f8,K,9.717594168899963,2575.4569420263197
fisheries,schaefer,Simulated annealing,Annealing (T=5.143097),1,3633,546272fd-1817-4d29-a66b-93dc696e41f8,q,9.717594168899963,0.0004358686675261228
fisheries,schaefer,Simulated annealing,Annealing (T=5.143097),1,3633,546272fd-1817-4d29-a66b-93dc696e41f8,r,9.717594168899963,1.4224641645780296
fisheries,schaefer,Simulated annealing,Annealing (T=5.143097),1,3633,546272fd-1817-4d29-a66b-93dc696e41f8,sigma_v,9.717594168899963,0.763526633750062
fisheries,schaefer,Simulated annealing,Annealing (T=5.143097),1,3833,546272fd-1817-4d29-a66b-93dc696e41f8,K,-3.799662740676526,5614.575680178116
fisheries,schaefer,Simulated annealing,Annealing (T=5.143097),1,3833,546272fd-1817-4d29-a66b-93dc696e41f8,q,-3.799662740676526,0.00013178540861145908
fisheries,schaefer,Simulated annealing,Annealing (T=5.143097),1,3833,546272fd-1817-4d29-a66b-93dc696e41f8,r,-3.799662740676526,1.3379347516862454
fisheries,schaefer,Simulated annealing,Annealing (T=5.143097),1,3833,546272fd-1817-4d29-a66b-93dc696e41f8,sigma_v,-3.799662740676526,0.3601220794730233
fisheries,schaefer,Simulated annealing,Annealing (T=5.143097),1,4033,546272fd-1817-4d29-a66b-93dc696e41f8,K,5.521177803412835,5958.0455514871355
fisheries,schaefer,Simulated annealing,Annealing (T=5.143097),1,4033,546272fd-1817-4d29-a66b-93dc696e41f8,q,5.521177803412835,9.439364108750122E-05
fisheries,schaefer,Simulated annealing,Annealing (T=5.143097),1,4033,546272fd-1817-4d29-a66b-93dc696e41f8,r,5.521177803412835,1.211151561173251
fisheries,schaefer,Simulated annealing,Annealing (T=5.143097),1,4033,546272fd-1817-4d29-a66b-93dc696e41f8,sigma_v,5.521177803412835,0.8043418953446264
fisheries,schaefer,Simulated annealing,Annealing (T=5.143097),1,4233,546272fd-1817-4d29-a66b-93dc696e41f8,K,4.9844816384815465,5221.029429713533
fisheries,schaefer,Simulated annealing,Annealing (T=5.143097),1,4233,546272fd-1817-4d29-a66b-93dc696e41f8,q,4.9844816384815465,0.00016456614713523645
fisheries,schaefer,Simulated annealing,Annealing (T=5.143097),1,4233,546272fd-1817-4d29-a66b-93dc696e41f8,r,4.9844816384815465,1.6425740340951456
fisheries,schaefer,Simulated annealing,Annealing (T=5.143097),1,4233,546272fd-1817-4d29-a66b-93dc696e41f8,sigma_v,4.9844816384815465,0.30408778067422093
fisheries,schaefer,Simulated annealing,Annealing (T=5.143097),1,4433,546272fd-1817-4d29-a66b-93dc696e41f8,K,-3.637355837437611,5319.694288381854
fisheries,schaefer,Simulated annealing,Annealing (T=5.143097),1,4433,546272fd-1817-4d29-a66b-93dc696e41f8,q,-3.637355837437611,0.00013866357755136968
fisheries,schaefer,Simulated annealing,Annealing (T=5.143097),1,4433,546272fd-1817-4d29-a66b-93dc696e41f8,r,-3.637355837437611,0.9642124223355926
fisheries,schaefer,Simulated annealing,Annealing (T=5.143097),1,4433,546272fd-1817-4d29-a66b-93dc696e41f8,sigma_v,-3.637355837437611,0.406452482671397
fisheries,schaefer,Simulated annealing,Annealing (T=5.143097),1,4633,546272fd-1817-4d29-a66b-93dc696e41f8,K,7.599678722301661,6552.058295160048
fisheries,schaefer,Simulated annealing,Annealing (T=5.143097),1,4633,546272fd-1817-4d29-a66b-93dc696e41f8,q,7.599678722301661,8.762681327814855E-05
fisheries,schaefer,Simulated annealing,Annealing (T=5.143097),1,4633,546272fd-1817-4d29-a66b-93dc696e41f8,r,7.599678722301661,2.061077926454165
fisheries,schaefer,Simulated annealing,Annealing (T=5.143097),1,4633,546272fd-1817-4d29-a66b-93dc696e41f8,sigma_v,7.599678722301661,0.9056685209277393
fisheries,schaefer,Simulated annealing,Annealing (T=5.143097),1,4833,546272fd-1817-4d29-a66b-93dc696e41f8,K,-6.371044921832493,6440.722410318334
fisheries,schaefer,Simulated annealing,Annealing (T=5.143097),1,4833,546272fd-1817-4d29-a66b-93dc696e41f8,q,-6.371044921832493,9.513320612813703E-05
fisheries,schaefer,Simulated annealing,Annealing (T=5.143097),1,4833,546272fd-1817-4d29-a66b-93dc696e41f8,r,-6.371044921832493,1.4487504012350467
fisheries,schaefer,Simulated annealing,Annealing (T=5.143097),1,4833,546272fd-1817-4d29-a66b-93dc696e41f8,sigma_v,-6.371044921832493,0.3518706831519405
fisheries,schaefer,Simulated annealing,Annealing (T=4.571642),1,32,546272fd-1817-4d29-a66b-93dc696e41f8,K,-19.841702060160497,2685.7711652530515
fisheries,schaefer,Simulated annealing,Annealing (T=4.571642),1,32,546272fd-1817-4d29-a66b-93dc696e41f8,q,-19.841702060160497,0.0004375531587770311
fisheries,schaefer,Simulated annealing,Annealing (T=4.571642),1,32,546272fd-1817-4d29-a66b-93dc696e41f8,r,-19.841702060160497,0.3845311152993057
fisheries,schaefer,Simulated annealing,Annealing (T=4.571642),1,32,546272fd-1817-4d29-a66b-93dc696e41f8,sigma_v,-19.841702060160497,0.16181308548711223
fisheries,schaefer,Simulated annealing,Annealing (T=4.571642),1,232,546272fd-1817-4d29-a66b-93dc696e41f8,K,-19.919643445342228,2618.156359573538
fisheries,schaefer,Simulated annealing,Annealing (T=4.571642),1,232,546272fd-1817-4d29-a66b-93dc696e41f8,q,-19.919643445342228,0.0004333652503166893
fisheries,schaefer,Simulated annealing,Annealing (T=4.571642),1,232,546272fd-1817-4d29-a66b-93dc696e41f8,r,-19.919643445342228,0.42837918029366423
fisheries,schaefer,Simulated annealing,Annealing (T=4.571642),1,232,546272fd-1817-4d29-a66b-93dc696e41f8,sigma_v,-19.919643445342228,0.19355373522094912
fisheries,schaefer,Simulated annealing,Annealing (T=4.571642),1,432,546272fd-1817-4d29-a66b-93dc696e41f8,K,-17.238586939809537,2786.596297579109
fisheries,schaefer,Simulated annealing,Annealing (T=4.571642),1,432,546272fd-1817-4d29-a66b-93dc696e41f8,q,-17.238586939809537,0.0003592786183828656
fisheries,schaefer,Simulated annealing,Annealing (T=4.571642),1,432,546272fd-1817-4d29-a66b-93dc696e41f8,r,-17.238586939809537,0.38518306009600517
fisheries,schaefer,Simulated annealing,Annealing (T=4.571642),1,432,546272fd-1817-4d29-a66b-93dc696e41f8,sigma_v,-17.238586939809537,0.19569037543482215
fisheries,schaefer,Simulated annealing,Annealing (T=4.571642),1,632,546272fd-1817-4d29-a66b-93dc696e41f8,K,-10.688533311437634,2500.5633111513575
fisheries,schaefer,Simulated annealing,Annealing (T=4.571642),1,632,546272fd-1817-4d29-a66b-93dc696e41f8,q,-10.688533311437634,0.0005231563964792716
fisheries,schaefer,Simulated annealing,Annealing (T=4.571642),1,632,546272fd-1817-4d29-a66b-93dc696e41f8,r,-10.688533311437634,0.4165733197165489
fisheries,schaefer,Simulated annealing,Annealing (T=4.571642),1,632,546272fd-1817-4d29-a66b-93dc696e41f8,sigma_v,-10.688533311437634,0.2873873769730749
fisheries,schaefer,Simulated annealing,Annealing (T=4.571642),1,832,546272fd-1817-4d29-a66b-93dc696e41f8,K,-26.310961115920197,2537.3099117335164
fisheries,schaefer,Simulated annealing,Annealing (T=4.571642),1,832,546272fd-1817-4d29-a66b-93dc696e41f8,q,-26.310961115920197,0.000542461968040738
fisheries,schaefer,Simulated annealing,Annealing (T=4.571642),1,832,546272fd-1817-4d29-a66b-93dc696e41f8,r,-26.310961115920197,0.4191383778619906
fisheries,schaefer,Simulated annealing,Annealing (T=4.571642),1,832,546272fd-1817-4d29-a66b-93dc696e41f8,sigma_v,-26.310961115920197,0.12526102943260983
fisheries,schaefer,Simulated annealing,Annealing (T=4.571642),1,1032,546272fd-1817-4d29-a66b-93dc696e41f8,K,-18.885903054760714,2597.522242122068
fisheries,schaefer,Simulated annealing,Annealing (T=4.571642),1,1032,546272fd-1817-4d29-a66b-93dc696e41f8,q,-18.885903054760714,0.0005372647360997824
fisheries,schaefer,Simulated annealing,Annealing (T=4.571642),1,1032,546272fd-1817-4d29-a66b-93dc696e41f8,r,-18.885903054760714,0.3941289658256344
fisheries,schaefer,Simulated annealing,Annealing (T=4.571642),1,1032,546272fd-1817-4d29-a66b-93dc696e41f8,sigma_v,-18.885903054760714,0.16255839408873018
fisheries,schaefer,Simulated annealing,Annealing (T=4.571642),1,1232,546272fd-1817-4d29-a66b-93dc696e41f8,K,-9.798966764003403,2527.5813577711765
fisheries,schaefer,Simulated annealing,Annealing (T=4.571642),1,1232,546272fd-1817-4d29-a66b-93dc696e41f8,q,-9.798966764003403,0.0005911252760801395
fisheries,schaefer,Simulated annealing,Annealing (T=4.571642),1,1232,546272fd-1817-4d29-a66b-93dc696e41f8,r,-9.798966764003403,0.4134910713818648
fisheries,schaefer,Simulated annealing,Annealing (T=4.571642),1,1232,546272fd-1817-4d29-a66b-93dc696e41f8,sigma_v,-9.798966764003403,0.07439165545207127
fisheries,schaefer,Simulated annealing,Annealing (T=4.571642),1,1432,546272fd-1817-4d29-a66b-93dc696e41f8,K,-26.41473208832457,2608.6864195589756
fisheries,schaefer,Simulated annealing,Annealing (T=4.571642),1,1432,546272fd-1817-4d29-a66b-93dc696e41f8,q,-26.41473208832457,0.00046135000694641677
fisheries,schaefer,Simulated annealing,Annealing (T=4.571642),1,1432,546272fd-1817-4d29-a66b-93dc696e41f8,r,-26.41473208832457,0.41202061603855705
fisheries,schaefer,Simulated annealing,Annealing (T=4.571642),1,1432,546272fd-1817-4d29-a66b-93dc696e41f8,sigma_v,-26.41473208832457,0.09555184832820995
fisheries,schaefer,Simulated annealing,Annealing (T=4.571642),1,1632,546272fd-1817-4d29-a66b-93dc696e41f8,K,-24.362027739171364,2596.469100516975
fisheries,schaefer,Simulated annealing,Annealing (T=4.571642),1,1632,546272fd-1817-4d29-a66b-93dc696e41f8,q,-24.362027739171364,0.00044277892584362595
fisheries,schaefer,Simulated annealing,Annealing (T=4.571642),1,1632,546272fd-1817-4d29-a66b-93dc696e41f8,r,-24.362027739171364,0.4224643875187361
fisheries,schaefer,Simulated annealing,Annealing (T=4.571642),1,1632,546272fd-1817-4d29-a66b-93dc696e41f8,sigma_v,-24.362027739171364,0.13654446034791137
fisheries,schaefer,Simulated annealing,Annealing (T=4.571642),1,1832,546272fd-1817-4d29-a66b-93dc696e41f8,K,-21.6725198896366,2609.568055591152
fisheries,schaefer,Simulated annealing,Annealing (T=4.571642),1,1832,546272fd-1817-4d29-a66b-93dc696e41f8,q,-21.6725198896366,0.0005735355323807889
fisheries,schaefer,Simulated annealing,Annealing (T=4.571642),1,1832,546272fd-1817-4d29-a66b-93dc696e41f8,r,-21.6725198896366,0.393242272738635
fisheries,schaefer,Simulated annealing,Annealing (T=4.571642),1,1832,546272fd-1817-4d29-a66b-93dc696e41f8,sigma_v,-21.6725198896366,0.16292413429215183
fisheries,schaefer,Simulated annealing,Annealing (T=4.571642),1,2032,546272fd-1817-4d29-a66b-93dc696e41f8,K,-24.7750972317575,2714.708742713443
fisheries,schaefer,Simulated annealing,Annealing (T=4.571642),1,2032,546272fd-1817-4d29-a66b-93dc696e41f8,q,-24.7750972317575,0.00046135914103942433
fisheries,schaefer,Simulated annealing,Annealing (T=4.571642),1,2032,546272fd-1817-4d29-a66b-93dc696e41f8,r,-24.7750972317575,0.37745280477680293
fisheries,schaefer,Simulated annealing,Annealing (T=4.571642),1,2032,546272fd-1817-4d29-a66b-93dc696e41f8,sigma_v,-24.7750972317575,0.10469112960951264
fisheries,schaefer,Simulated annealing,Annealing (T=4.571642),1,2232,546272fd-1817-4d29-a66b-93dc696e41f8,K,5.96364180261204,3756.4077773997597
fisheries,schaefer,Simulated annealing,Annealing (T=4.571642),1,2232,546272fd-1817-4d29-a66b-93dc696e41f8,q,5.96364180261204,0.00035098160638774383
fisheries,schaefer,Simulated annealing,Annealing (T=4.571642),1,2232,546272fd-1817-4d29-a66b-93dc696e41f8,r,5.96364180261204,0.3728053123258814
fisheries,schaefer,Simulated annealing,Annealing (T=4.571642),1,2232,546272fd-1817-4d29-a66b-93dc696e41f8,sigma_v,5.96364180261204,0.4714882800744403
fisheries,schaefer,Simulated annealing,Annealing (T=4.571642),1,2432,546272fd-1817-4d29-a66b-93dc696e41f8,K,5.153809562109625,4462.836580244969
fisheries,schaefer,Simulated annealing,Annealing (T=4.571642),1,2432,546272fd-1817-4d29-a66b-93dc696e41f8,q,5.153809562109625,0.00012683536964516506
fisheries,schaefer,Simulated annealing,Annealing (T=4.571642),1,2432,546272fd-1817-4d29-a66b-93dc696e41f8,r,5.153809562109625,0.3135725702049503
fisheries,schaefer,Simulated annealing,Annealing (T=4.571642),1,2432,546272fd-1817-4d29-a66b-93dc696e41f8,sigma_v,5.153809562109625,0.7219851105966031
fisheries,schaefer,Simulated annealing,Annealing (T=4.571642),1,2632,546272fd-1817-4d29-a66b-93dc696e41f8,K,-3.675964066860006,5010.54665013605
fisheries,schaefer,Simulated annealing,Annealing (T=4.571642),1,2632,546272fd-1817-4d29-a66b-93dc696e41f8,q,-3.675964066860006,0.00012342955629062203
fisheries,schaefer,Simulated annealing,Annealing (T=4.571642),1,2632,546272fd-1817-4d29-a66b-93dc696e41f8,r,-3.675964066860006,0.4317973829715582
fisheries,schaefer,Simulated annealing,Annealing (T=4.571642),1,2632,546272fd-1817-4d29-a66b-93dc696e41f8,sigma_v,-3.675964066860006,0.4465036503887119
fisheries,schaefer,Simulated annealing,Annealing (T=4.571642),1,2832,546272fd-1817-4d29-a66b-93dc696e41f8,K,-10.803969535102517,4869.012840096223
fisheries,schaefer,Simulated annealing,Annealing (T=4.571642),1,2832,546272fd-1817-4d29-a66b-93dc696e41f8,q,-10.803969535102517,0.00014755892441659972
fisheries,schaefer,Simulated annealing,Annealing (T=4.571642),1,2832,546272fd-1817-4d29-a66b-93dc696e41f8,r,-10.803969535102517,0.2886748998968846
fisheries,schaefer,Simulated annealing,Annealing (T=4.571642),1,2832,546272fd-1817-4d29-a66b-93dc696e41f8,sigma_v,-10.803969535102517,0.22636649176543913
fisheries,schaefer,Simulated annealing,Annealing (T=4.571642),1,3032,546272fd-1817-4d29-a66b-93dc696e41f8,K,1.3645741498045911,5005.556046290032
fisheries,schaefer,Simulated annealing,Annealing (T=4.571642),1,3032,546272fd-1817-4d29-a66b-93dc696e41f8,q,1.3645741498045911,0.00024136101846171498
fisheries,schaefer,Simulated annealing,Annealing (T=4.571642),1,3032,546272fd-1817-4d29-a66b-93dc696e41f8,r,1.3645741498045911,0.0997913361666255
fisheries,schaefer,Simulated annealing,Annealing (T=4.571642),1,3032,546272fd-1817-4d29-a66b-93dc696e41f8,sigma_v,1.3645741498045911,0.2866828985497455
fisheries,schaefer,Simulated annealing,Annealing (T=4.571642),1,3232,546272fd-1817-4d29-a66b-93dc696e41f8,K,-11.779930969921345,5283.320892949918
fisheries,schaefer,Simulated annealing,Annealing (T=4.571642),1,3232,546272fd-1817-4d29-a66b-93dc696e41f8,q,-11.779930969921345,0.00015458603226634299
fisheries,schaefer,Simulated annealing,Annealing (T=4.571642),1,3232,546272fd-1817-4d29-a66b-93dc696e41f8,r,-11.779930969921345,0.25537513691703023
fisheries,schaefer,Simulated annealing,Annealing (T=4.571642),1,3232,546272fd-1817-4d29-a66b-93dc696e41f8,sigma_v,-11.779930969921345,0.1642772722789405
fisheries,schaefer,Simulated annealing,Annealing (T=4.571642),1,3432,546272fd-1817-4d29-a66b-93dc696e41f8,K,7.084170983148222,5247.152372795994
fisheries,schaefer,Simulated annealing,Annealing (T=4.571642),1,3432,546272fd-1817-4d29-a66b-93dc696e41f8,q,7.084170983148222,0.00018163887200688478
fisheries,schaefer,Simulated annealing,Annealing (T=4.571642),1,3432,546272fd-1817-4d29-a66b-93dc696e41f8,r,7.084170983148222,0.49224771524069216
fisheries,schaefer,Simulated annealing,Annealing (T=4.571642),1,3432,546272fd-1817-4d29-a66b-93dc696e41f8,sigma_v,7.084170983148222,0.278142475434315
fisheries,schaefer,Simulated annealing,Annealing (T=4.571642),1,3632,546272fd-1817-4d29-a66b-93dc696e41f8,K,-1.7799799505018654,5134.550611542247
fisheries,schaefer,Simulated annealing,Annealing (T=4.571642),1,3632,546272fd-1817-4d29-a66b-93dc696e41f8,q,-1.7799799505018654,0.00016289045084218523
fisheries,schaefer,Simulated annealing,Annealing (T=4.571642),1,3632,546272fd-1817-4d29-a66b-93dc696e41f8,r,-1.7799799505018654,0.4556795787256769
fisheries,schaefer,Simulated annealing,Annealing (T=4.571642),1,3632,546272fd-1817-4d29-a66b-93dc696e41f8,sigma_v,-1.7799799505018654,0.485762754019585
fisheries,schaefer,Simulated annealing,Annealing (T=4.571642),1,3832,546272fd-1817-4d29-a66b-93dc696e41f8,K,-6.553306794825679,2835.8818697561846
fisheries,schaefer,Simulated annealing,Annealing (T=4.571642),1,3832,546272fd-1817-4d29-a66b-93dc696e41f8,q,-6.553306794825679,0.00025191097668823186
fisheries,schaefer,Simulated annealing,Annealing (T=4.571642),1,3832,546272fd-1817-4d29-a66b-93dc696e41f8,r,-6.553306794825679,0.734354051091666
fisheries,schaefer,Simulated annealing,Annealing (T=4.571642),1,3832,546272fd-1817-4d29-a66b-93dc696e41f8,sigma_v,-6.553306794825679,0.2845475162925394
fisheries,schaefer,Simulated annealing,Annealing (T=4.571642),1,4032,546272fd-1817-4d29-a66b-93dc696e41f8,K,3.7419824493215494,4162.815206540571
fisheries,schaefer,Simulated annealing,Annealing (T=4.571642),1,4032,546272fd-1817-4d29-a66b-93dc696e41f8,q,3.7419824493215494,0.00014685219522039887
fisheries,schaefer,Simulated annealing,Annealing (T=4.571642),1,4032,546272fd-1817-4d29-a66b-93dc696e41f8,r,3.7419824493215494,0.9649679191573931
fisheries,schaefer,Simulated annealing,Annealing (T=4.571642),1,4032,546272fd-1817-4d29-a66b-93dc696e41f8,sigma_v,3.7419824493215494,0.7311517595625194
fisheries,schaefer,Simulated annealing,Annealing (T=4.571642),1,4232,546272fd-1817-4d29-a66b-93dc696e41f8,K,-6.568517812664515,4161.619905546706
fisheries,schaefer,Simulated annealing,Annealing (T=4.571642),1,4232,546272fd-1817-4d29-a66b-93dc696e41f8,q,-6.568517812664515,0.00015119881367593697
fisheries,schaefer,Simulated annealing,Annealing (T=4.571642),1,4232,546272fd-1817-4d29-a66b-93dc696e41f8,r,-6.568517812664515,0.9405557500262911
fisheries,schaefer,Simulated annealing,Annealing (T=4.571642),1,4232,546272fd-1817-4d29-a66b-93dc696e41f8,sigma_v,-6.568517812664515,0.28500986259950395
fisheries,schaefer,Simulated annealing,Annealing (T=4.571642),1,4432,546272fd-1817-4d29-a66b-93dc696e41f8,K,-16.414817077118133,3628.8606922028866
fisheries,schaefer,Simulated annealing,Annealing (T=4.571642),1,4432,546272fd-1817-4d29-a66b-93dc696e41f8,q,-16.414817077118133,0.0002502066748069563
fisheries,schaefer,Simulated annealing,Annealing (T=4.571642),1,4432,546272fd-1817-4d29-a66b-93dc696e41f8,r,-16.414817077118133,0.31947743800109496
fisheries,schaefer,Simulated annealing,Annealing (T=4.571642),1,4432,546272fd-1817-4d29-a66b-93dc696e41f8,sigma_v,-16.414817077118133,0.22387327368508833
fisheries,schaefer,Simulated annealing,Annealing (T=4.571642),1,4632,546272fd-1817-4d29-a66b-93dc696e41f8,K,-18.42834147375053,3629.249643080845
fisheries,schaefer,Simulated annealing,Annealing (T=4.571642),1,4632,546272fd-1817-4d29-a66b-93dc696e41f8,q,-18.42834147375053,0.00036867842553394727
fisheries,schaefer,Simulated annealing,Annealing (T=4.571642),1,4632,546272fd-1817-4d29-a66b-93dc696e41f8,r,-18.42834147375053,0.24493895256377501
fisheries,schaefer,Simulated annealing,Annealing (T=4.571642),1,4632,546272fd-1817-4d29-a66b-93dc696e41f8,sigma_v,-18.42834147375053,0.1564997444559369
fisheries,schaefer,Simulated annealing,Annealing (T=4.571642),1,4832,546272fd-1817-4d29-a66b-93dc696e41f8,K,-24.10875786915481,3502.9835889682595
fisheries,schaefer,Simulated annealing,Annealing (T=4.571642),1,4832,546272fd-1817-4d29-a66b-93dc696e41f8,q,-24.10875786915481,0.0003597766926029741
fisheries,schaefer,Simulated annealing,Annealing (T=4.571642),1,4832,546272fd-1817-4d29-a66b-93dc696e41f8,r,-24.10875786915481,0.2599685302571411
fisheries,schaefer,Simulated annealing,Annealing (T=4.571642),1,4832,546272fd-1817-4d29-a66b-93dc696e41f8,sigma_v,-24.10875786915481,0.13593646899960873
fisheries,schaefer,Simulated annealing,Annealing (T=4.114478),1,31,546272fd-1817-4d29-a66b-93dc696e41f8,K,-26.200230605280606,2741.531344597134
fisheries,schaefer,Simulated annealing,Annealing (T=4.114478),1,31,546272fd-1817-4d29-a66b-93dc696e41f8,q,-26.200230605280606,0.0004698824733407586
fisheries,schaefer,Simulated annealing,Annealing (T=4.114478),1,31,546272fd-1817-4d29-a66b-93dc696e41f8,r,-26.200230605280606,0.3768801090483116
fisheries,schaefer,Simulated annealing,Annealing (T=4.114478),1,31,546272fd-1817-4d29-a66b-93dc696e41f8,sigma_v,-26.200230605280606,0.07188739613438637
fisheries,schaefer,Simulated annealing,Annealing (T=4.114478),1,231,546272fd-1817-4d29-a66b-93dc696e41f8,K,-19.84473404235778,2637.153827052574
fisheries,schaefer,Simulated annealing,Annealing (T=4.114478),1,231,546272fd-1817-4d29-a66b-93dc696e41f8,q,-19.84473404235778,0.0005233678176482254
fisheries,schaefer,Simulated annealing,Annealing (T=4.114478),1,231,546272fd-1817-4d29-a66b-93dc696e41f8,r,-19.84473404235778,0.3888526856788493
fisheries,schaefer,Simulated annealing,Annealing (T=4.114478),1,231,546272fd-1817-4d29-a66b-93dc696e41f8,sigma_v,-19.84473404235778,0.21752084486125223
fisheries,schaefer,Simulated annealing,Annealing (T=4.114478),1,431,546272fd-1817-4d29-a66b-93dc696e41f8,K,-25.574926037379896,2641.6384091844147
fisheries,schaefer,Simulated annealing,Annealing (T=4.114478),1,431,546272fd-1817-4d29-a66b-93dc696e41f8,q,-25.574926037379896,0.0005266148785821983
fisheries,schaefer,Simulated annealing,Annealing (T=4.114478),1,431,546272fd-1817-4d29-a66b-93dc696e41f8,r,-25.574926037379896,0.39097283568838653
fisheries,schaefer,Simulated annealing,Annealing (T=4.114478),1,431,546272fd-1817-4d29-a66b-93dc696e41f8,sigma_v,-25.574926037379896,0.1425878162991765
fisheries,schaefer,Simulated annealing,Annealing (T=4.114478),1,631,546272fd-1817-4d29-a66b-93dc696e41f8,K,-20.586957113795446,2780.7315683758243
fisheries,schaefer,Simulated annealing,Annealing (T=4.114478),1,631,546272fd-1817-4d29-a66b-93dc696e41f8,q,-20.586957113795446,0.0004765057677109549
fisheries,schaefer,Simulated annealing,Annealing (T=4.114478),1,631,546272fd-1817-4d29-a66b-93dc696e41f8,r,-20.586957113795446,0.3633476977590933
fisheries,schaefer,Simulated annealing,Annealing (T=4.114478),1,631,546272fd-1817-4d29-a66b-93dc696e41f8,sigma_v,-20.586957113795446,0.22196023135441284
fisheries,schaefer,Simulated annealing,Annealing (T=4.114478),1,831,546272fd-1817-4d29-a66b-93dc696e41f8,K,-4.011068282828623,2935.7769955235312
fisheries,schaefer,Simulated annealing,Annealing (T=4.114478),1,831,546272fd-1817-4d29-a66b-93dc696e41f8,q,-4.011068282828623,0.0004883771700351408
fisheries,schaefer,Simulated annealing,Annealing (T=4.114478),1,831,546272fd-1817-4d29-a66b-93dc696e41f8,r,-4.011068282828623,0.32660222036435216
fisheries,schaefer,Simulated annealing,Annealing (T=4.114478),1,831,546272fd-1817-4d29-a66b-93dc696e41f8,sigma_v,-4.011068282828623,0.5288278678373998
fisheries,schaefer,Simulated annealing,Annealing (T=4.114478),1,1031,546272fd-1817-4d29-a66b-93dc696e41f8,K,-20.211192600932986,2846.691966166013
fisheries,schaefer,Simulated annealing,Annealing (T=4.114478),1,1031,546272fd-1817-4d29-a66b-93dc696e41f8,q,-20.211192600932986,0.00037086883125451113
fisheries,schaefer,Simulated annealing,Annealing (T=4.114478),1,1031,546272fd-1817-4d29-a66b-93dc696e41f8,r,-20.211192600932986,0.37079947491234483
fisheries,schaefer,Simulated annealing,Annealing (T=4.114478),1,1031,546272fd-1817-4d29-a66b-93dc696e41f8,sigma_v,-20.211192600932986,0.19483288138486607
fisheries,schaefer,Simulated annealing,Annealing (T=4.114478),1,1231,546272fd-1817-4d29-a66b-93dc696e41f8,K,-17.217206838189497,2844.7974099102703
fisheries,schaefer,Simulated annealing,Annealing (T=4.114478),1,1231,546272fd-1817-4d29-a66b-93dc696e41f8,q,-17.217206838189497,0.00037316303342905274
fisheries,schaefer,Simulated annealing,Annealing (T=4.114478),1,1231,546272fd-1817-4d29-a66b-93dc696e41f8,r,-17.217206838189497,0.37025975432070973
fisheries,schaefer,Simulated annealing,Annealing (T=4.114478),1,1231,546272fd-1817-4d29-a66b-93dc696e41f8,sigma_v,-17.217206838189497,0.09257557075406413
fisheries,schaefer,Simulated annealing,Annealing (T=4.114478),1,1431,546272fd-1817-4d29-a66b-93dc696e41f8,K,-23.22273428479651,2562.244513558399
fisheries,schaefer,Simulated annealing,Annealing (T=4.114478),1,1431,546272fd-1817-4d29-a66b-93dc696e41f8,q,-23.22273428479651,0.00046826624491110236
fisheries,schaefer,Simulated annealing,Annealing (T=4.114478),1,1431,546272fd-1817-4d29-a66b-93dc696e41f8,r,-23.22273428479651,0.4282512266821389
fisheries,schaefer,Simulated annealing,Annealing (T=4.114478),1,1431,546272fd-1817-4d29-a66b-93dc696e41f8,sigma_v,-23.22273428479651,0.1676590386403147
fisheries,schaefer,Simulated annealing,Annealing (T=4.114478),1,1631,546272fd-1817-4d29-a66b-93dc696e41f8,K,-23.317772401064655,2448.1371196507707
fisheries,schaefer,Simulated annealing,Annealing (T=4.114478),1,1631,546272fd-1817-4d29-a66b-93dc696e41f8,q,-23.317772401064655,0.00054483534501329
fisheries,schaefer,Simulated annealing,Annealing (T=4.114478),1,1631,546272fd-1817-4d29-a66b-93dc696e41f8,r,-23.317772401064655,0.4481306447632587
fisheries,schaefer,Simulated annealing,Annealing (T=4.114478),1,1631,546272fd-1817-4d29-a66b-93dc696e41f8,sigma_v,-23.317772401064655,0.154667068328241
fisheries,schaefer,Simulated annealing,Annealing (T=4.114478),1,1831,546272fd-1817-4d29-a66b-93dc696e41f8,K,-0.26912325962924766,2092.5497633899327
fisheries,schaefer,Simulated annealing,Annealing (T=4.114478),1,1831,546272fd-1817-4d29-a66b-93dc696e41f8,q,-0.26912325962924766,0.0004022745387357678
fisheries,schaefer,Simulated annealing,Annealing (T=4.114478),1,1831,546272fd-1817-4d29-a66b-93dc696e41f8,r,-0.26912325962924766,0.5907294634335394
fisheries,schaefer,Simulated annealing,Annealing (T=4.114478),1,1831,546272fd-1817-4d29-a66b-93dc696e41f8,sigma_v,-0.26912325962924766,0.5554377713450412
fisheries,schaefer,Simulated annealing,Annealing (T=4.114478),1,2031,546272fd-1817-4d29-a66b-93dc696e41f8,K,-7.622625119268513,1752.7877161174854
fisheries,schaefer,Simulated annealing,Annealing (T=4.114478),1,2031,546272fd-1817-4d29-a66b-93dc696e41f8,q,-7.622625119268513,0.0007517393445092982
fisheries,schaefer,Simulated annealing,Annealing (T=4.114478),1,2031,546272fd-1817-4d29-a66b-93dc696e41f8,r,-7.622625119268513,0.7229400660567825
fisheries,schaefer,Simulated annealing,Annealing (T=4.114478),1,2031,546272fd-1817-4d29-a66b-93dc696e41f8,sigma_v,-7.622625119268513,0.19191866801599028
fisheries,schaefer,Simulated annealing,Annealing (T=4.114478),1,2231,546272fd-1817-4d29-a66b-93dc696e41f8,K,-1.993921006265614,1761.4562939878974
fisheries,schaefer,Simulated annealing,Annealing (T=4.114478),1,2231,546272fd-1817-4d29-a66b-93dc696e41f8,q,-1.993921006265614,0.000631248528686136
fisheries,schaefer,Simulated annealing,Annealing (T=4.114478),1,2231,546272fd-1817-4d29-a66b-93dc696e41f8,r,-1.993921006265614,0.7277237691689491
fisheries,schaefer,Simulated annealing,Annealing (T=4.114478),1,2231,546272fd-1817-4d29-a66b-93dc696e41f8,sigma_v,-1.993921006265614,0.5413633619636545
fisheries,schaefer,Simulated annealing,Annealing (T=4.114478),1,2431,546272fd-1817-4d29-a66b-93dc696e41f8,K,-6.674523742827665,1869.6496003180919
fisheries,schaefer,Simulated annealing,Annealing (T=4.114478),1,2431,546272fd-1817-4d29-a66b-93dc696e41f8,q,-6.674523742827665,0.0005039298190590354
fisheries,schaefer,Simulated annealing,Annealing (T=4.114478),1,2431,546272fd-1817-4d29-a66b-93dc696e41f8,r,-6.674523742827665,0.6952235881161455
fisheries,schaefer,Simulated annealing,Annealing (T=4.114478),1,2431,546272fd-1817-4d29-a66b-93dc696e41f8,sigma_v,-6.674523742827665,0.36906118429585233
fisheries,schaefer,Simulated annealing,Annealing (T=4.114478),1,2631,546272fd-1817-4d29-a66b-93dc696e41f8,K,-1.7721535926440857,2165.7442370331596
fisheries,schaefer,Simulated annealing,Annealing (T=4.114478),1,2631,546272fd-1817-4d29-a66b-93dc696e41f8,q,-1.7721535926440857,0.0004221565361664459
fisheries,schaefer,Simulated annealing,Annealing (T=4.114478),1,2631,546272fd-1817-4d29-a66b-93dc696e41f8,r,-1.7721535926440857,0.8502506495961769
fisheries,schaefer,Simulated annealing,Annealing (T=4.114478),1,2631,546272fd-1817-4d29-a66b-93dc696e41f8,sigma_v,-1.7721535926440857,0.42034036616264886
fisheries,schaefer,Simulated annealing,Annealing (T=4.114478),1,2831,546272fd-1817-4d29-a66b-93dc696e41f8,K,-1.43203368565846,2824.714144038474
fisheries,schaefer,Simulated annealing,Annealing (T=4.114478),1,2831,546272fd-1817-4d29-a66b-93dc696e41f8,q,-1.43203368565846,0.0002962885566860985
fisheries,schaefer,Simulated annealing,Annealing (T=4.114478),1,2831,546272fd-1817-4d29-a66b-93dc696e41f8,r,-1.43203368565846,0.9770877784312306
fisheries,schaefer,Simulated annealing,Annealing (T=4.114478),1,2831,546272fd-1817-4d29-a66b-93dc696e41f8,sigma_v,-1.43203368565846,0.44181242923167807
fisheries,schaefer,Simulated annealing,Annealing (T=4.114478),1,3031,546272fd-1817-4d29-a66b-93dc696e41f8,K,2.8410708316811766,3693.864459779712
fisheries,schaefer,Simulated annealing,Annealing (T=4.114478),1,3031,546272fd-1817-4d29-a66b-93dc696e41f8,q,2.8410708316811766,0.00012599237303470117
fisheries,schaefer,Simulated annealing,Annealing (T=4.114478),1,3031,546272fd-1817-4d29-a66b-93dc696e41f8,r,2.8410708316811766,0.9086695332037169
fisheries,schaefer,Simulated annealing,Annealing (T=4.114478),1,3031,546272fd-1817-4d29-a66b-93dc696e41f8,sigma_v,2.8410708316811766,0.4248005334362738
fisheries,schaefer,Simulated annealing,Annealing (T=4.114478),1,3231,546272fd-1817-4d29-a66b-93dc696e41f8,K,-4.648559249156918,4399.3655523799325
fisheries,schaefer,Simulated annealing,Annealing (T=4.114478),1,3231,546272fd-1817-4d29-a66b-93dc696e41f8,q,-4.648559249156918,0.00012609077509871815
fisheries,schaefer,Simulated annealing,Annealing (T=4.114478),1,3231,546272fd-1817-4d29-a66b-93dc696e41f8,r,-4.648559249156918,1.5826762512181891
fisheries,schaefer,Simulated annealing,Annealing (T=4.114478),1,3231,546272fd-1817-4d29-a66b-93dc696e41f8,sigma_v,-4.648559249156918,0.26818054903578215
fisheries,schaefer,Simulated annealing,Annealing (T=4.114478),1,3431,546272fd-1817-4d29-a66b-93dc696e41f8,K,-1.8586536887755443,4203.201513890087
fisheries,schaefer,Simulated annealing,Annealing (T=4.114478),1,3431,546272fd-1817-4d29-a66b-93dc696e41f8,q,-1.8586536887755443,0.00017759396327284423
fisheries,schaefer,Simulated annealing,Annealing (T=4.114478),1,3431,546272fd-1817-4d29-a66b-93dc696e41f8,r,-1.8586536887755443,1.7311083961043843
fisheries,schaefer,Simulated annealing,Annealing (T=4.114478),1,3431,546272fd-1817-4d29-a66b-93dc696e41f8,sigma_v,-1.8586536887755443,0.46707489917173217
fisheries,schaefer,Simulated annealing,Annealing (T=4.114478),1,3631,546272fd-1817-4d29-a66b-93dc696e41f8,K,6.117006150165867,4178.004243346387
fisheries,schaefer,Simulated annealing,Annealing (T=4.114478),1,3631,546272fd-1817-4d29-a66b-93dc696e41f8,q,6.117006150165867,0.00023512515063423527
fisheries,schaefer,Simulated annealing,Annealing (T=4.114478),1,3631,546272fd-1817-4d29-a66b-93dc696e41f8,r,6.117006150165867,1.5753088477640318
fisheries,schaefer,Simulated annealing,Annealing (T=4.114478),1,3631,546272fd-1817-4d29-a66b-93dc696e41f8,sigma_v,6.117006150165867,0.4804734674688995
fisheries,schaefer,Simulated annealing,Annealing (T=4.114478),1,3831,546272fd-1817-4d29-a66b-93dc696e41f8,K,7.217877001714771,3911.284569292818
fisheries,schaefer,Simulated annealing,Annealing (T=4.114478),1,3831,546272fd-1817-4d29-a66b-93dc696e41f8,q,7.217877001714771,0.00017321951563207722
fisheries,schaefer,Simulated annealing,Annealing (T=4.114478),1,3831,546272fd-1817-4d29-a66b-93dc696e41f8,r,7.217877001714771,1.6643243940599866
fisheries,schaefer,Simulated annealing,Annealing (T=4.114478),1,3831,546272fd-1817-4d29-a66b-93dc696e41f8,sigma_v,7.217877001714771,0.8854507339743326
fisheries,schaefer,Simulated annealing,Annealing (T=4.114478),1,4031,546272fd-1817-4d29-a66b-93dc696e41f8,K,6.271895400413455,4109.295785036056
fisheries,schaefer,Simulated annealing,Annealing (T=4.114478),1,4031,546272fd-1817-4d29-a66b-93dc696e41f8,q,6.271895400413455,0.00022504934768597884
fisheries,schaefer,Simulated annealing,Annealing (T=4.114478),1,4031,546272fd-1817-4d29-a66b-93dc696e41f8,r,6.271895400413455,1.8579645363541801
fisheries,schaefer,Simulated annealing,Annealing (T=4.114478),1,4031,546272fd-1817-4d29-a66b-93dc696e41f8,sigma_v,6.271895400413455,0.3641566634469329
fisheries,schaefer,Simulated annealing,Annealing (T=4.114478),1,4231,546272fd-1817-4d29-a66b-93dc696e41f8,K,1.671743029115073,4238.268258420064
fisheries,schaefer,Simulated annealing,Annealing (T=4.114478),1,4231,546272fd-1817-4d29-a66b-93dc696e41f8,q,1.671743029115073,0.00020473188247218651
fisheries,schaefer,Simulated annealing,Annealing (T=4.114478),1,4231,546272fd-1817-4d29-a66b-93dc696e41f8,r,1.671743029115073,1.628714258701235
fisheries,schaefer,Simulated annealing,Annealing (T=4.114478),1,4231,546272fd-1817-4d29-a66b-93dc696e41f8,sigma_v,1.671743029115073,0.45335455297208765
fisheries,schaefer,Simulated annealing,Annealing (T=4.114478),1,4431,546272fd-1817-4d29-a66b-93dc696e41f8,K,1.3464381842611812,2509.147258701658
fisheries,schaefer,Simulated annealing,Annealing (T=4.114478),1,4431,546272fd-1817-4d29-a66b-93dc696e41f8,q,1.3464381842611812,0.0003076398685362388
fisheries,schaefer,Simulated annealing,Annealing (T=4.114478),1,4431,546272fd-1817-4d29-a66b-93dc696e41f8,r,1.3464381842611812,2.7016028354981905
fisheries,schaefer,Simulated annealing,Annealing (T=4.114478),1,4431,546272fd-1817-4d29-a66b-93dc696e41f8,sigma_v,1.3464381842611812,0.3583622629247609
fisheries,schaefer,Simulated annealing,Annealing (T=4.114478),1,4631,546272fd-1817-4d29-a66b-93dc696e41f8,K,8.61413472101374,920.5344272102169
fisheries,schaefer,Simulated annealing,Annealing (T=4.114478),1,4631,546272fd-1817-4d29-a66b-93dc696e41f8,q,8.61413472101374,0.0008227241539152698
fisheries,schaefer,Simulated annealing,Annealing (T=4.114478),1,4631,546272fd-1817-4d29-a66b-93dc696e41f8,r,8.61413472101374,2.9606046022846066
fisheries,schaefer,Simulated annealing,Annealing (T=4.114478),1,4631,546272fd-1817-4d29-a66b-93dc696e41f8,sigma_v,8.61413472101374,0.8731998726937918
fisheries,schaefer,Simulated annealing,Annealing (T=4.114478),1,4831,546272fd-1817-4d29-a66b-93dc696e41f8,K,21.933447400753707,892.1607085375346
fisheries,schaefer,Simulated annealing,Annealing (T=4.114478),1,4831,546272fd-1817-4d29-a66b-93dc696e41f8,q,21.933447400753707,0.0003809467026342712
fisheries,schaefer,Simulated annealing,Annealing (T=4.114478),1,4831,546272fd-1817-4d29-a66b-93dc696e41f8,r,21.933447400753707,3.155730069828894
fisheries,schaefer,Simulated annealing,Annealing (T=4.114478),1,4831,546272fd-1817-4d29-a66b-93dc696e41f8,sigma_v,21.933447400753707,1.534891302888646
fisheries,schaefer,Simulated annealing,Annealing (T=3.740434),1,30,546272fd-1817-4d29-a66b-93dc696e41f8,K,-22.238334741415837,2931.688031690419
fisheries,schaefer,Simulated annealing,Annealing (T=3.740434),1,30,546272fd-1817-4d29-a66b-93dc696e41f8,q,-22.238334741415837,0.00037144256678636414
fisheries,schaefer,Simulated annealing,Annealing (T=3.740434),1,30,546272fd-1817-4d29-a66b-93dc696e41f8,r,-22.238334741415837,0.348195394226617
fisheries,schaefer,Simulated annealing,Annealing (T=3.740434),1,30,546272fd-1817-4d29-a66b-93dc696e41f8,sigma_v,-22.238334741415837,0.15783690508095305
fisheries,schaefer,Simulated annealing,Annealing (T=3.740434),1,230,546272fd-1817-4d29-a66b-93dc696e41f8,K,4.537086999978971,2926.954901310232
fisheries,schaefer,Simulated annealing,Annealing (T=3.740434),1,230,546272fd-1817-4d29-a66b-93dc696e41f8,q,4.537086999978971,0.00035968854706785775
fisheries,schaefer,Simulated annealing,Annealing (T=3.740434),1,230,546272fd-1817-4d29-a66b-93dc696e41f8,r,4.537086999978971,0.35016918134075325
fisheries,schaefer,Simulated annealing,Annealing (T=3.740434),1,230,546272fd-1817-4d29-a66b-93dc696e41f8,sigma_v,4.537086999978971,0.8099782392548569
fisheries,schaefer,Simulated annealing,Annealing (T=3.740434),1,430,546272fd-1817-4d29-a66b-93dc696e41f8,K,-19.102456694472504,3293.6885300502686
fisheries,schaefer,Simulated annealing,Annealing (T=3.740434),1,430,546272fd-1817-4d29-a66b-93dc696e41f8,q,-19.102456694472504,0.0004017677911348229
fisheries,schaefer,Simulated annealing,Annealing (T=3.740434),1,430,546272fd-1817-4d29-a66b-93dc696e41f8,r,-19.102456694472504,0.28751978581512844
fisheries,schaefer,Simulated annealing,Annealing (T=3.740434),1,430,546272fd-1817-4d29-a66b-93dc696e41f8,sigma_v,-19.102456694472504,0.21775257770394485
fisheries,schaefer,Simulated annealing,Annealing (T=3.740434),1,630,546272fd-1817-4d29-a66b-93dc696e41f8,K,-27.27503321725215,3318.5169984640097
fisheries,schaefer,Simulated annealing,Annealing (T=3.740434),1,630,546272fd-1817-4d29-a66b-93dc696e41f8,q,-27.27503321725215,0.00036679982149754236
fisheries,schaefer,Simulated annealing,Annealing (T=3.740434),1,630,546272fd-1817-4d29-a66b-93dc696e41f8,r,-27.27503321725215,0.28413813321744963
fisheries,schaefer,Simulated annealing,Annealing (T=3.740434),1,630,546272fd-1817-4d29-a66b-93dc696e41f8,sigma_v,-27.27503321725215,0.12153667942452843
fisheries,schaefer,Simulated annealing,Annealing (T=3.740434),1,830,546272fd-1817-4d29-a66b-93dc696e41f8,K,-21.57593931407449,3460.5851087437745
fisheries,schaefer,Simulated annealing,Annealing (T=3.740434),1,830,546272fd-1817-4d29-a66b-93dc696e41f8,q,-21.57593931407449,0.00028706318124967895
fisheries,schaefer,Simulated annealing,Annealing (T=3.740434),1,830,546272fd-1817-4d29-a66b-93dc696e41f8,r,-21.57593931407449,0.29620219715530344
fisheries,schaefer,Simulated annealing,Annealing (T=3.740434),1,830,546272fd-1817-4d29-a66b-93dc696e41f8,sigma_v,-21.57593931407449,0.17957400285375
fisheries,schaefer,Simulated annealing,Annealing (T=3.740434),1,1030,546272fd-1817-4d29-a66b-93dc696e41f8,K,-22.332855848339886,3666.7297753146345
fisheries,schaefer,Simulated annealing,Annealing (T=3.740434),1,1030,546272fd-1817-4d29-a66b-93dc696e41f8,q,-22.332855848339886,0.0003101086915759128
fisheries,schaefer,Simulated annealing,Annealing (T=3.740434),1,1030,546272fd-1817-4d29-a66b-93dc696e41f8,r,-22.332855848339886,0.24101967919558392
fisheries,schaefer,Simulated annealing,Annealing (T=3.740434),1,1030,546272fd-1817-4d29-a66b-93dc696e41f8,sigma_v,-22.332855848339886,0.15342185669716532
fisheries,schaefer,Simulated annealing,Annealing (T=3.740434),1,1230,546272fd-1817-4d29-a66b-93dc696e41f8,K,-18.620749545856075,3518.476946857207
fisheries,schaefer,Simulated annealing,Annealing (T=3.740434),1,1230,546272fd-1817-4d29-a66b-93dc696e41f8,q,-18.620749545856075,0.0003909562145689861
fisheries,schaefer,Simulated annealing,Annealing (T=3.740434),1,1230,546272fd-1817-4d29-a66b-93dc696e41f8,r,-18.620749545856075,0.25218224404391315
fisheries,schaefer,Simulated annealing,Annealing (T=3.740434),1,1230,546272fd-1817-4d29-a66b-93dc696e41f8,sigma_v,-18.620749545856075,0.16920673660341246
fisheries,schaefer,Simulated annealing,Annealing (T=3.740434),1,1430,546272fd-1817-4d29-a66b-93dc696e41f8,K,-10.997798903452278,3568.295316823598
fisheries,schaefer,Simulated annealing,Annealing (T=3.740434),1,1430,546272fd-1817-4d29-a66b-93dc696e41f8,q,-10.997798903452278,0.00034249594768633284
fisheries,schaefer,Simulated annealing,Annealing (T=3.740434),1,1430,546272fd-1817-4d29-a66b-93dc696e41f8,r,-10.997798903452278,0.262447090074962
fisheries,schaefer,Simulated annealing,Annealing (T=3.740434),1,1430,546272fd-1817-4d29-a66b-93dc696e41f8,sigma_v,-10.997798903452278,0.3693147915031658
fisheries,schaefer,Simulated annealing,Annealing (T=3.740434),1,1630,546272fd-1817-4d29-a66b-93dc696e41f8,K,-16.186940655328623,3414.275606783857
fisheries,schaefer,Simulated annealing,Annealing (T=3.740434),1,1630,546272fd-1817-4d29-a66b-93dc696e41f8,q,-16.186940655328623,0.0002716624971599107
fisheries,schaefer,Simulated annealing,Annealing (T=3.740434),1,1630,546272fd-1817-4d29-a66b-93dc696e41f8,r,-16.186940655328623,0.31540536315889284
fisheries,schaefer,Simulated annealing,Annealing (T=3.740434),1,1630,546272fd-1817-4d29-a66b-93dc696e41f8,sigma_v,-16.186940655328623,0.24938188888666774
fisheries,schaefer,Simulated annealing,Annealing (T=3.740434),1,1830,546272fd-1817-4d29-a66b-93dc696e41f8,K,-24.210041324465205,3218.7151945414043
fisheries,schaefer,Simulated annealing,Annealing (T=3.740434),1,1830,546272fd-1817-4d29-a66b-93dc696e41f8,q,-24.210041324465205,0.0003488125770619074
fisheries,schaefer,Simulated annealing,Annealing (T=3.740434),1,1830,546272fd-1817-4d29-a66b-93dc696e41f8,r,-24.210041324465205,0.3018074340094451
fisheries,schaefer,Simulated annealing,Annealing (T=3.740434),1,1830,546272fd-1817-4d29-a66b-93dc696e41f8,sigma_v,-24.210041324465205,0.16249127153965923
fisheries,schaefer,Simulated annealing,Annealing (T=3.740434),1,2030,546272fd-1817-4d29-a66b-93dc696e41f8,K,-11.96351266561687,2968.9221055649964
fisheries,schaefer,Simulated annealing,Annealing (T=3.740434),1,2030,546272fd-1817-4d29-a66b-93dc696e41f8,q,-11.96351266561687,0.0002954538290837744
fisheries,schaefer,Simulated annealing,Annealing (T=3.740434),1,2030,546272fd-1817-4d29-a66b-93dc696e41f8,r,-11.96351266561687,0.3931040946243688
fisheries,schaefer,Simulated annealing,Annealing (T=3.740434),1,2030,546272fd-1817-4d29-a66b-93dc696e41f8,sigma_v,-11.96351266561687,0.2980403777509914
fisheries,schaefer,Simulated annealing,Annealing (T=3.740434),1,2230,546272fd-1817-4d29-a66b-93dc696e41f8,K,-10.899470049004451,2788.814020410776
fisheries,schaefer,Simulated annealing,Annealing (T=3.740434),1,2230,546272fd-1817-4d29-a66b-93dc696e41f8,q,-10.899470049004451,0.0005837615822207905
fisheries,schaefer,Simulated annealing,Annealing (T=3.740434),1,2230,546272fd-1817-4d29-a66b-93dc696e41f8,r,-10.899470049004451,0.3629239979919731
fisheries,schaefer,Simulated annealing,Annealing (T=3.740434),1,2230,546272fd-1817-4d29-a66b-93dc696e41f8,sigma_v,-10.899470049004451,0.22275473543326033
fisheries,schaefer,Simulated annealing,Annealing (T=3.740434),1,2430,546272fd-1817-4d29-a66b-93dc696e41f8,K,-26.634233034734088,2737.0062297811055
fisheries,schaefer,Simulated annealing,Annealing (T=3.740434),1,2430,546272fd-1817-4d29-a66b-93dc696e41f8,q,-26.634233034734088,0.0004769088073250961
fisheries,schaefer,Simulated annealing,Annealing (T=3.740434),1,2430,546272fd-1817-4d29-a66b-93dc696e41f8,r,-26.634233034734088,0.373395016973003
fisheries,schaefer,Simulated annealing,Annealing (T=3.740434),1,2430,546272fd-1817-4d29-a66b-93dc696e41f8,sigma_v,-26.634233034734088,0.14246294632750223
fisheries,schaefer,Simulated annealing,Annealing (T=3.740434),1,2630,546272fd-1817-4d29-a66b-93dc696e41f8,K,-26.578721318633097,2798.391148689825
fisheries,schaefer,Simulated annealing,Annealing (T=3.740434),1,2630,546272fd-1817-4d29-a66b-93dc696e41f8,q,-26.578721318633097,0.00042003011422700606
fisheries,schaefer,Simulated annealing,Annealing (T=3.740434),1,2630,546272fd-1817-4d29-a66b-93dc696e41f8,r,-26.578721318633097,0.3797271277311201
fisheries,schaefer,Simulated annealing,Annealing (T=3.740434),1,2630,546272fd-1817-4d29-a66b-93dc696e41f8,sigma_v,-26.578721318633097,0.10103782461264242
fisheries,schaefer,Simulated annealing,Annealing (T=3.740434),1,2830,546272fd-1817-4d29-a66b-93dc696e41f8,K,-20.78437177983745,2718.7922750764737
fisheries,schaefer,Simulated annealing,Annealing (T=3.740434),1,2830,546272fd-1817-4d29-a66b-93dc696e41f8,q,-20.78437177983745,0.0005171641070106005
fisheries,schaefer,Simulated annealing,Annealing (T=3.740434),1,2830,546272fd-1817-4d29-a66b-93dc696e41f8,r,-20.78437177983745,0.38262732732261984
fisheries,schaefer,Simulated annealing,Annealing (T=3.740434),1,2830,546272fd-1817-4d29-a66b-93dc696e41f8,sigma_v,-20.78437177983745,0.17394575050033045
fisheries,schaefer,Simulated annealing,Annealing (T=3.740434),1,3030,546272fd-1817-4d29-a66b-93dc696e41f8,K,-16.384575202609824,2581.7602386526505
fisheries,schaefer,Simulated annealing,Annealing (T=3.740434),1,3030,546272fd-1817-4d29-a66b-93dc696e41f8,q,-16.384575202609824,0.0004657601242574631
fisheries,schaefer,Simulated annealing,Annealing (T=3.740434),1,3030,546272fd-1817-4d29-a66b-93dc696e41f8,r,-16.384575202609824,0.40818745664509776
fisheries,schaefer,Simulated annealing,Annealing (T=3.740434),1,3030,546272fd-1817-4d29-a66b-93dc696e41f8,sigma_v,-16.384575202609824,0.25983123654821944
fisheries,schaefer,Simulated annealing,Annealing (T=3.740434),1,3230,546272fd-1817-4d29-a66b-93dc696e41f8,K,-17.48093365281146,2688.7626041756807
fisheries,schaefer,Simulated annealing,Annealing (T=3.740434),1,3230,546272fd-1817-4d29-a66b-93dc696e41f8,q,-17.48093365281146,0.0004195396264326139
fisheries,schaefer,Simulated annealing,Annealing (T=3.740434),1,3230,546272fd-1817-4d29-a66b-93dc696e41f8,r,-17.48093365281146,0.4234843225006322
fisheries,schaefer,Simulated annealing,Annealing (T=3.740434),1,3230,546272fd-1817-4d29-a66b-93dc696e41f8,sigma_v,-17.48093365281146,0.20268368150499622
fisheries,schaefer,Simulated annealing,Annealing (T=3.740434),1,3430,546272fd-1817-4d29-a66b-93dc696e41f8,K,10.319448918772371,2673.616461103074
fisheries,schaefer,Simulated annealing,Annealing (T=3.740434),1,3430,546272fd-1817-4d29-a66b-93dc696e41f8,q,10.319448918772371,0.00045835052763745516
fisheries,schaefer,Simulated annealing,Annealing (T=3.740434),1,3430,546272fd-1817-4d29-a66b-93dc696e41f8,r,10.319448918772371,0.9289505523303303
fisheries,schaefer,Simulated annealing,Annealing (T=3.740434),1,3430,546272fd-1817-4d29-a66b-93dc696e41f8,sigma_v,10.319448918772371,0.7551996668302812
fisheries,schaefer,Simulated annealing,Annealing (T=3.740434),1,3630,546272fd-1817-4d29-a66b-93dc696e41f8,K,-5.666911974998763,4358.23137148125
fisheries,schaefer,Simulated annealing,Annealing (T=3.740434),1,3630,546272fd-1817-4d29-a66b-93dc696e41f8,q,-5.666911974998763,0.00015760735843136124
fisheries,schaefer,Simulated annealing,Annealing (T=3.740434),1,3630,546272fd-1817-4d29-a66b-93dc696e41f8,r,-5.666911974998763,0.9077582832591223
fisheries,schaefer,Simulated annealing,Annealing (T=3.740434),1,3630,546272fd-1817-4d29-a66b-93dc696e41f8,sigma_v,-5.666911974998763,0.24852060891328587
fisheries,schaefer,Simulated annealing,Annealing (T=3.740434),1,3830,546272fd-1817-4d29-a66b-93dc696e41f8,K,5.588931165641046,4578.101412136959
fisheries,schaefer,Simulated annealing,Annealing (T=3.740434),1,3830,546272fd-1817-4d29-a66b-93dc696e41f8,q,5.588931165641046,9.490204035422438E-05
fisheries,schaefer,Simulated annealing,Annealing (T=3.740434),1,3830,546272fd-1817-4d29-a66b-93dc696e41f8,r,5.588931165641046,0.8853675803159067
fisheries,schaefer,Simulated annealing,Annealing (T=3.740434),1,3830,546272fd-1817-4d29-a66b-93dc696e41f8,sigma_v,5.588931165641046,0.6475488093362675
fisheries,schaefer,Simulated annealing,Annealing (T=3.740434),1,4030,546272fd-1817-4d29-a66b-93dc696e41f8,K,2.453730572625379,4171.531053674755
fisheries,schaefer,Simulated annealing,Annealing (T=3.740434),1,4030,546272fd-1817-4d29-a66b-93dc696e41f8,q,2.453730572625379,0.0001426769946321976
fisheries,schaefer,Simulated annealing,Annealing (T=3.740434),1,4030,546272fd-1817-4d29-a66b-93dc696e41f8,r,2.453730572625379,1.0196979179622048
fisheries,schaefer,Simulated annealing,Annealing (T=3.740434),1,4030,546272fd-1817-4d29-a66b-93dc696e41f8,sigma_v,2.453730572625379,0.6755818668578537
fisheries,schaefer,Simulated annealing,Annealing (T=3.740434),1,4230,546272fd-1817-4d29-a66b-93dc696e41f8,K,-4.610364727911635,3808.447601688937
fisheries,schaefer,Simulated annealing,Annealing (T=3.740434),1,4230,546272fd-1817-4d29-a66b-93dc696e41f8,q,-4.610364727911635,0.0001903340249570162
fisheries,schaefer,Simulated annealing,Annealing (T=3.740434),1,4230,546272fd-1817-4d29-a66b-93dc696e41f8,r,-4.610364727911635,0.7685055513547393
fisheries,schaefer,Simulated annealing,Annealing (T=3.740434),1,4230,546272fd-1817-4d29-a66b-93dc696e41f8,sigma_v,-4.610364727911635,0.23568311275949497
fisheries,schaefer,Simulated annealing,Annealing (T=3.740434),1,4430,546272fd-1817-4d29-a66b-93dc696e41f8,K,-6.195822287271542,3796.297939989791
fisheries,schaefer,Simulated annealing,Annealing (T=3.740434),1,4430,546272fd-1817-4d29-a66b-93dc696e41f8,q,-6.195822287271542,0.00016800061025392285
fisheries,schaefer,Simulated annealing,Annealing (T=3.740434),1,4430,546272fd-1817-4d29-a66b-93dc696e41f8,r,-6.195822287271542,0.8584156406711797
fisheries,schaefer,Simulated annealing,Annealing (T=3.740434),1,4430,546272fd-1817-4d29-a66b-93dc696e41f8,sigma_v,-6.195822287271542,0.3339691905605478
fisheries,schaefer,Simulated annealing,Annealing (T=3.740434),1,4630,546272fd-1817-4d29-a66b-93dc696e41f8,K,-6.520775830323562,4422.861527790393
fisheries,schaefer,Simulated annealing,Annealing (T=3.740434),1,4630,546272fd-1817-4d29-a66b-93dc696e41f8,q,-6.520775830323562,0.00014954989710382445
fisheries,schaefer,Simulated annealing,Annealing (T=3.740434),1,4630,546272fd-1817-4d29-a66b-93dc696e41f8,r,-6.520775830323562,0.5667001571606836
fisheries,schaefer,Simulated annealing,Annealing (T=3.740434),1,4630,546272fd-1817-4d29-a66b-93dc696e41f8,sigma_v,-6.520775830323562,0.3499882026121882
fisheries,schaefer,Simulated annealing,Annealing (T=3.740434),1,4830,546272fd-1817-4d29-a66b-93dc696e41f8,K,-5.498312374858618,4319.613355911645
fisheries,schaefer,Simulated annealing,Annealing (T=3.740434),1,4830,546272fd-1817-4d29-a66b-93dc696e41f8,q,-5.498312374858618,0.0001672549733722966
fisheries,schaefer,Simulated annealing,Annealing (T=3.740434),1,4830,546272fd-1817-4d29-a66b-93dc696e41f8,r,-5.498312374858618,0.6960907134706373
fisheries,schaefer,Simulated annealing,Annealing (T=3.740434),1,4830,546272fd-1817-4d29-a66b-93dc696e41f8,sigma_v,-5.498312374858618,0.36892861271753025
fisheries,schaefer,Simulated annealing,Annealing (T=3.428731),1,29,546272fd-1817-4d29-a66b-93dc696e41f8,K,-25.54365439957639,2909.2301606816354
fisheries,schaefer,Simulated annealing,Annealing (T=3.428731),1,29,546272fd-1817-4d29-a66b-93dc696e41f8,q,-25.54365439957639,0.0004427480986950236
fisheries,schaefer,Simulated annealing,Annealing (T=3.428731),1,29,546272fd-1817-4d29-a66b-93dc696e41f8,r,-25.54365439957639,0.33910628821851263
fisheries,schaefer,Simulated annealing,Annealing (T=3.428731),1,29,546272fd-1817-4d29-a66b-93dc696e41f8,sigma_v,-25.54365439957639,0.08672547132077323
fisheries,schaefer,Simulated annealing,Annealing (T=3.428731),1,229,546272fd-1817-4d29-a66b-93dc696e41f8,K,-27.1907875126229,2817.9690986360883
fisheries,schaefer,Simulated annealing,Annealing (T=3.428731),1,229,546272fd-1817-4d29-a66b-93dc696e41f8,q,-27.1907875126229,0.0004199712255472473
fisheries,schaefer,Simulated annealing,Annealing (T=3.428731),1,229,546272fd-1817-4d29-a66b-93dc696e41f8,r,-27.1907875126229,0.3642552727732837
fisheries,schaefer,Simulated annealing,Annealing (T=3.428731),1,229,546272fd-1817-4d29-a66b-93dc696e41f8,sigma_v,-27.1907875126229,0.11852055780548994
fisheries,schaefer,Simulated annealing,Annealing (T=3.428731),1,429,546272fd-1817-4d29-a66b-93dc696e41f8,K,-16.81173625949352,2933.131218067943
fisheries,schaefer,Simulated annealing,Annealing (T=3.428731),1,429,546272fd-1817-4d29-a66b-93dc696e41f8,q,-16.81173625949352,0.00034227210037274616
fisheries,schaefer,Simulated annealing,Annealing (T=3.428731),1,429,546272fd-1817-4d29-a66b-93dc696e41f8,r,-16.81173625949352,0.37843605853721207
fisheries,schaefer,Simulated annealing,Annealing (T=3.428731),1,429,546272fd-1817-4d29-a66b-93dc696e41f8,sigma_v,-16.81173625949352,0.24890226625474418
fisheries,schaefer,Simulated annealing,Annealing (T=3.428731),1,629,546272fd-1817-4d29-a66b-93dc696e41f8,K,-24.836060655887586,2611.722614935625
fisheries,schaefer,Simulated annealing,Annealing (T=3.428731),1,629,546272fd-1817-4d29-a66b-93dc696e41f8,q,-24.836060655887586,0.0005328941812922017
fisheries,schaefer,Simulated annealing,Annealing (T=3.428731),1,629,546272fd-1817-4d29-a66b-93dc696e41f8,r,-24.836060655887586,0.395337607852901
fisheries,schaefer,Simulated annealing,Annealing (T=3.428731),1,629,546272fd-1817-4d29-a66b-93dc696e41f8,sigma_v,-24.836060655887586,0.13076321390733783
fisheries,schaefer,Simulated annealing,Annealing (T=3.428731),1,829,546272fd-1817-4d29-a66b-93dc696e41f8,K,-21.65327459916131,2449.6753913704515
fisheries,schaefer,Simulated annealing,Annealing (T=3.428731),1,829,546272fd-1817-4d29-a66b-93dc696e41f8,q,-21.65327459916131,0.00046368683003877604
fisheries,schaefer,Simulated annealing,Annealing (T=3.428731),1,829,546272fd-1817-4d29-a66b-93dc696e41f8,r,-21.65327459916131,0.45544344613768034
fisheries,schaefer,Simulated annealing,Annealing (T=3.428731),1,829,546272fd-1817-4d29-a66b-93dc696e41f8,sigma_v,-21.65327459916131,0.15684954674927779
fisheries,schaefer,Simulated annealing,Annealing (T=3.428731),1,1029,546272fd-1817-4d29-a66b-93dc696e41f8,K,-23.041981715318833,2464.245698853686
fisheries,schaefer,Simulated annealing,Annealing (T=3.428731),1,1029,546272fd-1817-4d29-a66b-93dc696e41f8,q,-23.041981715318833,0.0005397118778673348
fisheries,schaefer,Simulated annealing,Annealing (T=3.428731),1,1029,546272fd-1817-4d29-a66b-93dc696e41f8,r,-23.041981715318833,0.4331121343258792
fisheries,schaefer,Simulated annealing,Annealing (T=3.428731),1,1029,546272fd-1817-4d29-a66b-93dc696e41f8,sigma_v,-23.041981715318833,0.14189480786531022
fisheries,schaefer,Simulated annealing,Annealing (T=3.428731),1,1229,546272fd-1817-4d29-a66b-93dc696e41f8,K,-18.574683018920144,2598.2690347324933
fisheries,schaefer,Simulated annealing,Annealing (T=3.428731),1,1229,546272fd-1817-4d29-a66b-93dc696e41f8,q,-18.574683018920144,0.0004200982146754261
fisheries,schaefer,Simulated annealing,Annealing (T=3.428731),1,1229,546272fd-1817-4d29-a66b-93dc696e41f8,r,-18.574683018920144,0.4225563386754161
fisheries,schaefer,Simulated annealing,Annealing (T=3.428731),1,1229,546272fd-1817-4d29-a66b-93dc696e41f8,sigma_v,-18.574683018920144,0.09894131452384038
fisheries,schaefer,Simulated annealing,Annealing (T=3.428731),1,1429,546272fd-1817-4d29-a66b-93dc696e41f8,K,-17.91243513821555,2821.7867352937083
fisheries,schaefer,Simulated annealing,Annealing (T=3.428731),1,1429,546272fd-1817-4d29-a66b-93dc696e41f8,q,-17.91243513821555,0.0004039573606150515
fisheries,schaefer,Simulated annealing,Annealing (T=3.428731),1,1429,546272fd-1817-4d29-a66b-93dc696e41f8,r,-17.91243513821555,0.39425982377748947
fisheries,schaefer,Simulated annealing,Annealing (T=3.428731),1,1429,546272fd-1817-4d29-a66b-93dc696e41f8,sigma_v,-17.91243513821555,0.1272793141796569
fisheries,schaefer,Simulated annealing,Annealing (T=3.428731),1,1629,546272fd-1817-4d29-a66b-93dc696e41f8,K,-15.901648656850542,2661.446839401421
fisheries,schaefer,Simulated annealing,Annealing (T=3.428731),1,1629,546272fd-1817-4d29-a66b-93dc696e41f8,q,-15.901648656850542,0.00042095251954560764
fisheries,schaefer,Simulated annealing,Annealing (T=3.428731),1,1629,546272fd-1817-4d29-a66b-93dc696e41f8,r,-15.901648656850542,0.39098264867014376
fisheries,schaefer,Simulated annealing,Annealing (T=3.428731),1,1629,546272fd-1817-4d29-a66b-93dc696e41f8,sigma_v,-15.901648656850542,0.20646391309732368
fisheries,schaefer,Simulated annealing,Annealing (T=3.428731),1,1829,546272fd-1817-4d29-a66b-93dc696e41f8,K,-25.36081110743451,2459.7667114218625
fisheries,schaefer,Simulated annealing,Annealing (T=3.428731),1,1829,546272fd-1817-4d29-a66b-93dc696e41f8,q,-25.36081110743451,0.0005037766855753605
fisheries,schaefer,Simulated annealing,Annealing (T=3.428731),1,1829,546272fd-1817-4d29-a66b-93dc696e41f8,r,-25.36081110743451,0.4468845478647904
fisheries,schaefer,Simulated annealing,Annealing (T=3.428731),1,1829,546272fd-1817-4d29-a66b-93dc696e41f8,sigma_v,-25.36081110743451,0.12092466658970029
fisheries,schaefer,Simulated annealing,Annealing (T=3.428731),1,2029,546272fd-1817-4d29-a66b-93dc696e41f8,K,-18.627273477477708,2624.489561161536
fisheries,schaefer,Simulated annealing,Annealing (T=3.428731),1,2029,546272fd-1817-4d29-a66b-93dc696e41f8,q,-18.627273477477708,0.0004952473185800859
fisheries,schaefer,Simulated annealing,Annealing (T=3.428731),1,2029,546272fd-1817-4d29-a66b-93dc696e41f8,r,-18.627273477477708,0.39170203856094626
fisheries,schaefer,Simulated annealing,Annealing (T=3.428731),1,2029,546272fd-1817-4d29-a66b-93dc696e41f8,sigma_v,-18.627273477477708,0.21205457818892973
fisheries,schaefer,Simulated annealing,Annealing (T=3.428731),1,2229,546272fd-1817-4d29-a66b-93dc696e41f8,K,-16.38871055918992,2630.2371225567535
fisheries,schaefer,Simulated annealing,Annealing (T=3.428731),1,2229,546272fd-1817-4d29-a66b-93dc696e41f8,q,-16.38871055918992,0.0004046018473002186
fisheries,schaefer,Simulated annealing,Annealing (T=3.428731),1,2229,546272fd-1817-4d29-a66b-93dc696e41f8,r,-16.38871055918992,0.4415504489207821
fisheries,schaefer,Simulated annealing,Annealing (T=3.428731),1,2229,546272fd-1817-4d29-a66b-93dc696e41f8,sigma_v,-16.38871055918992,0.13521252611089013
fisheries,schaefer,Simulated annealing,Annealing (T=3.428731),1,2429,546272fd-1817-4d29-a66b-93dc696e41f8,K,-10.979414814193436,2657.35962119156
fisheries,schaefer,Simulated annealing,Annealing (T=3.428731),1,2429,546272fd-1817-4d29-a66b-93dc696e41f8,q,-10.979414814193436,0.00034746952194327646
fisheries,schaefer,Simulated annealing,Annealing (T=3.428731),1,2429,546272fd-1817-4d29-a66b-93dc696e41f8,r,-10.979414814193436,0.42201454460124005
fisheries,schaefer,Simulated annealing,Annealing (T=3.428731),1,2429,546272fd-1817-4d29-a66b-93dc696e41f8,sigma_v,-10.979414814193436,0.171963701214696
fisheries,schaefer,Simulated annealing,Annealing (T=3.428731),1,2629,546272fd-1817-4d29-a66b-93dc696e41f8,K,-8.801815223713652,2918.750683252078
fisheries,schaefer,Simulated annealing,Annealing (T=3.428731),1,2629,546272fd-1817-4d29-a66b-93dc696e41f8,q,-8.801815223713652,0.000306941835320883
fisheries,schaefer,Simulated annealing,Annealing (T=3.428731),1,2629,546272fd-1817-4d29-a66b-93dc696e41f8,r,-8.801815223713652,0.4663227061342113
fisheries,schaefer,Simulated annealing,Annealing (T=3.428731),1,2629,546272fd-1817-4d29-a66b-93dc696e41f8,sigma_v,-8.801815223713652,0.34296349627840583
fisheries,schaefer,Simulated annealing,Annealing (T=3.428731),1,2829,546272fd-1817-4d29-a66b-93dc696e41f8,K,1.8107253162283765,2741.134083633462
fisheries,schaefer,Simulated annealing,Annealing (T=3.428731),1,2829,546272fd-1817-4d29-a66b-93dc696e41f8,q,1.8107253162283765,0.0003437902103993648
fisheries,schaefer,Simulated annealing,Annealing (T=3.428731),1,2829,546272fd-1817-4d29-a66b-93dc696e41f8,r,1.8107253162283765,0.905718029586706
fisheries,schaefer,Simulated annealing,Annealing (T=3.428731),1,2829,546272fd-1817-4d29-a66b-93dc696e41f8,sigma_v,1.8107253162283765,0.5036012974394656
fisheries,schaefer,Simulated annealing,Annealing (T=3.428731),1,3029,546272fd-1817-4d29-a66b-93dc696e41f8,K,-1.825012877991508,2924.832510720687
fisheries,schaefer,Simulated annealing,Annealing (T=3.428731),1,3029,546272fd-1817-4d29-a66b-93dc696e41f8,q,-1.825012877991508,0.00021120024677777084
fisheries,schaefer,Simulated annealing,Annealing (T=3.428731),1,3029,546272fd-1817-4d29-a66b-93dc696e41f8,r,-1.825012877991508,0.7818739898845167
fisheries,schaefer,Simulated annealing,Annealing (T=3.428731),1,3029,546272fd-1817-4d29-a66b-93dc696e41f8,sigma_v,-1.825012877991508,0.48992123458086373
fisheries,schaefer,Simulated annealing,Annealing (T=3.428731),1,3229,546272fd-1817-4d29-a66b-93dc696e41f8,K,-1.0528912498746104,2575.5345657199528
fisheries,schaefer,Simulated annealing,Annealing (T=3.428731),1,3229,546272fd-1817-4d29-a66b-93dc696e41f8,q,-1.0528912498746104,0.00031460241167536137
fisheries,schaefer,Simulated annealing,Annealing (T=3.428731),1,3229,546272fd-1817-4d29-a66b-93dc696e41f8,r,-1.0528912498746104,0.6396366706633332
fisheries,schaefer,Simulated annealing,Annealing (T=3.428731),1,3229,546272fd-1817-4d29-a66b-93dc696e41f8,sigma_v,-1.0528912498746104,0.5534229935190935
fisheries,schaefer,Simulated annealing,Annealing (T=3.428731),1,3429,546272fd-1817-4d29-a66b-93dc696e41f8,K,-14.868834069783027,2304.7384639156453
fisheries,schaefer,Simulated annealing,Annealing (T=3.428731),1,3429,546272fd-1817-4d29-a66b-93dc696e41f8,q,-14.868834069783027,0.0004403276813003043
fisheries,schaefer,Simulated annealing,Annealing (T=3.428731),1,3429,546272fd-1817-4d29-a66b-93dc696e41f8,r,-14.868834069783027,0.5115897977308477
fisheries,schaefer,Simulated annealing,Annealing (T=3.428731),1,3429,546272fd-1817-4d29-a66b-93dc696e41f8,sigma_v,-14.868834069783027,0.21510165648487428
fisheries,schaefer,Simulated annealing,Annealing (T=3.428731),1,3629,546272fd-1817-4d29-a66b-93dc696e41f8,K,-9.448848274287455,2489.9595282508226
fisheries,schaefer,Simulated annealing,Annealing (T=3.428731),1,3629,546272fd-1817-4d29-a66b-93dc696e41f8,q,-9.448848274287455,0.0003431727667962513
fisheries,schaefer,Simulated annealing,Annealing (T=3.428731),1,3629,546272fd-1817-4d29-a66b-93dc696e41f8,r,-9.448848274287455,0.5030959999479516
fisheries,schaefer,Simulated annealing,Annealing (T=3.428731),1,3629,546272fd-1817-4d29-a66b-93dc696e41f8,sigma_v,-9.448848274287455,0.31442599954798117
fisheries,schaefer,Simulated annealing,Annealing (T=3.428731),1,3829,546272fd-1817-4d29-a66b-93dc696e41f8,K,-18.26025743550021,2161.841528850201
fisheries,schaefer,Simulated annealing,Annealing (T=3.428731),1,3829,546272fd-1817-4d29-a66b-93dc696e41f8,q,-18.26025743550021,0.0005552822937752307
fisheries,schaefer,Simulated annealing,Annealing (T=3.428731),1,3829,546272fd-1817-4d29-a66b-93dc696e41f8,r,-18.26025743550021,0.536874087465497
fisheries,schaefer,Simulated annealing,Annealing (T=3.428731),1,3829,546272fd-1817-4d29-a66b-93dc696e41f8,sigma_v,-18.26025743550021,0.17294487347910764
fisheries,schaefer,Simulated annealing,Annealing (T=3.428731),1,4029,546272fd-1817-4d29-a66b-93dc696e41f8,K,-13.601290930408899,2097.372044514666
fisheries,schaefer,Simulated annealing,Annealing (T=3.428731),1,4029,546272fd-1817-4d29-a66b-93dc696e41f8,q,-13.601290930408899,0.0005147543189135827
fisheries,schaefer,Simulated annealing,Annealing (T=3.428731),1,4029,546272fd-1817-4d29-a66b-93dc696e41f8,r,-13.601290930408899,0.5842115034740253
fisheries,schaefer,Simulated annealing,Annealing (T=3.428731),1,4029,546272fd-1817-4d29-a66b-93dc696e41f8,sigma_v,-13.601290930408899,0.2156839066035318
fisheries,schaefer,Simulated annealing,Annealing (T=3.428731),1,4229,546272fd-1817-4d29-a66b-93dc696e41f8,K,-16.870689162948096,2202.5877714929916
fisheries,schaefer,Simulated annealing,Annealing (T=3.428731),1,4229,546272fd-1817-4d29-a66b-93dc696e41f8,q,-16.870689162948096,0.0006081438943111569
fisheries,schaefer,Simulated annealing,Annealing (T=3.428731),1,4229,546272fd-1817-4d29-a66b-93dc696e41f8,r,-16.870689162948096,0.5212347151040388
fisheries,schaefer,Simulated annealing,Annealing (T=3.428731),1,4229,546272fd-1817-4d29-a66b-93dc696e41f8,sigma_v,-16.870689162948096,0.2442063492664534
fisheries,schaefer,Simulated annealing,Annealing (T=3.428731),1,4429,546272fd-1817-4d29-a66b-93dc696e41f8,K,-11.532449617496708,2318.5652750971653
fisheries,schaefer,Simulated annealing,Annealing (T=3.428731),1,4429,546272fd-1817-4d29-a66b-93dc696e41f8,q,-11.532449617496708,0.0007305198017458265
fisheries,schaefer,Simulated annealing,Annealing (T=3.428731),1,4429,546272fd-1817-4d29-a66b-93dc696e41f8,r,-11.532449617496708,0.4680798818468491
fisheries,schaefer,Simulated annealing,Annealing (T=3.428731),1,4429,546272fd-1817-4d29-a66b-93dc696e41f8,sigma_v,-11.532449617496708,0.3264723961628154
fisheries,schaefer,Simulated annealing,Annealing (T=3.428731),1,4629,546272fd-1817-4d29-a66b-93dc696e41f8,K,-15.73254647872564,2376.1954242107267
fisheries,schaefer,Simulated annealing,Annealing (T=3.428731),1,4629,546272fd-1817-4d29-a66b-93dc696e41f8,q,-15.73254647872564,0.0004759889395669994
fisheries,schaefer,Simulated annealing,Annealing (T=3.428731),1,4629,546272fd-1817-4d29-a66b-93dc696e41f8,r,-15.73254647872564,0.4708633989830558
fisheries,schaefer,Simulated annealing,Annealing (T=3.428731),1,4629,546272fd-1817-4d29-a66b-93dc696e41f8,sigma_v,-15.73254647872564,0.25852162706510984
fisheries,schaefer,Simulated annealing,Annealing (T=3.428731),1,4829,546272fd-1817-4d29-a66b-93dc696e41f8,K,-22.639759552703712,2329.9153853632542
fisheries,schaefer,Simulated annealing,Annealing (T=3.428731),1,4829,546272fd-1817-4d29-a66b-93dc696e41f8,q,-22.639759552703712,0.0005630800816099976
fisheries,schaefer,Simulated annealing,Annealing (T=3.428731),1,4829,546272fd-1817-4d29-a66b-93dc696e41f8,r,-22.639759552703712,0.47436759360264547
fisheries,schaefer,Simulated annealing,Annealing (T=3.428731),1,4829,546272fd-1817-4d29-a66b-93dc696e41f8,sigma_v,-22.639759552703712,0.11293424147693443
fisheries,schaefer,Simulated annealing,Annealing (T=3.164983),1,28,546272fd-1817-4d29-a66b-93dc696e41f8,K,-27.514062721841643,2752.9932004397056
fisheries,schaefer,Simulated annealing,Annealing (T=3.164983),1,28,546272fd-1817-4d29-a66b-93dc696e41f8,q,-27.514062721841643,0.0004823814669089935
fisheries,schaefer,Simulated annealing,Annealing (T=3.164983),1,28,546272fd-1817-4d29-a66b-93dc696e41f8,r,-27.514062721841643,0.37397060132586074
fisheries,schaefer,Simulated annealing,Annealing (T=3.164983),1,28,546272fd-1817-4d29-a66b-93dc696e41f8,sigma_v,-27.514062721841643,0.1219927496210033
fisheries,schaefer,Simulated annealing,Annealing (T=3.164983),1,228,546272fd-1817-4d29-a66b-93dc696e41f8,K,-24.84443902857719,2642.5446738485857
fisheries,schaefer,Simulated annealing,Annealing (T=3.164983),1,228,546272fd-1817-4d29-a66b-93dc696e41f8,q,-24.84443902857719,0.0005047943640713497
fisheries,schaefer,Simulated annealing,Annealing (T=3.164983),1,228,546272fd-1817-4d29-a66b-93dc696e41f8,r,-24.84443902857719,0.38947778766581126
fisheries,schaefer,Simulated annealing,Annealing (T=3.164983),1,228,546272fd-1817-4d29-a66b-93dc696e41f8,sigma_v,-24.84443902857719,0.13093236292480492
fisheries,schaefer,Simulated annealing,Annealing (T=3.164983),1,428,546272fd-1817-4d29-a66b-93dc696e41f8,K,-28.704772642209225,2726.7563837441116
fisheries,schaefer,Simulated annealing,Annealing (T=3.164983),1,428,546272fd-1817-4d29-a66b-93dc696e41f8,q,-28.704772642209225,0.00046105459875496094
fisheries,schaefer,Simulated annealing,Annealing (T=3.164983),1,428,546272fd-1817-4d29-a66b-93dc696e41f8,r,-28.704772642209225,0.3828448110805649
fisheries,schaefer,Simulated annealing,Annealing (T=3.164983),1,428,546272fd-1817-4d29-a66b-93dc696e41f8,sigma_v,-28.704772642209225,0.11690230739166614
fisheries,schaefer,Simulated annealing,Annealing (T=3.164983),1,628,546272fd-1817-4d29-a66b-93dc696e41f8,K,-18.091273029898467,2605.416857419664
fisheries,schaefer,Simulated annealing,Annealing (T=3.164983),1,628,546272fd-1817-4d29-a66b-93dc696e41f8,q,-18.091273029898467,0.00047567861423069863
fisheries,schaefer,Simulated annealing,Annealing (T=3.164983),1,628,546272fd-1817-4d29-a66b-93dc696e41f8,r,-18.091273029898467,0.4216030761386404
fisheries,schaefer,Simulated annealing,Annealing (T=3.164983),1,628,546272fd-1817-4d29-a66b-93dc696e41f8,sigma_v,-18.091273029898467,0.23338943268562767
fisheries,schaefer,Simulated annealing,Annealing (T=3.164983),1,828,546272fd-1817-4d29-a66b-93dc696e41f8,K,-20.1160451848018,2670.6571559443432
fisheries,schaefer,Simulated annealing,Annealing (T=3.164983),1,828,546272fd-1817-4d29-a66b-93dc696e41f8,q,-20.1160451848018,0.00040993639969808215
fisheries,schaefer,Simulated annealing,Annealing (T=3.164983),1,828,546272fd-1817-4d29-a66b-93dc696e41f8,r,-20.1160451848018,0.41636762171026603
fisheries,schaefer,Simulated annealing,Annealing (T=3.164983),1,828,546272fd-1817-4d29-a66b-93dc696e41f8,sigma_v,-20.1160451848018,0.1038059039347341
fisheries,schaefer,Simulated annealing,Annealing (T=3.164983),1,1028,546272fd-1817-4d29-a66b-93dc696e41f8,K,-25.88371082769883,2646.6948226311483
fisheries,schaefer,Simulated annealing,Annealing (T=3.164983),1,1028,546272fd-1817-4d29-a66b-93dc696e41f8,q,-25.88371082769883,0.0005287166881887033
fisheries,schaefer,Simulated annealing,Annealing (T=3.164983),1,1028,546272fd-1817-4d29-a66b-93dc696e41f8,r,-25.88371082769883,0.38871396493932436
fisheries,schaefer,Simulated annealing,Annealing (T=3.164983),1,1028,546272fd-1817-4d29-a66b-93dc696e41f8,sigma_v,-25.88371082769883,0.11663527416928282
fisheries,schaefer,Simulated annealing,Annealing (T=3.164983),1,1228,546272fd-1817-4d29-a66b-93dc696e41f8,K,-23.351561263513968,2769.2388915200513
fisheries,schaefer,Simulated annealing,Annealing (T=3.164983),1,1228,546272fd-1817-4d29-a66b-93dc696e41f8,q,-23.351561263513968,0.0004040325492907934
fisheries,schaefer,Simulated annealing,Annealing (T=3.164983),1,1228,546272fd-1817-4d29-a66b-93dc696e41f8,r,-23.351561263513968,0.37756310042155994
fisheries,schaefer,Simulated annealing,Annealing (T=3.164983),1,1228,546272fd-1817-4d29-a66b-93dc696e41f8,sigma_v,-23.351561263513968,0.1454525104145831
fisheries,schaefer,Simulated annealing,Annealing (T=3.164983),1,1428,546272fd-1817-4d29-a66b-93dc696e41f8,K,-29.109313544653503,2882.887412729176
fisheries,schaefer,Simulated annealing,Annealing (T=3.164983),1,1428,546272fd-1817-4d29-a66b-93dc696e41f8,q,-29.109313544653503,0.00042907526405145606
fisheries,schaefer,Simulated annealing,Annealing (T=3.164983),1,1428,546272fd-1817-4d29-a66b-93dc696e41f8,r,-29.109313544653503,0.351295489247859
fisheries,schaefer,Simulated annealing,Annealing (T=3.164983),1,1428,546272fd-1817-4d29-a66b-93dc696e41f8,sigma_v,-29.109313544653503,0.11718322929849412
fisheries,schaefer,Simulated annealing,Annealing (T=3.164983),1,1628,546272fd-1817-4d29-a66b-93dc696e41f8,K,-21.71512254754944,2769.591801039001
fisheries,schaefer,Simulated annealing,Annealing (T=3.164983),1,1628,546272fd-1817-4d29-a66b-93dc696e41f8,q,-21.71512254754944,0.000514125454022713
fisheries,schaefer,Simulated annealing,Annealing (T=3.164983),1,1628,546272fd-1817-4d29-a66b-93dc696e41f8,r,-21.71512254754944,0.36866390303679514
fisheries,schaefer,Simulated annealing,Annealing (T=3.164983),1,1628,546272fd-1817-4d29-a66b-93dc696e41f8,sigma_v,-21.71512254754944,0.1683456871084359
fisheries,schaefer,Simulated annealing,Annealing (T=3.164983),1,1828,546272fd-1817-4d29-a66b-93dc696e41f8,K,-3.3794962312112715,2825.9020684380166
fisheries,schaefer,Simulated annealing,Annealing (T=3.164983),1,1828,546272fd-1817-4d29-a66b-93dc696e41f8,q,-3.3794962312112715,0.00024760519899549307
fisheries,schaefer,Simulated annealing,Annealing (T=3.164983),1,1828,546272fd-1817-4d29-a66b-93dc696e41f8,r,-3.3794962312112715,0.5045079706185622
fisheries,schaefer,Simulated annealing,Annealing (T=3.164983),1,1828,546272fd-1817-4d29-a66b-93dc696e41f8,sigma_v,-3.3794962312112715,0.4480757658422226
fisheries,schaefer,Simulated annealing,Annealing (T=3.164983),1,2028,546272fd-1817-4d29-a66b-93dc696e41f8,K,-10.827971483359766,2751.204185658808
fisheries,schaefer,Simulated annealing,Annealing (T=3.164983),1,2028,546272fd-1817-4d29-a66b-93dc696e41f8,q,-10.827971483359766,0.0003021103450212454
fisheries,schaefer,Simulated annealing,Annealing (T=3.164983),1,2028,546272fd-1817-4d29-a66b-93dc696e41f8,r,-10.827971483359766,0.48488577990036064
fisheries,schaefer,Simulated annealing,Annealing (T=3.164983),1,2028,546272fd-1817-4d29-a66b-93dc696e41f8,sigma_v,-10.827971483359766,0.25500832003841983
fisheries,schaefer,Simulated annealing,Annealing (T=3.164983),1,2228,546272fd-1817-4d29-a66b-93dc696e41f8,K,-21.709489954452412,2680.639185065816
fisheries,schaefer,Simulated annealing,Annealing (T=3.164983),1,2228,546272fd-1817-4d29-a66b-93dc696e41f8,q,-21.709489954452412,0.0004163940934994773
fisheries,schaefer,Simulated annealing,Annealing (T=3.164983),1,2228,546272fd-1817-4d29-a66b-93dc696e41f8,r,-21.709489954452412,0.41608526639609805
fisheries,schaefer,Simulated annealing,Annealing (T=3.164983),1,2228,546272fd-1817-4d29-a66b-93dc696e41f8,sigma_v,-21.709489954452412,0.13447022136830772
fisheries,schaefer,Simulated annealing,Annealing (T=3.164983),1,2428,546272fd-1817-4d29-a66b-93dc696e41f8,K,-24.017191546724895,2597.088251957042
fisheries,schaefer,Simulated annealing,Annealing (T=3.164983),1,2428,546272fd-1817-4d29-a66b-93dc696e41f8,q,-24.017191546724895,0.0004433950101380333
fisheries,schaefer,Simulated annealing,Annealing (T=3.164983),1,2428,546272fd-1817-4d29-a66b-93dc696e41f8,r,-24.017191546724895,0.41873836550603627
fisheries,schaefer,Simulated annealing,Annealing (T=3.164983),1,2428,546272fd-1817-4d29-a66b-93dc696e41f8,sigma_v,-24.017191546724895,0.15375476702740398
fisheries,schaefer,Simulated annealing,Annealing (T=3.164983),1,2628,546272fd-1817-4d29-a66b-93dc696e41f8,K,-7.639063265275472,2584.773334779318
fisheries,schaefer,Simulated annealing,Annealing (T=3.164983),1,2628,546272fd-1817-4d29-a66b-93dc696e41f8,q,-7.639063265275472,0.0005794189420672666
fisheries,schaefer,Simulated annealing,Annealing (T=3.164983),1,2628,546272fd-1817-4d29-a66b-93dc696e41f8,r,-7.639063265275472,0.40125840756019826
fisheries,schaefer,Simulated annealing,Annealing (T=3.164983),1,2628,546272fd-1817-4d29-a66b-93dc696e41f8,sigma_v,-7.639063265275472,0.44045700366015994
fisheries,schaefer,Simulated annealing,Annealing (T=3.164983),1,2828,546272fd-1817-4d29-a66b-93dc696e41f8,K,-19.083361525127494,2654.425900921347
fisheries,schaefer,Simulated annealing,Annealing (T=3.164983),1,2828,546272fd-1817-4d29-a66b-93dc696e41f8,q,-19.083361525127494,0.0004208240224072215
fisheries,schaefer,Simulated annealing,Annealing (T=3.164983),1,2828,546272fd-1817-4d29-a66b-93dc696e41f8,r,-19.083361525127494,0.42793377101706004
fisheries,schaefer,Simulated annealing,Annealing (T=3.164983),1,2828,546272fd-1817-4d29-a66b-93dc696e41f8,sigma_v,-19.083361525127494,0.147302290806456
fisheries,schaefer,Simulated annealing,Annealing (T=3.164983),1,3028,546272fd-1817-4d29-a66b-93dc696e41f8,K,-18.844956102650016,2852.9869318793462
fisheries,schaefer,Simulated annealing,Annealing (T=3.164983),1,3028,546272fd-1817-4d29-a66b-93dc696e41f8,q,-18.844956102650016,0.000387348584694294
fisheries,schaefer,Simulated annealing,Annealing (T=3.164983),1,3028,546272fd-1817-4d29-a66b-93dc696e41f8,r,-18.844956102650016,0.3760641116401893
fisheries,schaefer,Simulated annealing,Annealing (T=3.164983),1,3028,546272fd-1817-4d29-a66b-93dc696e41f8,sigma_v,-18.844956102650016,0.23818854283662166
fisheries,schaefer,Simulated annealing,Annealing (T=3.164983),1,3228,546272fd-1817-4d29-a66b-93dc696e41f8,K,-17.084878984039886,3022.0539009308495
fisheries,schaefer,Simulated annealing,Annealing (T=3.164983),1,3228,546272fd-1817-4d29-a66b-93dc696e41f8,q,-17.084878984039886,0.00033292842272084343
fisheries,schaefer,Simulated annealing,Annealing (T=3.164983),1,3228,546272fd-1817-4d29-a66b-93dc696e41f8,r,-17.084878984039886,0.3474060882092413
fisheries,schaefer,Simulated annealing,Annealing (T=3.164983),1,3228,546272fd-1817-4d29-a66b-93dc696e41f8,sigma_v,-17.084878984039886,0.10407033029472357
fisheries,schaefer,Simulated annealing,Annealing (T=3.164983),1,3428,546272fd-1817-4d29-a66b-93dc696e41f8,K,-20.194503032566672,3547.430826693714
fisheries,schaefer,Simulated annealing,Annealing (T=3.164983),1,3428,546272fd-1817-4d29-a66b-93dc696e41f8,q,-20.194503032566672,0.0003404604002367937
fisheries,schaefer,Simulated annealing,Annealing (T=3.164983),1,3428,546272fd-1817-4d29-a66b-93dc696e41f8,r,-20.194503032566672,0.2491301276397732
fisheries,schaefer,Simulated annealing,Annealing (T=3.164983),1,3428,546272fd-1817-4d29-a66b-93dc696e41f8,sigma_v,-20.194503032566672,0.20241402590247526
fisheries,schaefer,Simulated annealing,Annealing (T=3.164983),1,3628,546272fd-1817-4d29-a66b-93dc696e41f8,K,-21.220356994756436,3597.9684613533946
fisheries,schaefer,Simulated annealing,Annealing (T=3.164983),1,3628,546272fd-1817-4d29-a66b-93dc696e41f8,q,-21.220356994756436,0.000324241516635391
fisheries,schaefer,Simulated annealing,Annealing (T=3.164983),1,3628,546272fd-1817-4d29-a66b-93dc696e41f8,r,-21.220356994756436,0.2513797834183611
fisheries,schaefer,Simulated annealing,Annealing (T=3.164983),1,3628,546272fd-1817-4d29-a66b-93dc696e41f8,sigma_v,-21.220356994756436,0.20304744580494963
fisheries,schaefer,Simulated annealing,Annealing (T=3.164983),1,3828,546272fd-1817-4d29-a66b-93dc696e41f8,K,-23.831823612236413,3517.7205562762556
fisheries,schaefer,Simulated annealing,Annealing (T=3.164983),1,3828,546272fd-1817-4d29-a66b-93dc696e41f8,q,-23.831823612236413,0.0003335246141307358
fisheries,schaefer,Simulated annealing,Annealing (T=3.164983),1,3828,546272fd-1817-4d29-a66b-93dc696e41f8,r,-23.831823612236413,0.2602095006330264
fisheries,schaefer,Simulated annealing,Annealing (T=3.164983),1,3828,546272fd-1817-4d29-a66b-93dc696e41f8,sigma_v,-23.831823612236413,0.16732772463694653
fisheries,schaefer,Simulated annealing,Annealing (T=3.164983),1,4028,546272fd-1817-4d29-a66b-93dc696e41f8,K,-25.835624142928506,3670.692651592859
fisheries,schaefer,Simulated annealing,Annealing (T=3.164983),1,4028,546272fd-1817-4d29-a66b-93dc696e41f8,q,-25.835624142928506,0.0002931168087406674
fisheries,schaefer,Simulated annealing,Annealing (T=3.164983),1,4028,546272fd-1817-4d29-a66b-93dc696e41f8,r,-25.835624142928506,0.26280774565874776
fisheries,schaefer,Simulated annealing,Annealing (T=3.164983),1,4028,546272fd-1817-4d29-a66b-93dc696e41f8,sigma_v,-25.835624142928506,0.12431430502998794
fisheries,schaefer,Simulated annealing,Annealing (T=3.164983),1,4228,546272fd-1817-4d29-a66b-93dc696e41f8,K,-26.53914077092105,3550.955185602851
fisheries,schaefer,Simulated annealing,Annealing (T=3.164983),1,4228,546272fd-1817-4d29-a66b-93dc696e41f8,q,-26.53914077092105,0.0003182410961289477
fisheries,schaefer,Simulated annealing,Annealing (T=3.164983),1,4228,546272fd-1817-4d29-a66b-93dc696e41f8,r,-26.53914077092105,0.26769433175039486
fisheries,schaefer,Simulated annealing,Annealing (T=3.164983),1,4228,546272fd-1817-4d29-a66b-93dc696e41f8,sigma_v,-26.53914077092105,0.09696883293005917
fisheries,schaefer,Simulated annealing,Annealing (T=3.164983),1,4428,546272fd-1817-4d29-a66b-93dc696e41f8,K,-17.39150921399965,3443.6599711241156
fisheries,schaefer,Simulated annealing,Annealing (T=3.164983),1,4428,546272fd-1817-4d29-a66b-93dc696e41f8,q,-17.39150921399965,0.0003120497227494154
fisheries,schaefer,Simulated annealing,Annealing (T=3.164983),1,4428,546272fd-1817-4d29-a66b-93dc696e41f8,r,-17.39150921399965,0.27116776171370044
fisheries,schaefer,Simulated annealing,Annealing (T=3.164983),1,4428,546272fd-1817-4d29-a66b-93dc696e41f8,sigma_v,-17.39150921399965,0.24332284900308374
fisheries,schaefer,Simulated annealing,Annealing (T=3.164983),1,4628,546272fd-1817-4d29-a66b-93dc696e41f8,K,-21.823952001769044,3563.8383573826927
fisheries,schaefer,Simulated annealing,Annealing (T=3.164983),1,4628,546272fd-1817-4d29-a66b-93dc696e41f8,q,-21.823952001769044,0.00030748967191385575
fisheries,schaefer,Simulated annealing,Annealing (T=3.164983),1,4628,546272fd-1817-4d29-a66b-93dc696e41f8,r,-21.823952001769044,0.2648722822730573
fisheries,schaefer,Simulated annealing,Annealing (T=3.164983),1,4628,546272fd-1817-4d29-a66b-93dc696e41f8,sigma_v,-21.823952001769044,0.07725488684806417
fisheries,schaefer,Simulated annealing,Annealing (T=3.164983),1,4828,546272fd-1817-4d29-a66b-93dc696e41f8,K,-19.56915589542135,3366.3867351778313
fisheries,schaefer,Simulated annealing,Annealing (T=3.164983),1,4828,546272fd-1817-4d29-a66b-93dc696e41f8,q,-19.56915589542135,0.0003740787009947911
fisheries,schaefer,Simulated annealing,Annealing (T=3.164983),1,4828,546272fd-1817-4d29-a66b-93dc696e41f8,r,-19.56915589542135,0.2914333952039996
fisheries,schaefer,Simulated annealing,Annealing (T=3.164983),1,4828,546272fd-1817-4d29-a66b-93dc696e41f8,sigma_v,-19.56915589542135,0.1758539657386914
fisheries,schaefer,Simulated annealing,Annealing (T=2.938913),1,27,546272fd-1817-4d29-a66b-93dc696e41f8,K,-24.03556633598937,2810.195972912981
fisheries,schaefer,Simulated annealing,Annealing (T=2.938913),1,27,546272fd-1817-4d29-a66b-93dc696e41f8,q,-24.03556633598937,0.00048000068644433465
fisheries,schaefer,Simulated annealing,Annealing (T=2.938913),1,27,546272fd-1817-4d29-a66b-93dc696e41f8,r,-24.03556633598937,0.3659258464560954
fisheries,schaefer,Simulated annealing,Annealing (T=2.938913),1,27,546272fd-1817-4d29-a66b-93dc696e41f8,sigma_v,-24.03556633598937,0.13519808878161477
fisheries,schaefer,Simulated annealing,Annealing (T=2.938913),1,227,546272fd-1817-4d29-a66b-93dc696e41f8,K,-21.56038339110369,2893.441460561651
fisheries,schaefer,Simulated annealing,Annealing (T=2.938913),1,227,546272fd-1817-4d29-a66b-93dc696e41f8,q,-21.56038339110369,0.00037907340962245955
fisheries,schaefer,Simulated annealing,Annealing (T=2.938913),1,227,546272fd-1817-4d29-a66b-93dc696e41f8,r,-21.56038339110369,0.36915470546350704
fisheries,schaefer,Simulated annealing,Annealing (T=2.938913),1,227,546272fd-1817-4d29-a66b-93dc696e41f8,sigma_v,-21.56038339110369,0.1977363189803553
fisheries,schaefer,Simulated annealing,Annealing (T=2.938913),1,427,546272fd-1817-4d29-a66b-93dc696e41f8,K,-14.36633871943287,2721.7533767996897
fisheries,schaefer,Simulated annealing,Annealing (T=2.938913),1,427,546272fd-1817-4d29-a66b-93dc696e41f8,q,-14.36633871943287,0.0004800528429464262
fisheries,schaefer,Simulated annealing,Annealing (T=2.938913),1,427,546272fd-1817-4d29-a66b-93dc696e41f8,r,-14.36633871943287,0.36544876038936586
fisheries,schaefer,Simulated annealing,Annealing (T=2.938913),1,427,546272fd-1817-4d29-a66b-93dc696e41f8,sigma_v,-14.36633871943287,0.18432648641357582
fisheries,schaefer,Simulated annealing,Annealing (T=2.938913),1,627,546272fd-1817-4d29-a66b-93dc696e41f8,K,-29.61433325252777,2902.482690057602
fisheries,schaefer,Simulated annealing,Annealing (T=2.938913),1,627,546272fd-1817-4d29-a66b-93dc696e41f8,q,-29.61433325252777,0.00041997076466981177
fisheries,schaefer,Simulated annealing,Annealing (T=2.938913),1,627,546272fd-1817-4d29-a66b-93dc696e41f8,r,-29.61433325252777,0.3492708096221169
fisheries,schaefer,Simulated annealing,Annealing (T=2.938913),1,627,546272fd-1817-4d29-a66b-93dc696e41f8,sigma_v,-29.61433325252777,0.09215993571310367
fisheries,schaefer,Simulated annealing,Annealing (T=2.938913),1,827,546272fd-1817-4d29-a66b-93dc696e41f8,K,-27.945591588837345,3220.851347230441
fisheries,schaefer,Simulated annealing,Annealing (T=2.938913),1,827,546272fd-1817-4d29-a66b-93dc696e41f8,q,-27.945591588837345,0.000370774994963729
fisheries,schaefer,Simulated annealing,Annealing (T=2.938913),1,827,546272fd-1817-4d29-a66b-93dc696e41f8,r,-27.945591588837345,0.299862820886563
fisheries,schaefer,Simulated annealing,Annealing (T=2.938913),1,827,546272fd-1817-4d29-a66b-93dc696e41f8,sigma_v,-27.945591588837345,0.08591408395869504
fisheries,schaefer,Simulated annealing,Annealing (T=2.938913),1,1027,546272fd-1817-4d29-a66b-93dc696e41f8,K,-18.4873666399043,3459.026520160678
fisheries,schaefer,Simulated annealing,Annealing (T=2.938913),1,1027,546272fd-1817-4d29-a66b-93dc696e41f8,q,-18.4873666399043,0.00029139475326851283
fisheries,schaefer,Simulated annealing,Annealing (T=2.938913),1,1027,546272fd-1817-4d29-a66b-93dc696e41f8,r,-18.4873666399043,0.28950799111292247
fisheries,schaefer,Simulated annealing,Annealing (T=2.938913),1,1027,546272fd-1817-4d29-a66b-93dc696e41f8,sigma_v,-18.4873666399043,0.23523984629394787
fisheries,schaefer,Simulated annealing,Annealing (T=2.938913),1,1227,546272fd-1817-4d29-a66b-93dc696e41f8,K,-5.417919372685362,3880.6712515618137
fisheries,schaefer,Simulated annealing,Annealing (T=2.938913),1,1227,546272fd-1817-4d29-a66b-93dc696e41f8,q,-5.417919372685362,0.00032500160903639917
fisheries,schaefer,Simulated annealing,Annealing (T=2.938913),1,1227,546272fd-1817-4d29-a66b-93dc696e41f8,r,-5.417919372685362,0.2505342748843734
fisheries,schaefer,Simulated annealing,Annealing (T=2.938913),1,1227,546272fd-1817-4d29-a66b-93dc696e41f8,sigma_v,-5.417919372685362,0.15105366748591562
fisheries,schaefer,Simulated annealing,Annealing (T=2.938913),1,1427,546272fd-1817-4d29-a66b-93dc696e41f8,K,-18.86172809688872,3723.50655047148
fisheries,schaefer,Simulated annealing,Annealing (T=2.938913),1,1427,546272fd-1817-4d29-a66b-93dc696e41f8,q,-18.86172809688872,0.00028944967047883814
fisheries,schaefer,Simulated annealing,Annealing (T=2.938913),1,1427,546272fd-1817-4d29-a66b-93dc696e41f8,r,-18.86172809688872,0.24824495228812263
fisheries,schaefer,Simulated annealing,Annealing (T=2.938913),1,1427,546272fd-1817-4d29-a66b-93dc696e41f8,sigma_v,-18.86172809688872,0.07718437920562525
fisheries,schaefer,Simulated annealing,Annealing (T=2.938913),1,1627,546272fd-1817-4d29-a66b-93dc696e41f8,K,-13.731550647782507,3756.672973168847
fisheries,schaefer,Simulated annealing,Annealing (T=2.938913),1,1627,546272fd-1817-4d29-a66b-93dc696e41f8,q,-13.731550647782507,0.00025201962248180636
fisheries,schaefer,Simulated annealing,Annealing (T=2.938913),1,1627,546272fd-1817-4d29-a66b-93dc696e41f8,r,-13.731550647782507,0.2943792308844716
fisheries,schaefer,Simulated annealing,Annealing (T=2.938913),1,1627,546272fd-1817-4d29-a66b-93dc696e41f8,sigma_v,-13.731550647782507,0.29951690180324303
fisheries,schaefer,Simulated annealing,Annealing (T=2.938913),1,1827,546272fd-1817-4d29-a66b-93dc696e41f8,K,-7.5196085939801565,3840.255840609936
fisheries,schaefer,Simulated annealing,Annealing (T=2.938913),1,1827,546272fd-1817-4d29-a66b-93dc696e41f8,q,-7.5196085939801565,0.00022648622925543479
fisheries,schaefer,Simulated annealing,Annealing (T=2.938913),1,1827,546272fd-1817-4d29-a66b-93dc696e41f8,r,-7.5196085939801565,0.4077156134591996
fisheries,schaefer,Simulated annealing,Annealing (T=2.938913),1,1827,546272fd-1817-4d29-a66b-93dc696e41f8,sigma_v,-7.5196085939801565,0.33857602303883816
fisheries,schaefer,Simulated annealing,Annealing (T=2.938913),1,2027,546272fd-1817-4d29-a66b-93dc696e41f8,K,-10.098542843680994,3660.788850469793
fisheries,schaefer,Simulated annealing,Annealing (T=2.938913),1,2027,546272fd-1817-4d29-a66b-93dc696e41f8,q,-10.098542843680994,0.0002056382763247124
fisheries,schaefer,Simulated annealing,Annealing (T=2.938913),1,2027,546272fd-1817-4d29-a66b-93dc696e41f8,r,-10.098542843680994,0.41776498659568573
fisheries,schaefer,Simulated annealing,Annealing (T=2.938913),1,2027,546272fd-1817-4d29-a66b-93dc696e41f8,sigma_v,-10.098542843680994,0.25373351400582034
fisheries,schaefer,Simulated annealing,Annealing (T=2.938913),1,2227,546272fd-1817-4d29-a66b-93dc696e41f8,K,-21.217910148245714,3742.289451105097
fisheries,schaefer,Simulated annealing,Annealing (T=2.938913),1,2227,546272fd-1817-4d29-a66b-93dc696e41f8,q,-21.217910148245714,0.0003134413159046296
fisheries,schaefer,Simulated annealing,Annealing (T=2.938913),1,2227,546272fd-1817-4d29-a66b-93dc696e41f8,r,-21.217910148245714,0.25201671053660213
fisheries,schaefer,Simulated annealing,Annealing (T=2.938913),1,2227,546272fd-1817-4d29-a66b-93dc696e41f8,sigma_v,-21.217910148245714,0.11286387114751867
fisheries,schaefer,Simulated annealing,Annealing (T=2.938913),1,2427,546272fd-1817-4d29-a66b-93dc696e41f8,K,-15.484239816036776,4044.6824255111474
fisheries,schaefer,Simulated annealing,Annealing (T=2.938913),1,2427,546272fd-1817-4d29-a66b-93dc696e41f8,q,-15.484239816036776,0.00030469475530264675
fisheries,schaefer,Simulated annealing,Annealing (T=2.938913),1,2427,546272fd-1817-4d29-a66b-93dc696e41f8,r,-15.484239816036776,0.22530216507161396
fisheries,schaefer,Simulated annealing,Annealing (T=2.938913),1,2427,546272fd-1817-4d29-a66b-93dc696e41f8,sigma_v,-15.484239816036776,0.21398232244042376
fisheries,schaefer,Simulated annealing,Annealing (T=2.938913),1,2627,546272fd-1817-4d29-a66b-93dc696e41f8,K,-15.72335693231896,4133.033312676482
fisheries,schaefer,Simulated annealing,Annealing (T=2.938913),1,2627,546272fd-1817-4d29-a66b-93dc696e41f8,q,-15.72335693231896,0.00021135894538188644
fisheries,schaefer,Simulated annealing,Annealing (T=2.938913),1,2627,546272fd-1817-4d29-a66b-93dc696e41f8,r,-15.72335693231896,0.23709719268063756
fisheries,schaefer,Simulated annealing,Annealing (T=2.938913),1,2627,546272fd-1817-4d29-a66b-93dc696e41f8,sigma_v,-15.72335693231896,0.2062677333952045
fisheries,schaefer,Simulated annealing,Annealing (T=2.938913),1,2827,546272fd-1817-4d29-a66b-93dc696e41f8,K,-16.489905008678573,4100.8228243428
fisheries,schaefer,Simulated annealing,Annealing (T=2.938913),1,2827,546272fd-1817-4d29-a66b-93dc696e41f8,q,-16.489905008678573,0.0002692053740010595
fisheries,schaefer,Simulated annealing,Annealing (T=2.938913),1,2827,546272fd-1817-4d29-a66b-93dc696e41f8,r,-16.489905008678573,0.20442487290606476
fisheries,schaefer,Simulated annealing,Annealing (T=2.938913),1,2827,546272fd-1817-4d29-a66b-93dc696e41f8,sigma_v,-16.489905008678573,0.2589355092050389
fisheries,schaefer,Simulated annealing,Annealing (T=2.938913),1,3027,546272fd-1817-4d29-a66b-93dc696e41f8,K,-23.322451265194438,4178.010371001728
fisheries,schaefer,Simulated annealing,Annealing (T=2.938913),1,3027,546272fd-1817-4d29-a66b-93dc696e41f8,q,-23.322451265194438,0.00025088102297614144
fisheries,schaefer,Simulated annealing,Annealing (T=2.938913),1,3027,546272fd-1817-4d29-a66b-93dc696e41f8,r,-23.322451265194438,0.22227270673376226
fisheries,schaefer,Simulated annealing,Annealing (T=2.938913),1,3027,546272fd-1817-4d29-a66b-93dc696e41f8,sigma_v,-23.322451265194438,0.13257249624157097
fisheries,schaefer,Simulated annealing,Annealing (T=2.938913),1,3227,546272fd-1817-4d29-a66b-93dc696e41f8,K,-8.197997006825286,4107.394526847601
fisheries,schaefer,Simulated annealing,Annealing (T=2.938913),1,3227,546272fd-1817-4d29-a66b-93dc696e41f8,q,-8.197997006825286,0.0001884508539307064
fisheries,schaefer,Simulated annealing,Annealing (T=2.938913),1,3227,546272fd-1817-4d29-a66b-93dc696e41f8,r,-8.197997006825286,0.2942246360622893
fisheries,schaefer,Simulated annealing,Annealing (T=2.938913),1,3227,546272fd-1817-4d29-a66b-93dc696e41f8,sigma_v,-8.197997006825286,0.3789063409133534
fisheries,schaefer,Simulated annealing,Annealing (T=2.938913),1,3427,546272fd-1817-4d29-a66b-93dc696e41f8,K,-15.64529624026294,4351.221587779478
fisheries,schaefer,Simulated annealing,Annealing (T=2.938913),1,3427,546272fd-1817-4d29-a66b-93dc696e41f8,q,-15.64529624026294,0.0001897110049128415
fisheries,schaefer,Simulated annealing,Annealing (T=2.938913),1,3427,546272fd-1817-4d29-a66b-93dc696e41f8,r,-15.64529624026294,0.25851819114594987
fisheries,schaefer,Simulated annealing,Annealing (T=2.938913),1,3427,546272fd-1817-4d29-a66b-93dc696e41f8,sigma_v,-15.64529624026294,0.20267559912877084
fisheries,schaefer,Simulated annealing,Annealing (T=2.938913),1,3627,546272fd-1817-4d29-a66b-93dc696e41f8,K,-7.626615882683172,4648.9980772572235
fisheries,schaefer,Simulated annealing,Annealing (T=2.938913),1,3627,546272fd-1817-4d29-a66b-93dc696e41f8,q,-7.626615882683172,0.0002691276540043822
fisheries,schaefer,Simulated annealing,Annealing (T=2.938913),1,3627,546272fd-1817-4d29-a66b-93dc696e41f8,r,-7.626615882683172,0.18953948654172265
fisheries,schaefer,Simulated annealing,Annealing (T=2.938913),1,3627,546272fd-1817-4d29-a66b-93dc696e41f8,sigma_v,-7.626615882683172,0.19479739976621466
fisheries,schaefer,Simulated annealing,Annealing (T=2.938913),1,3827,546272fd-1817-4d29-a66b-93dc696e41f8,K,-23.97437001999963,4075.785071941604
fisheries,schaefer,Simulated annealing,Annealing (T=2.938913),1,3827,546272fd-1817-4d29-a66b-93dc696e41f8,q,-23.97437001999963,0.00026642335842355446
fisheries,schaefer,Simulated annealing,Annealing (T=2.938913),1,3827,546272fd-1817-4d29-a66b-93dc696e41f8,r,-23.97437001999963,0.2215456293645649
fisheries,schaefer,Simulated annealing,Annealing (T=2.938913),1,3827,546272fd-1817-4d29-a66b-93dc696e41f8,sigma_v,-23.97437001999963,0.13522497523485677
fisheries,schaefer,Simulated annealing,Annealing (T=2.938913),1,4027,546272fd-1817-4d29-a66b-93dc696e41f8,K,-19.93176789777276,4175.433426140863
fisheries,schaefer,Simulated annealing,Annealing (T=2.938913),1,4027,546272fd-1817-4d29-a66b-93dc696e41f8,q,-19.93176789777276,0.0002543117967483494
fisheries,schaefer,Simulated annealing,Annealing (T=2.938913),1,4027,546272fd-1817-4d29-a66b-93dc696e41f8,r,-19.93176789777276,0.206649578909957
fisheries,schaefer,Simulated annealing,Annealing (T=2.938913),1,4027,546272fd-1817-4d29-a66b-93dc696e41f8,sigma_v,-19.93176789777276,0.20484175759078632
fisheries,schaefer,Simulated annealing,Annealing (T=2.938913),1,4227,546272fd-1817-4d29-a66b-93dc696e41f8,K,-10.490918910931008,4119.190048193102
fisheries,schaefer,Simulated annealing,Annealing (T=2.938913),1,4227,546272fd-1817-4d29-a66b-93dc696e41f8,q,-10.490918910931008,0.00030116215823691413
fisheries,schaefer,Simulated annealing,Annealing (T=2.938913),1,4227,546272fd-1817-4d29-a66b-93dc696e41f8,r,-10.490918910931008,0.2259380305672795
fisheries,schaefer,Simulated annealing,Annealing (T=2.938913),1,4227,546272fd-1817-4d29-a66b-93dc696e41f8,sigma_v,-10.490918910931008,0.3167317211741413
fisheries,schaefer,Simulated annealing,Annealing (T=2.938913),1,4427,546272fd-1817-4d29-a66b-93dc696e41f8,K,-18.5178649168365,4084.8933094097392
fisheries,schaefer,Simulated annealing,Annealing (T=2.938913),1,4427,546272fd-1817-4d29-a66b-93dc696e41f8,q,-18.5178649168365,0.0002922059176486819
fisheries,schaefer,Simulated annealing,Annealing (T=2.938913),1,4427,546272fd-1817-4d29-a66b-93dc696e41f8,r,-18.5178649168365,0.19467318191553018
fisheries,schaefer,Simulated annealing,Annealing (T=2.938913),1,4427,546272fd-1817-4d29-a66b-93dc696e41f8,sigma_v,-18.5178649168365,0.17236889698199023
fisheries,schaefer,Simulated annealing,Annealing (T=2.938913),1,4627,546272fd-1817-4d29-a66b-93dc696e41f8,K,-12.722991550267592,3792.4797964548657
fisheries,schaefer,Simulated annealing,Annealing (T=2.938913),1,4627,546272fd-1817-4d29-a66b-93dc696e41f8,q,-12.722991550267592,0.0002897702919924081
fisheries,schaefer,Simulated annealing,Annealing (T=2.938913),1,4627,546272fd-1817-4d29-a66b-93dc696e41f8,r,-12.722991550267592,0.24384451016293082
fisheries,schaefer,Simulated annealing,Annealing (T=2.938913),1,4627,546272fd-1817-4d29-a66b-93dc696e41f8,sigma_v,-12.722991550267592,0.34155026195431376
fisheries,schaefer,Simulated annealing,Annealing (T=2.938913),1,4827,546272fd-1817-4d29-a66b-93dc696e41f8,K,-11.326599645170418,3989.915896748876
fisheries,schaefer,Simulated annealing,Annealing (T=2.938913),1,4827,546272fd-1817-4d29-a66b-93dc696e41f8,q,-11.326599645170418,0.00019188539558858718
fisheries,schaefer,Simulated annealing,Annealing (T=2.938913),1,4827,546272fd-1817-4d29-a66b-93dc696e41f8,r,-11.326599645170418,0.30203654641894595
fisheries,schaefer,Simulated annealing,Annealing (T=2.938913),1,4827,546272fd-1817-4d29-a66b-93dc696e41f8,sigma_v,-11.326599645170418,0.2065476309006886
fisheries,schaefer,Simulated annealing,Annealing (T=2.742985),1,26,546272fd-1817-4d29-a66b-93dc696e41f8,K,-23.624876293965894,2900.8316844528576
fisheries,schaefer,Simulated annealing,Annealing (T=2.742985),1,26,546272fd-1817-4d29-a66b-93dc696e41f8,q,-23.624876293965894,0.00045273443649221313
fisheries,schaefer,Simulated annealing,Annealing (T=2.742985),1,26,546272fd-1817-4d29-a66b-93dc696e41f8,r,-23.624876293965894,0.3500957356082311
fisheries,schaefer,Simulated annealing,Annealing (T=2.742985),1,26,546272fd-1817-4d29-a66b-93dc696e41f8,sigma_v,-23.624876293965894,0.1682528508307077
fisheries,schaefer,Simulated annealing,Annealing (T=2.742985),1,226,546272fd-1817-4d29-a66b-93dc696e41f8,K,-24.008655753698147,3215.670137760906
fisheries,schaefer,Simulated annealing,Annealing (T=2.742985),1,226,546272fd-1817-4d29-a66b-93dc696e41f8,q,-24.008655753698147,0.00032552518718765975
fisheries,schaefer,Simulated annealing,Annealing (T=2.742985),1,226,546272fd-1817-4d29-a66b-93dc696e41f8,r,-24.008655753698147,0.32889916682605774
fisheries,schaefer,Simulated annealing,Annealing (T=2.742985),1,226,546272fd-1817-4d29-a66b-93dc696e41f8,sigma_v,-24.008655753698147,0.12555351595389436
fisheries,schaefer,Simulated annealing,Annealing (T=2.742985),1,426,546272fd-1817-4d29-a66b-93dc696e41f8,K,-24.465258235998185,3034.731523485258
fisheries,schaefer,Simulated annealing,Annealing (T=2.742985),1,426,546272fd-1817-4d29-a66b-93dc696e41f8,q,-24.465258235998185,0.0004492803037020302
fisheries,schaefer,Simulated annealing,Annealing (T=2.742985),1,426,546272fd-1817-4d29-a66b-93dc696e41f8,r,-24.465258235998185,0.3168333552543713
fisheries,schaefer,Simulated annealing,Annealing (T=2.742985),1,426,546272fd-1817-4d29-a66b-93dc696e41f8,sigma_v,-24.465258235998185,0.14333193855788495
fisheries,schaefer,Simulated annealing,Annealing (T=2.742985),1,626,546272fd-1817-4d29-a66b-93dc696e41f8,K,-24.298536707661334,3057.1258553094203
fisheries,schaefer,Simulated annealing,Annealing (T=2.742985),1,626,546272fd-1817-4d29-a66b-93dc696e41f8,q,-24.298536707661334,0.0004016354937019166
fisheries,schaefer,Simulated annealing,Annealing (T=2.742985),1,626,546272fd-1817-4d29-a66b-93dc696e41f8,r,-24.298536707661334,0.3297417419120051
fisheries,schaefer,Simulated annealing,Annealing (T=2.742985),1,626,546272fd-1817-4d29-a66b-93dc696e41f8,sigma_v,-24.298536707661334,0.1694635930538454
fisheries,schaefer,Simulated annealing,Annealing (T=2.742985),1,826,546272fd-1817-4d29-a66b-93dc696e41f8,K,-24.719942799453673,3234.9189749095895
fisheries,schaefer,Simulated annealing,Annealing (T=2.742985),1,826,546272fd-1817-4d29-a66b-93dc696e41f8,q,-24.719942799453673,0.0004014955433365359
fisheries,schaefer,Simulated annealing,Annealing (T=2.742985),1,826,546272fd-1817-4d29-a66b-93dc696e41f8,r,-24.719942799453673,0.29506376954081814
fisheries,schaefer,Simulated annealing,Annealing (T=2.742985),1,826,546272fd-1817-4d29-a66b-93dc696e41f8,sigma_v,-24.719942799453673,0.11706049584110442
fisheries,schaefer,Simulated annealing,Annealing (T=2.742985),1,1026,546272fd-1817-4d29-a66b-93dc696e41f8,K,-20.956911727055463,3316.9825652127547
fisheries,schaefer,Simulated annealing,Annealing (T=2.742985),1,1026,546272fd-1817-4d29-a66b-93dc696e41f8,q,-20.956911727055463,0.00038535362434650284
fisheries,schaefer,Simulated annealing,Annealing (T=2.742985),1,1026,546272fd-1817-4d29-a66b-93dc696e41f8,r,-20.956911727055463,0.2806544713506526
fisheries,schaefer,Simulated annealing,Annealing (T=2.742985),1,1026,546272fd-1817-4d29-a66b-93dc696e41f8,sigma_v,-20.956911727055463,0.20781414823224312
fisheries,schaefer,Simulated annealing,Annealing (T=2.742985),1,1226,546272fd-1817-4d29-a66b-93dc696e41f8,K,-26.862645287855933,3435.4846437731658
fisheries,schaefer,Simulated annealing,Annealing (T=2.742985),1,1226,546272fd-1817-4d29-a66b-93dc696e41f8,q,-26.862645287855933,0.0003474286086473264
fisheries,schaefer,Simulated annealing,Annealing (T=2.742985),1,1226,546272fd-1817-4d29-a66b-93dc696e41f8,r,-26.862645287855933,0.2704893420807906
fisheries,schaefer,Simulated annealing,Annealing (T=2.742985),1,1226,546272fd-1817-4d29-a66b-93dc696e41f8,sigma_v,-26.862645287855933,0.11652223915426779
fisheries,schaefer,Simulated annealing,Annealing (T=2.742985),1,1426,546272fd-1817-4d29-a66b-93dc696e41f8,K,-27.02980290780719,3373.571325275927
fisheries,schaefer,Simulated annealing,Annealing (T=2.742985),1,1426,546272fd-1817-4d29-a66b-93dc696e41f8,q,-27.02980290780719,0.00034232656169302304
fisheries,schaefer,Simulated annealing,Annealing (T=2.742985),1,1426,546272fd-1817-4d29-a66b-93dc696e41f8,r,-27.02980290780719,0.28454019846583684
fisheries,schaefer,Simulated annealing,Annealing (T=2.742985),1,1426,546272fd-1817-4d29-a66b-93dc696e41f8,sigma_v,-27.02980290780719,0.085784117143372
fisheries,schaefer,Simulated annealing,Annealing (T=2.742985),1,1626,546272fd-1817-4d29-a66b-93dc696e41f8,K,-25.61343370908834,2949.6848925612776
fisheries,schaefer,Simulated annealing,Annealing (T=2.742985),1,1626,546272fd-1817-4d29-a66b-93dc696e41f8,q,-25.61343370908834,0.00036948629988944474
fisheries,schaefer,Simulated annealing,Annealing (T=2.742985),1,1626,546272fd-1817-4d29-a66b-93dc696e41f8,r,-25.61343370908834,0.35249411972015937
fisheries,schaefer,Simulated annealing,Annealing (T=2.742985),1,1626,546272fd-1817-4d29-a66b-93dc696e41f8,sigma_v,-25.61343370908834,0.11888421058634546
fisheries,schaefer,Simulated annealing,Annealing (T=2.742985),1,1826,546272fd-1817-4d29-a66b-93dc696e41f8,K,-28.448893470603313,2916.981159575885
fisheries,schaefer,Simulated annealing,Annealing (T=2.742985),1,1826,546272fd-1817-4d29-a66b-93dc696e41f8,q,-28.448893470603313,0.0004230917884107249
fisheries,schaefer,Simulated annealing,Annealing (T=2.742985),1,1826,546272fd-1817-4d29-a66b-93dc696e41f8,r,-28.448893470603313,0.34993412989751516
fisheries,schaefer,Simulated annealing,Annealing (T=2.742985),1,1826,546272fd-1817-4d29-a66b-93dc696e41f8,sigma_v,-28.448893470603313,0.08659401712653786
fisheries,schaefer,Simulated annealing,Annealing (T=2.742985),1,2026,546272fd-1817-4d29-a66b-93dc696e41f8,K,-17.256354388532937,2895.136757689547
fisheries,schaefer,Simulated annealing,Annealing (T=2.742985),1,2026,546272fd-1817-4d29-a66b-93dc696e41f8,q,-17.256354388532937,0.0003971761190190461
fisheries,schaefer,Simulated annealing,Annealing (T=2.742985),1,2026,546272fd-1817-4d29-a66b-93dc696e41f8,r,-17.256354388532937,0.35251408786082533
fisheries,schaefer,Simulated annealing,Annealing (T=2.742985),1,2026,546272fd-1817-4d29-a66b-93dc696e41f8,sigma_v,-17.256354388532937,0.26743997450453005
fisheries,schaefer,Simulated annealing,Annealing (T=2.742985),1,2226,546272fd-1817-4d29-a66b-93dc696e41f8,K,-29.45375926374033,2777.4591825958755
fisheries,schaefer,Simulated annealing,Annealing (T=2.742985),1,2226,546272fd-1817-4d29-a66b-93dc696e41f8,q,-29.45375926374033,0.0004468615224035215
fisheries,schaefer,Simulated annealing,Annealing (T=2.742985),1,2226,546272fd-1817-4d29-a66b-93dc696e41f8,r,-29.45375926374033,0.3730421743762336
fisheries,schaefer,Simulated annealing,Annealing (T=2.742985),1,2226,546272fd-1817-4d29-a66b-93dc696e41f8,sigma_v,-29.45375926374033,0.09810787996253287
fisheries,schaefer,Simulated annealing,Annealing (T=2.742985),1,2426,546272fd-1817-4d29-a66b-93dc696e41f8,K,-13.651262927534031,2742.930677303255
fisheries,schaefer,Simulated annealing,Annealing (T=2.742985),1,2426,546272fd-1817-4d29-a66b-93dc696e41f8,q,-13.651262927534031,0.0004583046279519607
fisheries,schaefer,Simulated annealing,Annealing (T=2.742985),1,2426,546272fd-1817-4d29-a66b-93dc696e41f8,r,-13.651262927534031,0.3651451330943099
fisheries,schaefer,Simulated annealing,Annealing (T=2.742985),1,2426,546272fd-1817-4d29-a66b-93dc696e41f8,sigma_v,-13.651262927534031,0.29093372581541066
fisheries,schaefer,Simulated annealing,Annealing (T=2.742985),1,2626,546272fd-1817-4d29-a66b-93dc696e41f8,K,-26.282729371502764,2755.3551029885903
fisheries,schaefer,Simulated annealing,Annealing (T=2.742985),1,2626,546272fd-1817-4d29-a66b-93dc696e41f8,q,-26.282729371502764,0.00041825815708904383
fisheries,schaefer,Simulated annealing,Annealing (T=2.742985),1,2626,546272fd-1817-4d29-a66b-93dc696e41f8,r,-26.282729371502764,0.3811120548077615
fisheries,schaefer,Simulated annealing,Annealing (T=2.742985),1,2626,546272fd-1817-4d29-a66b-93dc696e41f8,sigma_v,-26.282729371502764,0.1265222377969926
fisheries,schaefer,Simulated annealing,Annealing (T=2.742985),1,2826,546272fd-1817-4d29-a66b-93dc696e41f8,K,-19.021181389534526,2686.8526463826797
fisheries,schaefer,Simulated annealing,Annealing (T=2.742985),1,2826,546272fd-1817-4d29-a66b-93dc696e41f8,q,-19.021181389534526,0.00038578115904385423
fisheries,schaefer,Simulated annealing,Annealing (T=2.742985),1,2826,546272fd-1817-4d29-a66b-93dc696e41f8,r,-19.021181389534526,0.4035041290446681
fisheries,schaefer,Simulated annealing,Annealing (T=2.742985),1,2826,546272fd-1817-4d29-a66b-93dc696e41f8,sigma_v,-19.021181389534526,0.16697413833237745
fisheries,schaefer,Simulated annealing,Annealing (T=2.742985),1,3026,546272fd-1817-4d29-a66b-93dc696e41f8,K,-28.253942534256424,2835.2773476396037
fisheries,schaefer,Simulated annealing,Annealing (T=2.742985),1,3026,546272fd-1817-4d29-a66b-93dc696e41f8,q,-28.253942534256424,0.0004180739203231989
fisheries,schaefer,Simulated annealing,Annealing (T=2.742985),1,3026,546272fd-1817-4d29-a66b-93dc696e41f8,r,-28.253942534256424,0.3646666576496513
fisheries,schaefer,Simulated annealing,Annealing (T=2.742985),1,3026,546272fd-1817-4d29-a66b-93dc696e41f8,sigma_v,-28.253942534256424,0.12211229922826097
fisheries,schaefer,Simulated annealing,Annealing (T=2.742985),1,3226,546272fd-1817-4d29-a66b-93dc696e41f8,K,-25.04875498385602,2948.4331019289516
fisheries,schaefer,Simulated annealing,Annealing (T=2.742985),1,3226,546272fd-1817-4d29-a66b-93dc696e41f8,q,-25.04875498385602,0.0004246550509586539
fisheries,schaefer,Simulated annealing,Annealing (T=2.742985),1,3226,546272fd-1817-4d29-a66b-93dc696e41f8,r,-25.04875498385602,0.34899670733115196
fisheries,schaefer,Simulated annealing,Annealing (T=2.742985),1,3226,546272fd-1817-4d29-a66b-93dc696e41f8,sigma_v,-25.04875498385602,0.1316340589367182
fisheries,schaefer,Simulated annealing,Annealing (T=2.742985),1,3426,546272fd-1817-4d29-a66b-93dc696e41f8,K,-28.02496402894323,2951.6753259689926
fisheries,schaefer,Simulated annealing,Annealing (T=2.742985),1,3426,546272fd-1817-4d29-a66b-93dc696e41f8,q,-28.02496402894323,0.0004163142524530837
fisheries,schaefer,Simulated annealing,Annealing (T=2.742985),1,3426,546272fd-1817-4d29-a66b-93dc696e41f8,r,-28.02496402894323,0.3416720050277864
fisheries,schaefer,Simulated annealing,Annealing (T=2.742985),1,3426,546272fd-1817-4d29-a66b-93dc696e41f8,sigma_v,-28.02496402894323,0.13415890818950402
fisheries,schaefer,Simulated annealing,Annealing (T=2.742985),1,3626,546272fd-1817-4d29-a66b-93dc696e41f8,K,-21.636338857111557,2966.022775837662
fisheries,schaefer,Simulated annealing,Annealing (T=2.742985),1,3626,546272fd-1817-4d29-a66b-93dc696e41f8,q,-21.636338857111557,0.00040896687197206603
fisheries,schaefer,Simulated annealing,Annealing (T=2.742985),1,3626,546272fd-1817-4d29-a66b-93dc696e41f8,r,-21.636338857111557,0.3281754847924328
fisheries,schaefer,Simulated annealing,Annealing (T=2.742985),1,3626,546272fd-1817-4d29-a66b-93dc696e41f8,sigma_v,-21.636338857111557,0.16543335805721515
fisheries,schaefer,Simulated annealing,Annealing (T=2.742985),1,3826,546272fd-1817-4d29-a66b-93dc696e41f8,K,-20.049408414474733,2975.5487685072085
fisheries,schaefer,Simulated annealing,Annealing (T=2.742985),1,3826,546272fd-1817-4d29-a66b-93dc696e41f8,q,-20.049408414474733,0.00043062841178992216
fisheries,schaefer,Simulated annealing,Annealing (T=2.742985),1,3826,546272fd-1817-4d29-a66b-93dc696e41f8,r,-20.049408414474733,0.3452772705967803
fisheries,schaefer,Simulated annealing,Annealing (T=2.742985),1,3826,546272fd-1817-4d29-a66b-93dc696e41f8,sigma_v,-20.049408414474733,0.20034610728988184
fisheries,schaefer,Simulated annealing,Annealing (T=2.742985),1,4026,546272fd-1817-4d29-a66b-93dc696e41f8,K,-15.536788985313969,3068.111973309986
fisheries,schaefer,Simulated annealing,Annealing (T=2.742985),1,4026,546272fd-1817-4d29-a66b-93dc696e41f8,q,-15.536788985313969,0.0003117900820884671
fisheries,schaefer,Simulated annealing,Annealing (T=2.742985),1,4026,546272fd-1817-4d29-a66b-93dc696e41f8,r,-15.536788985313969,0.3555899561322015
fisheries,schaefer,Simulated annealing,Annealing (T=2.742985),1,4026,546272fd-1817-4d29-a66b-93dc696e41f8,sigma_v,-15.536788985313969,0.2623329071777858
fisheries,schaefer,Simulated annealing,Annealing (T=2.742985),1,4226,546272fd-1817-4d29-a66b-93dc696e41f8,K,-29.7549334082507,2940.3212270478125
fisheries,schaefer,Simulated annealing,Annealing (T=2.742985),1,4226,546272fd-1817-4d29-a66b-93dc696e41f8,q,-29.7549334082507,0.0004182410191289905
fisheries,schaefer,Simulated annealing,Annealing (T=2.742985),1,4226,546272fd-1817-4d29-a66b-93dc696e41f8,r,-29.7549334082507,0.3419602412244396
fisheries,schaefer,Simulated annealing,Annealing (T=2.742985),1,4226,546272fd-1817-4d29-a66b-93dc696e41f8,sigma_v,-29.7549334082507,0.09659316453741593
fisheries,schaefer,Simulated annealing,Annealing (T=2.742985),1,4426,546272fd-1817-4d29-a66b-93dc696e41f8,K,-5.129663286910125,3097.2718671877356
fisheries,schaefer,Simulated annealing,Annealing (T=2.742985),1,4426,546272fd-1817-4d29-a66b-93dc696e41f8,q,-5.129663286910125,0.0005023536760927138
fisheries,schaefer,Simulated annealing,Annealing (T=2.742985),1,4426,546272fd-1817-4d29-a66b-93dc696e41f8,r,-5.129663286910125,0.3025763579286706
fisheries,schaefer,Simulated annealing,Annealing (T=2.742985),1,4426,546272fd-1817-4d29-a66b-93dc696e41f8,sigma_v,-5.129663286910125,0.11382558062180109
fisheries,schaefer,Simulated annealing,Annealing (T=2.742985),1,4626,546272fd-1817-4d29-a66b-93dc696e41f8,K,-22.152557445824883,2984.3836122812863
fisheries,schaefer,Simulated annealing,Annealing (T=2.742985),1,4626,546272fd-1817-4d29-a66b-93dc696e41f8,q,-22.152557445824883,0.00047264815688828144
fisheries,schaefer,Simulated annealing,Annealing (T=2.742985),1,4626,546272fd-1817-4d29-a66b-93dc696e41f8,r,-22.152557445824883,0.3246052240076519
fisheries,schaefer,Simulated annealing,Annealing (T=2.742985),1,4626,546272fd-1817-4d29-a66b-93dc696e41f8,sigma_v,-22.152557445824883,0.1094066343687953
fisheries,schaefer,Simulated annealing,Annealing (T=2.742985),1,4826,546272fd-1817-4d29-a66b-93dc696e41f8,K,-28.982914976888125,2881.674384231297
fisheries,schaefer,Simulated annealing,Annealing (T=2.742985),1,4826,546272fd-1817-4d29-a66b-93dc696e41f8,q,-28.982914976888125,0.0004225932657297619
fisheries,schaefer,Simulated annealing,Annealing (T=2.742985),1,4826,546272fd-1817-4d29-a66b-93dc696e41f8,r,-28.982914976888125,0.3521795019501849
fisheries,schaefer,Simulated annealing,Annealing (T=2.742985),1,4826,546272fd-1817-4d29-a66b-93dc696e41f8,sigma_v,-28.982914976888125,0.08631011508310912
fisheries,schaefer,Simulated annealing,Annealing (T=2.571549),1,25,546272fd-1817-4d29-a66b-93dc696e41f8,K,-21.392792043604885,2935.370860615228
fisheries,schaefer,Simulated annealing,Annealing (T=2.571549),1,25,546272fd-1817-4d29-a66b-93dc696e41f8,q,-21.392792043604885,0.00035756348745167194
fisheries,schaefer,Simulated annealing,Annealing (T=2.571549),1,25,546272fd-1817-4d29-a66b-93dc696e41f8,r,-21.392792043604885,0.3777641392895034
fisheries,schaefer,Simulated annealing,Annealing (T=2.571549),1,25,546272fd-1817-4d29-a66b-93dc696e41f8,sigma_v,-21.392792043604885,0.14431441965866476
fisheries,schaefer,Simulated annealing,Annealing (T=2.571549),1,225,546272fd-1817-4d29-a66b-93dc696e41f8,K,-28.297355941793455,2746.2575150286575
fisheries,schaefer,Simulated annealing,Annealing (T=2.571549),1,225,546272fd-1817-4d29-a66b-93dc696e41f8,q,-28.297355941793455,0.00047768887909667917
fisheries,schaefer,Simulated annealing,Annealing (T=2.571549),1,225,546272fd-1817-4d29-a66b-93dc696e41f8,r,-28.297355941793455,0.3746038524952318
fisheries,schaefer,Simulated annealing,Annealing (T=2.571549),1,225,546272fd-1817-4d29-a66b-93dc696e41f8,sigma_v,-28.297355941793455,0.08884617124684743
fisheries,schaefer,Simulated annealing,Annealing (T=2.571549),1,425,546272fd-1817-4d29-a66b-93dc696e41f8,K,-24.68745373007729,2836.899448241369
fisheries,schaefer,Simulated annealing,Annealing (T=2.571549),1,425,546272fd-1817-4d29-a66b-93dc696e41f8,q,-24.68745373007729,0.0004741131458295055
fisheries,schaefer,Simulated annealing,Annealing (T=2.571549),1,425,546272fd-1817-4d29-a66b-93dc696e41f8,r,-24.68745373007729,0.3596095312607734
fisheries,schaefer,Simulated annealing,Annealing (T=2.571549),1,425,546272fd-1817-4d29-a66b-93dc696e41f8,sigma_v,-24.68745373007729,0.1419144781737301
fisheries,schaefer,Simulated annealing,Annealing (T=2.571549),1,625,546272fd-1817-4d29-a66b-93dc696e41f8,K,-24.989364431470353,2872.3843543876997
fisheries,schaefer,Simulated annealing,Annealing (T=2.571549),1,625,546272fd-1817-4d29-a66b-93dc696e41f8,q,-24.989364431470353,0.000462468375260202
fisheries,schaefer,Simulated annealing,Annealing (T=2.571549),1,625,546272fd-1817-4d29-a66b-93dc696e41f8,r,-24.989364431470353,0.3540614934166502
fisheries,schaefer,Simulated annealing,Annealing (T=2.571549),1,625,546272fd-1817-4d29-a66b-93dc696e41f8,sigma_v,-24.989364431470353,0.14069171482353535
fisheries,schaefer,Simulated annealing,Annealing (T=2.571549),1,825,546272fd-1817-4d29-a66b-93dc696e41f8,K,-25.972714540259858,2827.6184117372204
fisheries,schaefer,Simulated annealing,Annealing (T=2.571549),1,825,546272fd-1817-4d29-a66b-93dc696e41f8,q,-25.972714540259858,0.00046677849625240624
fisheries,schaefer,Simulated annealing,Annealing (T=2.571549),1,825,546272fd-1817-4d29-a66b-93dc696e41f8,r,-25.972714540259858,0.3572863105906436
fisheries,schaefer,Simulated annealing,Annealing (T=2.571549),1,825,546272fd-1817-4d29-a66b-93dc696e41f8,sigma_v,-25.972714540259858,0.0764288140084395
fisheries,schaefer,Simulated annealing,Annealing (T=2.571549),1,1025,546272fd-1817-4d29-a66b-93dc696e41f8,K,-12.508861191104678,2969.409993340356
fisheries,schaefer,Simulated annealing,Annealing (T=2.571549),1,1025,546272fd-1817-4d29-a66b-93dc696e41f8,q,-12.508861191104678,0.0003705705821536502
fisheries,schaefer,Simulated annealing,Annealing (T=2.571549),1,1025,546272fd-1817-4d29-a66b-93dc696e41f8,r,-12.508861191104678,0.32651086036014426
fisheries,schaefer,Simulated annealing,Annealing (T=2.571549),1,1025,546272fd-1817-4d29-a66b-93dc696e41f8,sigma_v,-12.508861191104678,0.2312952040905015
fisheries,schaefer,Simulated annealing,Annealing (T=2.571549),1,1225,546272fd-1817-4d29-a66b-93dc696e41f8,K,-23.60832588593226,3007.0918245858575
fisheries,schaefer,Simulated annealing,Annealing (T=2.571549),1,1225,546272fd-1817-4d29-a66b-93dc696e41f8,q,-23.60832588593226,0.00036640712845496765
fisheries,schaefer,Simulated annealing,Annealing (T=2.571549),1,1225,546272fd-1817-4d29-a66b-93dc696e41f8,r,-23.60832588593226,0.33512527875689113
fisheries,schaefer,Simulated annealing,Annealing (T=2.571549),1,1225,546272fd-1817-4d29-a66b-93dc696e41f8,sigma_v,-23.60832588593226,0.15161702216341277
fisheries,schaefer,Simulated annealing,Annealing (T=2.571549),1,1425,546272fd-1817-4d29-a66b-93dc696e41f8,K,-24.954487423991946,2880.9314659582205
fisheries,schaefer,Simulated annealing,Annealing (T=2.571549),1,1425,546272fd-1817-4d29-a66b-93dc696e41f8,q,-24.954487423991946,0.0004759058877217329
fisheries,schaefer,Simulated annealing,Annealing (T=2.571549),1,1425,546272fd-1817-4d29-a66b-93dc696e41f8,r,-24.954487423991946,0.3416471880946224
fisheries,schaefer,Simulated annealing,Annealing (T=2.571549),1,1425,546272fd-1817-4d29-a66b-93dc696e41f8,sigma_v,-24.954487423991946,0.14419323369449982
fisheries,schaefer,Simulated annealing,Annealing (T=2.571549),1,1625,546272fd-1817-4d29-a66b-93dc696e41f8,K,-26.15587587801732,2823.4870345445893
fisheries,schaefer,Simulated annealing,Annealing (T=2.571549),1,1625,546272fd-1817-4d29-a66b-93dc696e41f8,q,-26.15587587801732,0.0004250994683482325
fisheries,schaefer,Simulated annealing,Annealing (T=2.571549),1,1625,546272fd-1817-4d29-a66b-93dc696e41f8,r,-26.15587587801732,0.3599708390889848
fisheries,schaefer,Simulated annealing,Annealing (T=2.571549),1,1625,546272fd-1817-4d29-a66b-93dc696e41f8,sigma_v,-26.15587587801732,0.12750960300472475
fisheries,schaefer,Simulated annealing,Annealing (T=2.571549),1,1825,546272fd-1817-4d29-a66b-93dc696e41f8,K,-28.87643213798439,2859.5780797443394
fisheries,schaefer,Simulated annealing,Annealing (T=2.571549),1,1825,546272fd-1817-4d29-a66b-93dc696e41f8,q,-28.87643213798439,0.00043832901372894615
fisheries,schaefer,Simulated annealing,Annealing (T=2.571549),1,1825,546272fd-1817-4d29-a66b-93dc696e41f8,r,-28.87643213798439,0.3588560224902219
fisheries,schaefer,Simulated annealing,Annealing (T=2.571549),1,1825,546272fd-1817-4d29-a66b-93dc696e41f8,sigma_v,-28.87643213798439,0.09884516082292183
fisheries,schaefer,Simulated annealing,Annealing (T=2.571549),1,2025,546272fd-1817-4d29-a66b-93dc696e41f8,K,-23.652225493714766,2842.772700478678
fisheries,schaefer,Simulated annealing,Annealing (T=2.571549),1,2025,546272fd-1817-4d29-a66b-93dc696e41f8,q,-23.652225493714766,0.00040152221149858077
fisheries,schaefer,Simulated annealing,Annealing (T=2.571549),1,2025,546272fd-1817-4d29-a66b-93dc696e41f8,r,-23.652225493714766,0.3597848130722066
fisheries,schaefer,Simulated annealing,Annealing (T=2.571549),1,2025,546272fd-1817-4d29-a66b-93dc696e41f8,sigma_v,-23.652225493714766,0.14955105566402982
fisheries,schaefer,Simulated annealing,Annealing (T=2.571549),1,2225,546272fd-1817-4d29-a66b-93dc696e41f8,K,-18.324187934717706,2475.891861446969
fisheries,schaefer,Simulated annealing,Annealing (T=2.571549),1,2225,546272fd-1817-4d29-a66b-93dc696e41f8,q,-18.324187934717706,0.000617734799237133
fisheries,schaefer,Simulated annealing,Annealing (T=2.571549),1,2225,546272fd-1817-4d29-a66b-93dc696e41f8,r,-18.324187934717706,0.42376512785348974
fisheries,schaefer,Simulated annealing,Annealing (T=2.571549),1,2225,546272fd-1817-4d29-a66b-93dc696e41f8,sigma_v,-18.324187934717706,0.20459882041286753
fisheries,schaefer,Simulated annealing,Annealing (T=2.571549),1,2425,546272fd-1817-4d29-a66b-93dc696e41f8,K,-17.32991783180477,2536.755189695771
fisheries,schaefer,Simulated annealing,Annealing (T=2.571549),1,2425,546272fd-1817-4d29-a66b-93dc696e41f8,q,-17.32991783180477,0.0005530999271676181
fisheries,schaefer,Simulated annealing,Annealing (T=2.571549),1,2425,546272fd-1817-4d29-a66b-93dc696e41f8,r,-17.32991783180477,0.4147549971822766
fisheries,schaefer,Simulated annealing,Annealing (T=2.571549),1,2425,546272fd-1817-4d29-a66b-93dc696e41f8,sigma_v,-17.32991783180477,0.2632508319941016
fisheries,schaefer,Simulated annealing,Annealing (T=2.571549),1,2625,546272fd-1817-4d29-a66b-93dc696e41f8,K,-28.768354122745794,2707.165464028704
fisheries,schaefer,Simulated annealing,Annealing (T=2.571549),1,2625,546272fd-1817-4d29-a66b-93dc696e41f8,q,-28.768354122745794,0.0004721825870259699
fisheries,schaefer,Simulated annealing,Annealing (T=2.571549),1,2625,546272fd-1817-4d29-a66b-93dc696e41f8,r,-28.768354122745794,0.3838502445855453
fisheries,schaefer,Simulated annealing,Annealing (T=2.571549),1,2625,546272fd-1817-4d29-a66b-93dc696e41f8,sigma_v,-28.768354122745794,0.11607777202110173
fisheries,schaefer,Simulated annealing,Annealing (T=2.571549),1,2825,546272fd-1817-4d29-a66b-93dc696e41f8,K,-27.971974070581094,2626.248305222962
fisheries,schaefer,Simulated annealing,Annealing (T=2.571549),1,2825,546272fd-1817-4d29-a66b-93dc696e41f8,q,-27.971974070581094,0.0004722591934804211
fisheries,schaefer,Simulated annealing,Annealing (T=2.571549),1,2825,546272fd-1817-4d29-a66b-93dc696e41f8,r,-27.971974070581094,0.40455888282759367
fisheries,schaefer,Simulated annealing,Annealing (T=2.571549),1,2825,546272fd-1817-4d29-a66b-93dc696e41f8,sigma_v,-27.971974070581094,0.09688594633373201
fisheries,schaefer,Simulated annealing,Annealing (T=2.571549),1,3025,546272fd-1817-4d29-a66b-93dc696e41f8,K,-28.868049589377513,2745.038818270472
fisheries,schaefer,Simulated annealing,Annealing (T=2.571549),1,3025,546272fd-1817-4d29-a66b-93dc696e41f8,q,-28.868049589377513,0.00044386985924818145
fisheries,schaefer,Simulated annealing,Annealing (T=2.571549),1,3025,546272fd-1817-4d29-a66b-93dc696e41f8,r,-28.868049589377513,0.38195154834194356
fisheries,schaefer,Simulated annealing,Annealing (T=2.571549),1,3025,546272fd-1817-4d29-a66b-93dc696e41f8,sigma_v,-28.868049589377513,0.10149597135166755
fisheries,schaefer,Simulated annealing,Annealing (T=2.571549),1,3225,546272fd-1817-4d29-a66b-93dc696e41f8,K,-20.062376421717968,2933.1708340470495
fisheries,schaefer,Simulated annealing,Annealing (T=2.571549),1,3225,546272fd-1817-4d29-a66b-93dc696e41f8,q,-20.062376421717968,0.00036021615325319703
fisheries,schaefer,Simulated annealing,Annealing (T=2.571549),1,3225,546272fd-1817-4d29-a66b-93dc696e41f8,r,-20.062376421717968,0.3506281255501971
fisheries,schaefer,Simulated annealing,Annealing (T=2.571549),1,3225,546272fd-1817-4d29-a66b-93dc696e41f8,sigma_v,-20.062376421717968,0.18377462056892838
fisheries,schaefer,Simulated annealing,Annealing (T=2.571549),1,3425,546272fd-1817-4d29-a66b-93dc696e41f8,K,-28.26340686126579,2915.9301301145315
fisheries,schaefer,Simulated annealing,Annealing (T=2.571549),1,3425,546272fd-1817-4d29-a66b-93dc696e41f8,q,-28.26340686126579,0.00040079166007470416
fisheries,schaefer,Simulated annealing,Annealing (T=2.571549),1,3425,546272fd-1817-4d29-a66b-93dc696e41f8,r,-28.26340686126579,0.34979246673030007
fisheries,schaefer,Simulated annealing,Annealing (T=2.571549),1,3425,546272fd-1817-4d29-a66b-93dc696e41f8,sigma_v,-28.26340686126579,0.116750587149006
fisheries,schaefer,Simulated annealing,Annealing (T=2.571549),1,3625,546272fd-1817-4d29-a66b-93dc696e41f8,K,-10.015939383865602,2827.9798041175272
fisheries,schaefer,Simulated annealing,Annealing (T=2.571549),1,3625,546272fd-1817-4d29-a66b-93dc696e41f8,q,-10.015939383865602,0.0003286931454413622
fisheries,schaefer,Simulated annealing,Annealing (T=2.571549),1,3625,546272fd-1817-4d29-a66b-93dc696e41f8,r,-10.015939383865602,0.4537689086790376
fisheries,schaefer,Simulated annealing,Annealing (T=2.571549),1,3625,546272fd-1817-4d29-a66b-93dc696e41f8,sigma_v,-10.015939383865602,0.330576695954042
fisheries,schaefer,Simulated annealing,Annealing (T=2.571549),1,3825,546272fd-1817-4d29-a66b-93dc696e41f8,K,-20.812342690758328,2824.16370932494
fisheries,schaefer,Simulated annealing,Annealing (T=2.571549),1,3825,546272fd-1817-4d29-a66b-93dc696e41f8,q,-20.812342690758328,0.00046397669854199606
fisheries,schaefer,Simulated annealing,Annealing (T=2.571549),1,3825,546272fd-1817-4d29-a66b-93dc696e41f8,r,-20.812342690758328,0.3522636924195224
fisheries,schaefer,Simulated annealing,Annealing (T=2.571549),1,3825,546272fd-1817-4d29-a66b-93dc696e41f8,sigma_v,-20.812342690758328,0.20902092158647143
fisheries,schaefer,Simulated annealing,Annealing (T=2.571549),1,4025,546272fd-1817-4d29-a66b-93dc696e41f8,K,-28.751217788569797,2749.661943409608
fisheries,schaefer,Simulated annealing,Annealing (T=2.571549),1,4025,546272fd-1817-4d29-a66b-93dc696e41f8,q,-28.751217788569797,0.00044102980976443835
fisheries,schaefer,Simulated annealing,Annealing (T=2.571549),1,4025,546272fd-1817-4d29-a66b-93dc696e41f8,r,-28.751217788569797,0.38164776767206204
fisheries,schaefer,Simulated annealing,Annealing (T=2.571549),1,4025,546272fd-1817-4d29-a66b-93dc696e41f8,sigma_v,-28.751217788569797,0.10549270747150845
fisheries,schaefer,Simulated annealing,Annealing (T=2.571549),1,4225,546272fd-1817-4d29-a66b-93dc696e41f8,K,-27.02975765842884,2776.6737998278973
fisheries,schaefer,Simulated annealing,Annealing (T=2.571549),1,4225,546272fd-1817-4d29-a66b-93dc696e41f8,q,-27.02975765842884,0.0004623119776743801
fisheries,schaefer,Simulated annealing,Annealing (T=2.571549),1,4225,546272fd-1817-4d29-a66b-93dc696e41f8,r,-27.02975765842884,0.374892243497489
fisheries,schaefer,Simulated annealing,Annealing (T=2.571549),1,4225,546272fd-1817-4d29-a66b-93dc696e41f8,sigma_v,-27.02975765842884,0.12041930206992368
fisheries,schaefer,Simulated annealing,Annealing (T=2.571549),1,4425,546272fd-1817-4d29-a66b-93dc696e41f8,K,-22.723526198856504,2872.267584802829
fisheries,schaefer,Simulated annealing,Annealing (T=2.571549),1,4425,546272fd-1817-4d29-a66b-93dc696e41f8,q,-22.723526198856504,0.0004032501389345536
fisheries,schaefer,Simulated annealing,Annealing (T=2.571549),1,4425,546272fd-1817-4d29-a66b-93dc696e41f8,r,-22.723526198856504,0.35068643114875947
fisheries,schaefer,Simulated annealing,Annealing (T=2.571549),1,4425,546272fd-1817-4d29-a66b-93dc696e41f8,sigma_v,-22.723526198856504,0.15209024089216935
fisheries,schaefer,Simulated annealing,Annealing (T=2.571549),1,4625,546272fd-1817-4d29-a66b-93dc696e41f8,K,-26.903073708666305,2859.9532296587186
fisheries,schaefer,Simulated annealing,Annealing (T=2.571549),1,4625,546272fd-1817-4d29-a66b-93dc696e41f8,q,-26.903073708666305,0.0004453534869895759
fisheries,schaefer,Simulated annealing,Annealing (T=2.571549),1,4625,546272fd-1817-4d29-a66b-93dc696e41f8,r,-26.903073708666305,0.3484533034759411
fisheries,schaefer,Simulated annealing,Annealing (T=2.571549),1,4625,546272fd-1817-4d29-a66b-93dc696e41f8,sigma_v,-26.903073708666305,0.11274595314206848
fisheries,schaefer,Simulated annealing,Annealing (T=2.571549),1,4825,546272fd-1817-4d29-a66b-93dc696e41f8,K,-26.5158869560393,2930.5552146720693
fisheries,schaefer,Simulated annealing,Annealing (T=2.571549),1,4825,546272fd-1817-4d29-a66b-93dc696e41f8,q,-26.5158869560393,0.00044646411338149304
fisheries,schaefer,Simulated annealing,Annealing (T=2.571549),1,4825,546272fd-1817-4d29-a66b-93dc696e41f8,r,-26.5158869560393,0.34373300468199536
fisheries,schaefer,Simulated annealing,Annealing (T=2.571549),1,4825,546272fd-1817-4d29-a66b-93dc696e41f8,sigma_v,-26.5158869560393,0.11093649780662442
fisheries,schaefer,Simulated annealing,Annealing (T=2.420281),1,24,546272fd-1817-4d29-a66b-93dc696e41f8,K,-27.53428671105315,2883.7960909430362
fisheries,schaefer,Simulated annealing,Annealing (T=2.420281),1,24,546272fd-1817-4d29-a66b-93dc696e41f8,q,-27.53428671105315,0.0004169177103815468
fisheries,schaefer,Simulated annealing,Annealing (T=2.420281),1,24,546272fd-1817-4d29-a66b-93dc696e41f8,r,-27.53428671105315,0.35613849824247845
fisheries,schaefer,Simulated annealing,Annealing (T=2.420281),1,24,546272fd-1817-4d29-a66b-93dc696e41f8,sigma_v,-27.53428671105315,0.13909348262806975
fisheries,schaefer,Simulated annealing,Annealing (T=2.420281),1,224,546272fd-1817-4d29-a66b-93dc696e41f8,K,-23.45855820669687,2906.760309284227
fisheries,schaefer,Simulated annealing,Annealing (T=2.420281),1,224,546272fd-1817-4d29-a66b-93dc696e41f8,q,-23.45855820669687,0.0004606043724844856
fisheries,schaefer,Simulated annealing,Annealing (T=2.420281),1,224,546272fd-1817-4d29-a66b-93dc696e41f8,r,-23.45855820669687,0.33948136738278545
fisheries,schaefer,Simulated annealing,Annealing (T=2.420281),1,224,546272fd-1817-4d29-a66b-93dc696e41f8,sigma_v,-23.45855820669687,0.17975606138194625
fisheries,schaefer,Simulated annealing,Annealing (T=2.420281),1,424,546272fd-1817-4d29-a66b-93dc696e41f8,K,-17.683671621540807,2651.425210385653
fisheries,schaefer,Simulated annealing,Annealing (T=2.420281),1,424,546272fd-1817-4d29-a66b-93dc696e41f8,q,-17.683671621540807,0.0005281381104308129
fisheries,schaefer,Simulated annealing,Annealing (T=2.420281),1,424,546272fd-1817-4d29-a66b-93dc696e41f8,r,-17.683671621540807,0.3812129564496021
fisheries,schaefer,Simulated annealing,Annealing (T=2.420281),1,424,546272fd-1817-4d29-a66b-93dc696e41f8,sigma_v,-17.683671621540807,0.20868447992616074
fisheries,schaefer,Simulated annealing,Annealing (T=2.420281),1,624,546272fd-1817-4d29-a66b-93dc696e41f8,K,-24.80135022544696,2637.734217497773
fisheries,schaefer,Simulated annealing,Annealing (T=2.420281),1,624,546272fd-1817-4d29-a66b-93dc696e41f8,q,-24.80135022544696,0.00044070004179855483
fisheries,schaefer,Simulated annealing,Annealing (T=2.420281),1,624,546272fd-1817-4d29-a66b-93dc696e41f8,r,-24.80135022544696,0.41352597249687684
fisheries,schaefer,Simulated annealing,Annealing (T=2.420281),1,624,546272fd-1817-4d29-a66b-93dc696e41f8,sigma_v,-24.80135022544696,0.1382246667036608
fisheries,schaefer,Simulated annealing,Annealing (T=2.420281),1,824,546272fd-1817-4d29-a66b-93dc696e41f8,K,-22.566137965681026,2629.5130545450374
fisheries,schaefer,Simulated annealing,Annealing (T=2.420281),1,824,546272fd-1817-4d29-a66b-93dc696e41f8,q,-22.566137965681026,0.00048667918790280633
fisheries,schaefer,Simulated annealing,Annealing (T=2.420281),1,824,546272fd-1817-4d29-a66b-93dc696e41f8,r,-22.566137965681026,0.4029953472218371
fisheries,schaefer,Simulated annealing,Annealing (T=2.420281),1,824,546272fd-1817-4d29-a66b-93dc696e41f8,sigma_v,-22.566137965681026,0.19697093984328226
fisheries,schaefer,Simulated annealing,Annealing (T=2.420281),1,1024,546272fd-1817-4d29-a66b-93dc696e41f8,K,-26.072372843959545,2614.1104404871726
fisheries,schaefer,Simulated annealing,Annealing (T=2.420281),1,1024,546272fd-1817-4d29-a66b-93dc696e41f8,q,-26.072372843959545,0.0004572459872093462
fisheries,schaefer,Simulated annealing,Annealing (T=2.420281),1,1024,546272fd-1817-4d29-a66b-93dc696e41f8,r,-26.072372843959545,0.40898685817379105
fisheries,schaefer,Simulated annealing,Annealing (T=2.420281),1,1024,546272fd-1817-4d29-a66b-93dc696e41f8,sigma_v,-26.072372843959545,0.0977179515232993
fisheries,schaefer,Simulated annealing,Annealing (T=2.420281),1,1224,546272fd-1817-4d29-a66b-93dc696e41f8,K,-26.300326520211634,2633.0602579803995
fisheries,schaefer,Simulated annealing,Annealing (T=2.420281),1,1224,546272fd-1817-4d29-a66b-93dc696e41f8,q,-26.300326520211634,0.0004655281451196177
fisheries,schaefer,Simulated annealing,Annealing (T=2.420281),1,1224,546272fd-1817-4d29-a66b-93dc696e41f8,r,-26.300326520211634,0.4000515454684441
fisheries,schaefer,Simulated annealing,Annealing (T=2.420281),1,1224,546272fd-1817-4d29-a66b-93dc696e41f8,sigma_v,-26.300326520211634,0.09855397453941868
fisheries,schaefer,Simulated annealing,Annealing (T=2.420281),1,1424,546272fd-1817-4d29-a66b-93dc696e41f8,K,-26.824894804468425,2713.1744537401814
fisheries,schaefer,Simulated annealing,Annealing (T=2.420281),1,1424,546272fd-1817-4d29-a66b-93dc696e41f8,q,-26.824894804468425,0.0005031451099645866
fisheries,schaefer,Simulated annealing,Annealing (T=2.420281),1,1424,546272fd-1817-4d29-a66b-93dc696e41f8,r,-26.824894804468425,0.37551749121101363
fisheries,schaefer,Simulated annealing,Annealing (T=2.420281),1,1424,546272fd-1817-4d29-a66b-93dc696e41f8,sigma_v,-26.824894804468425,0.1160372199878219
fisheries,schaefer,Simulated annealing,Annealing (T=2.420281),1,1624,546272fd-1817-4d29-a66b-93dc696e41f8,K,-27.53705374400654,2729.9718669643594
fisheries,schaefer,Simulated annealing,Annealing (T=2.420281),1,1624,546272fd-1817-4d29-a66b-93dc696e41f8,q,-27.53705374400654,0.0004442020160748623
fisheries,schaefer,Simulated annealing,Annealing (T=2.420281),1,1624,546272fd-1817-4d29-a66b-93dc696e41f8,r,-27.53705374400654,0.3821830454694412
fisheries,schaefer,Simulated annealing,Annealing (T=2.420281),1,1624,546272fd-1817-4d29-a66b-93dc696e41f8,sigma_v,-27.53705374400654,0.13017279221728892
fisheries,schaefer,Simulated annealing,Annealing (T=2.420281),1,1824,546272fd-1817-4d29-a66b-93dc696e41f8,K,-13.741903621756803,2773.3523811980112
fisheries,schaefer,Simulated annealing,Annealing (T=2.420281),1,1824,546272fd-1817-4d29-a66b-93dc696e41f8,q,-13.741903621756803,0.00042778503140651755
fisheries,schaefer,Simulated annealing,Annealing (T=2.420281),1,1824,546272fd-1817-4d29-a66b-93dc696e41f8,r,-13.741903621756803,0.37287088893706427
fisheries,schaefer,Simulated annealing,Annealing (T=2.420281),1,1824,546272fd-1817-4d29-a66b-93dc696e41f8,sigma_v,-13.741903621756803,0.32625008520474374
fisheries,schaefer,Simulated annealing,Annealing (T=2.420281),1,2024,546272fd-1817-4d29-a66b-93dc696e41f8,K,-19.544916553630145,2773.9375584532445
fisheries,schaefer,Simulated annealing,Annealing (T=2.420281),1,2024,546272fd-1817-4d29-a66b-93dc696e41f8,q,-19.544916553630145,0.0004161609284614395
fisheries,schaefer,Simulated annealing,Annealing (T=2.420281),1,2024,546272fd-1817-4d29-a66b-93dc696e41f8,r,-19.544916553630145,0.3873431072344915
fisheries,schaefer,Simulated annealing,Annealing (T=2.420281),1,2024,546272fd-1817-4d29-a66b-93dc696e41f8,sigma_v,-19.544916553630145,0.22978562865848512
fisheries,schaefer,Simulated annealing,Annealing (T=2.420281),1,2224,546272fd-1817-4d29-a66b-93dc696e41f8,K,-23.95297812302706,2540.231455182464
fisheries,schaefer,Simulated annealing,Annealing (T=2.420281),1,2224,546272fd-1817-4d29-a66b-93dc696e41f8,q,-23.95297812302706,0.0005112611302131528
fisheries,schaefer,Simulated annealing,Annealing (T=2.420281),1,2224,546272fd-1817-4d29-a66b-93dc696e41f8,r,-23.95297812302706,0.4150009462799514
fisheries,schaefer,Simulated annealing,Annealing (T=2.420281),1,2224,546272fd-1817-4d29-a66b-93dc696e41f8,sigma_v,-23.95297812302706,0.1262857274224846
fisheries,schaefer,Simulated annealing,Annealing (T=2.420281),1,2424,546272fd-1817-4d29-a66b-93dc696e41f8,K,-24.669655561815667,2627.617405998702
fisheries,schaefer,Simulated annealing,Annealing (T=2.420281),1,2424,546272fd-1817-4d29-a66b-93dc696e41f8,q,-24.669655561815667,0.0004439375725663533
fisheries,schaefer,Simulated annealing,Annealing (T=2.420281),1,2424,546272fd-1817-4d29-a66b-93dc696e41f8,r,-24.669655561815667,0.4108298017836054
fisheries,schaefer,Simulated annealing,Annealing (T=2.420281),1,2424,546272fd-1817-4d29-a66b-93dc696e41f8,sigma_v,-24.669655561815667,0.1536212556906747
fisheries,schaefer,Simulated annealing,Annealing (T=2.420281),1,2624,546272fd-1817-4d29-a66b-93dc696e41f8,K,-24.033427403783293,2550.6367874556877
fisheries,schaefer,Simulated annealing,Annealing (T=2.420281),1,2624,546272fd-1817-4d29-a66b-93dc696e41f8,q,-24.033427403783293,0.0004505861702150782
fisheries,schaefer,Simulated annealing,Annealing (T=2.420281),1,2624,546272fd-1817-4d29-a66b-93dc696e41f8,r,-24.033427403783293,0.4288756443862132
fisheries,schaefer,Simulated annealing,Annealing (T=2.420281),1,2624,546272fd-1817-4d29-a66b-93dc696e41f8,sigma_v,-24.033427403783293,0.12565416683444208
fisheries,schaefer,Simulated annealing,Annealing (T=2.420281),1,2824,546272fd-1817-4d29-a66b-93dc696e41f8,K,-9.363570055447964,2612.9920579551704
fisheries,schaefer,Simulated annealing,Annealing (T=2.420281),1,2824,546272fd-1817-4d29-a66b-93dc696e41f8,q,-9.363570055447964,0.0003422195389101639
fisheries,schaefer,Simulated annealing,Annealing (T=2.420281),1,2824,546272fd-1817-4d29-a66b-93dc696e41f8,r,-9.363570055447964,0.4299490455790446
fisheries,schaefer,Simulated annealing,Annealing (T=2.420281),1,2824,546272fd-1817-4d29-a66b-93dc696e41f8,sigma_v,-9.363570055447964,0.2883410403640954
fisheries,schaefer,Simulated annealing,Annealing (T=2.420281),1,3024,546272fd-1817-4d29-a66b-93dc696e41f8,K,-25.23525953185532,2724.007565115272
fisheries,schaefer,Simulated annealing,Annealing (T=2.420281),1,3024,546272fd-1817-4d29-a66b-93dc696e41f8,q,-25.23525953185532,0.0004143095585808782
fisheries,schaefer,Simulated annealing,Annealing (T=2.420281),1,3024,546272fd-1817-4d29-a66b-93dc696e41f8,r,-25.23525953185532,0.39720091056343415
fisheries,schaefer,Simulated annealing,Annealing (T=2.420281),1,3024,546272fd-1817-4d29-a66b-93dc696e41f8,sigma_v,-25.23525953185532,0.11945248363523464
fisheries,schaefer,Simulated annealing,Annealing (T=2.420281),1,3224,546272fd-1817-4d29-a66b-93dc696e41f8,K,-27.538016302494366,2907.6704656336715
fisheries,schaefer,Simulated annealing,Annealing (T=2.420281),1,3224,546272fd-1817-4d29-a66b-93dc696e41f8,q,-27.538016302494366,0.0004433523228496739
fisheries,schaefer,Simulated annealing,Annealing (T=2.420281),1,3224,546272fd-1817-4d29-a66b-93dc696e41f8,r,-27.538016302494366,0.3442758926588114
fisheries,schaefer,Simulated annealing,Annealing (T=2.420281),1,3224,546272fd-1817-4d29-a66b-93dc696e41f8,sigma_v,-27.538016302494366,0.13517966229307526
fisheries,schaefer,Simulated annealing,Annealing (T=2.420281),1,3424,546272fd-1817-4d29-a66b-93dc696e41f8,K,-28.14985774402727,2891.083734601177
fisheries,schaefer,Simulated annealing,Annealing (T=2.420281),1,3424,546272fd-1817-4d29-a66b-93dc696e41f8,q,-28.14985774402727,0.00042727717559746424
fisheries,schaefer,Simulated annealing,Annealing (T=2.420281),1,3424,546272fd-1817-4d29-a66b-93dc696e41f8,r,-28.14985774402727,0.3497247325354738
fisheries,schaefer,Simulated annealing,Annealing (T=2.420281),1,3424,546272fd-1817-4d29-a66b-93dc696e41f8,sigma_v,-28.14985774402727,0.1320051576387083
fisheries,schaefer,Simulated annealing,Annealing (T=2.420281),1,3624,546272fd-1817-4d29-a66b-93dc696e41f8,K,-24.811211044170342,2976.0746617498025
fisheries,schaefer,Simulated annealing,Annealing (T=2.420281),1,3624,546272fd-1817-4d29-a66b-93dc696e41f8,q,-24.811211044170342,0.00040549521038619265
fisheries,schaefer,Simulated annealing,Annealing (T=2.420281),1,3624,546272fd-1817-4d29-a66b-93dc696e41f8,r,-24.811211044170342,0.3368675924567503
fisheries,schaefer,Simulated annealing,Annealing (T=2.420281),1,3624,546272fd-1817-4d29-a66b-93dc696e41f8,sigma_v,-24.811211044170342,0.06538627950791734
fisheries,schaefer,Simulated annealing,Annealing (T=2.420281),1,3824,546272fd-1817-4d29-a66b-93dc696e41f8,K,-17.10876509383851,2748.329961171534
fisheries,schaefer,Simulated annealing,Annealing (T=2.420281),1,3824,546272fd-1817-4d29-a66b-93dc696e41f8,q,-17.10876509383851,0.00036966636870620965
fisheries,schaefer,Simulated annealing,Annealing (T=2.420281),1,3824,546272fd-1817-4d29-a66b-93dc696e41f8,r,-17.10876509383851,0.41547949285891245
fisheries,schaefer,Simulated annealing,Annealing (T=2.420281),1,3824,546272fd-1817-4d29-a66b-93dc696e41f8,sigma_v,-17.10876509383851,0.23033986412514892
fisheries,schaefer,Simulated annealing,Annealing (T=2.420281),1,4024,546272fd-1817-4d29-a66b-93dc696e41f8,K,-25.730584157197235,2705.9319502736794
fisheries,schaefer,Simulated annealing,Annealing (T=2.420281),1,4024,546272fd-1817-4d29-a66b-93dc696e41f8,q,-25.730584157197235,0.0004464206502198439
fisheries,schaefer,Simulated annealing,Annealing (T=2.420281),1,4024,546272fd-1817-4d29-a66b-93dc696e41f8,r,-25.730584157197235,0.3939975688688742
fisheries,schaefer,Simulated annealing,Annealing (T=2.420281),1,4024,546272fd-1817-4d29-a66b-93dc696e41f8,sigma_v,-25.730584157197235,0.08514118183228003
fisheries,schaefer,Simulated annealing,Annealing (T=2.420281),1,4224,546272fd-1817-4d29-a66b-93dc696e41f8,K,-15.478023850176424,2636.5914392274003
fisheries,schaefer,Simulated annealing,Annealing (T=2.420281),1,4224,546272fd-1817-4d29-a66b-93dc696e41f8,q,-15.478023850176424,0.0004954817008267126
fisheries,schaefer,Simulated annealing,Annealing (T=2.420281),1,4224,546272fd-1817-4d29-a66b-93dc696e41f8,r,-15.478023850176424,0.38612934343195043
fisheries,schaefer,Simulated annealing,Annealing (T=2.420281),1,4224,546272fd-1817-4d29-a66b-93dc696e41f8,sigma_v,-15.478023850176424,0.1434093727671279
fisheries,schaefer,Simulated annealing,Annealing (T=2.420281),1,4424,546272fd-1817-4d29-a66b-93dc696e41f8,K,-18.062775408505875,2731.8380540730022
fisheries,schaefer,Simulated annealing,Annealing (T=2.420281),1,4424,546272fd-1817-4d29-a66b-93dc696e41f8,q,-18.062775408505875,0.00040100910633826054
fisheries,schaefer,Simulated annealing,Annealing (T=2.420281),1,4424,546272fd-1817-4d29-a66b-93dc696e41f8,r,-18.062775408505875,0.40667070366798935
fisheries,schaefer,Simulated annealing,Annealing (T=2.420281),1,4424,546272fd-1817-4d29-a66b-93dc696e41f8,sigma_v,-18.062775408505875,0.23543329157535597
fisheries,schaefer,Simulated annealing,Annealing (T=2.420281),1,4624,546272fd-1817-4d29-a66b-93dc696e41f8,K,-16.699487988921412,2639.2702033802207
fisheries,schaefer,Simulated annealing,Annealing (T=2.420281),1,4624,546272fd-1817-4d29-a66b-93dc696e41f8,q,-16.699487988921412,0.0005908211783145381
fisheries,schaefer,Simulated annealing,Annealing (T=2.420281),1,4624,546272fd-1817-4d29-a66b-93dc696e41f8,r,-16.699487988921412,0.38311006200760667
fisheries,schaefer,Simulated annealing,Annealing (T=2.420281),1,4624,546272fd-1817-4d29-a66b-93dc696e41f8,sigma_v,-16.699487988921412,0.1271654793597734
fisheries,schaefer,Simulated annealing,Annealing (T=2.420281),1,4824,546272fd-1817-4d29-a66b-93dc696e41f8,K,-14.5380508397549,2891.371947280784
fisheries,schaefer,Simulated annealing,Annealing (T=2.420281),1,4824,546272fd-1817-4d29-a66b-93dc696e41f8,q,-14.5380508397549,0.0004375061587180677
fisheries,schaefer,Simulated annealing,Annealing (T=2.420281),1,4824,546272fd-1817-4d29-a66b-93dc696e41f8,r,-14.5380508397549,0.37355235009865656
fisheries,schaefer,Simulated annealing,Annealing (T=2.420281),1,4824,546272fd-1817-4d29-a66b-93dc696e41f8,sigma_v,-14.5380508397549,0.24256065790661477
fisheries,schaefer,Simulated annealing,Annealing (T=2.285821),1,23,546272fd-1817-4d29-a66b-93dc696e41f8,K,-28.03706914893948,2920.0196793483083
fisheries,schaefer,Simulated annealing,Annealing (T=2.285821),1,23,546272fd-1817-4d29-a66b-93dc696e41f8,q,-28.03706914893948,0.0004092295539151385
fisheries,schaefer,Simulated annealing,Annealing (T=2.285821),1,23,546272fd-1817-4d29-a66b-93dc696e41f8,r,-28.03706914893948,0.3463362044923781
fisheries,schaefer,Simulated annealing,Annealing (T=2.285821),1,23,546272fd-1817-4d29-a66b-93dc696e41f8,sigma_v,-28.03706914893948,0.127720154497569
fisheries,schaefer,Simulated annealing,Annealing (T=2.285821),1,223,546272fd-1817-4d29-a66b-93dc696e41f8,K,-24.390117384083325,2865.1922810664464
fisheries,schaefer,Simulated annealing,Annealing (T=2.285821),1,223,546272fd-1817-4d29-a66b-93dc696e41f8,q,-24.390117384083325,0.000410614869612135
fisheries,schaefer,Simulated annealing,Annealing (T=2.285821),1,223,546272fd-1817-4d29-a66b-93dc696e41f8,r,-24.390117384083325,0.3720781104053002
fisheries,schaefer,Simulated annealing,Annealing (T=2.285821),1,223,546272fd-1817-4d29-a66b-93dc696e41f8,sigma_v,-24.390117384083325,0.13982696946015413
fisheries,schaefer,Simulated annealing,Annealing (T=2.285821),1,423,546272fd-1817-4d29-a66b-93dc696e41f8,K,-20.275643769203654,2840.8125180452103
fisheries,schaefer,Simulated annealing,Annealing (T=2.285821),1,423,546272fd-1817-4d29-a66b-93dc696e41f8,q,-20.275643769203654,0.00045517816798277985
fisheries,schaefer,Simulated annealing,Annealing (T=2.285821),1,423,546272fd-1817-4d29-a66b-93dc696e41f8,r,-20.275643769203654,0.3701943729833634
fisheries,schaefer,Simulated annealing,Annealing (T=2.285821),1,423,546272fd-1817-4d29-a66b-93dc696e41f8,sigma_v,-20.275643769203654,0.1790866747464965
fisheries,schaefer,Simulated annealing,Annealing (T=2.285821),1,623,546272fd-1817-4d29-a66b-93dc696e41f8,K,-17.991405193462462,2909.5367049470256
fisheries,schaefer,Simulated annealing,Annealing (T=2.285821),1,623,546272fd-1817-4d29-a66b-93dc696e41f8,q,-17.991405193462462,0.0003653715629246121
fisheries,schaefer,Simulated annealing,Annealing (T=2.285821),1,623,546272fd-1817-4d29-a66b-93dc696e41f8,r,-17.991405193462462,0.39199167123886036
fisheries,schaefer,Simulated annealing,Annealing (T=2.285821),1,623,546272fd-1817-4d29-a66b-93dc696e41f8,sigma_v,-17.991405193462462,0.1572567409619511
fisheries,schaefer,Simulated annealing,Annealing (T=2.285821),1,823,546272fd-1817-4d29-a66b-93dc696e41f8,K,-23.105981070487058,2947.562621848282
fisheries,schaefer,Simulated annealing,Annealing (T=2.285821),1,823,546272fd-1817-4d29-a66b-93dc696e41f8,q,-23.105981070487058,0.0003548067720689344
fisheries,schaefer,Simulated annealing,Annealing (T=2.285821),1,823,546272fd-1817-4d29-a66b-93dc696e41f8,r,-23.105981070487058,0.3607499099118499
fisheries,schaefer,Simulated annealing,Annealing (T=2.285821),1,823,546272fd-1817-4d29-a66b-93dc696e41f8,sigma_v,-23.105981070487058,0.15134180672833386
fisheries,schaefer,Simulated annealing,Annealing (T=2.285821),1,1023,546272fd-1817-4d29-a66b-93dc696e41f8,K,-27.487686990475133,2975.0537121845596
fisheries,schaefer,Simulated annealing,Annealing (T=2.285821),1,1023,546272fd-1817-4d29-a66b-93dc696e41f8,q,-27.487686990475133,0.00039709559597926966
fisheries,schaefer,Simulated annealing,Annealing (T=2.285821),1,1023,546272fd-1817-4d29-a66b-93dc696e41f8,r,-27.487686990475133,0.3439662398964929
fisheries,schaefer,Simulated annealing,Annealing (T=2.285821),1,1023,546272fd-1817-4d29-a66b-93dc696e41f8,sigma_v,-27.487686990475133,0.13607859837409028
fisheries,schaefer,Simulated annealing,Annealing (T=2.285821),1,1223,546272fd-1817-4d29-a66b-93dc696e41f8,K,-16.795893575418027,2990.1348165364407
fisheries,schaefer,Simulated annealing,Annealing (T=2.285821),1,1223,546272fd-1817-4d29-a66b-93dc696e41f8,q,-16.795893575418027,0.00032539758485375164
fisheries,schaefer,Simulated annealing,Annealing (T=2.285821),1,1223,546272fd-1817-4d29-a66b-93dc696e41f8,r,-16.795893575418027,0.3863638284278261
fisheries,schaefer,Simulated annealing,Annealing (T=2.285821),1,1223,546272fd-1817-4d29-a66b-93dc696e41f8,sigma_v,-16.795893575418027,0.22456387245011428
fisheries,schaefer,Simulated annealing,Annealing (T=2.285821),1,1423,546272fd-1817-4d29-a66b-93dc696e41f8,K,-25.802502742070534,3019.1786357415563
fisheries,schaefer,Simulated annealing,Annealing (T=2.285821),1,1423,546272fd-1817-4d29-a66b-93dc696e41f8,q,-25.802502742070534,0.00038435985673452287
fisheries,schaefer,Simulated annealing,Annealing (T=2.285821),1,1423,546272fd-1817-4d29-a66b-93dc696e41f8,r,-25.802502742070534,0.3292782423913123
fisheries,schaefer,Simulated annealing,Annealing (T=2.285821),1,1423,546272fd-1817-4d29-a66b-93dc696e41f8,sigma_v,-25.802502742070534,0.1449435612407383
fisheries,schaefer,Simulated annealing,Annealing (T=2.285821),1,1623,546272fd-1817-4d29-a66b-93dc696e41f8,K,-22.708082465349182,3037.0278829285844
fisheries,schaefer,Simulated annealing,Annealing (T=2.285821),1,1623,546272fd-1817-4d29-a66b-93dc696e41f8,q,-22.708082465349182,0.00041795645878913893
fisheries,schaefer,Simulated annealing,Annealing (T=2.285821),1,1623,546272fd-1817-4d29-a66b-93dc696e41f8,r,-22.708082465349182,0.33071072665128937
fisheries,schaefer,Simulated annealing,Annealing (T=2.285821),1,1623,546272fd-1817-4d29-a66b-93dc696e41f8,sigma_v,-22.708082465349182,0.18324911289591825
fisheries,schaefer,Simulated annealing,Annealing (T=2.285821),1,1823,546272fd-1817-4d29-a66b-93dc696e41f8,K,-17.376059593984223,2928.721920104788
fisheries,schaefer,Simulated annealing,Annealing (T=2.285821),1,1823,546272fd-1817-4d29-a66b-93dc696e41f8,q,-17.376059593984223,0.00047271151220697064
fisheries,schaefer,Simulated annealing,Annealing (T=2.285821),1,1823,546272fd-1817-4d29-a66b-93dc696e41f8,r,-17.376059593984223,0.3345492263799125
fisheries,schaefer,Simulated annealing,Annealing (T=2.285821),1,1823,546272fd-1817-4d29-a66b-93dc696e41f8,sigma_v,-17.376059593984223,0.26044635570487645
fisheries,schaefer,Simulated annealing,Annealing (T=2.285821),1,2023,546272fd-1817-4d29-a66b-93dc696e41f8,K,-26.27082353232114,2845.3146801844387
fisheries,schaefer,Simulated annealing,Annealing (T=2.285821),1,2023,546272fd-1817-4d29-a66b-93dc696e41f8,q,-26.27082353232114,0.0004318427993542278
fisheries,schaefer,Simulated annealing,Annealing (T=2.285821),1,2023,546272fd-1817-4d29-a66b-93dc696e41f8,r,-26.27082353232114,0.36045846423808425
fisheries,schaefer,Simulated annealing,Annealing (T=2.285821),1,2023,546272fd-1817-4d29-a66b-93dc696e41f8,sigma_v,-26.27082353232114,0.15637754055353373
fisheries,schaefer,Simulated annealing,Annealing (T=2.285821),1,2223,546272fd-1817-4d29-a66b-93dc696e41f8,K,-26.7258273869294,2922.157791975674
fisheries,schaefer,Simulated annealing,Annealing (T=2.285821),1,2223,546272fd-1817-4d29-a66b-93dc696e41f8,q,-26.7258273869294,0.00043006723296046896
fisheries,schaefer,Simulated annealing,Annealing (T=2.285821),1,2223,546272fd-1817-4d29-a66b-93dc696e41f8,r,-26.7258273869294,0.3424789498652492
fisheries,schaefer,Simulated annealing,Annealing (T=2.285821),1,2223,546272fd-1817-4d29-a66b-93dc696e41f8,sigma_v,-26.7258273869294,0.14948243916152648
fisheries,schaefer,Simulated annealing,Annealing (T=2.285821),1,2423,546272fd-1817-4d29-a66b-93dc696e41f8,K,-17.64499334121828,2904.199850984876
fisheries,schaefer,Simulated annealing,Annealing (T=2.285821),1,2423,546272fd-1817-4d29-a66b-93dc696e41f8,q,-17.64499334121828,0.0004426623298426292
fisheries,schaefer,Simulated annealing,Annealing (T=2.285821),1,2423,546272fd-1817-4d29-a66b-93dc696e41f8,r,-17.64499334121828,0.3436612441677477
fisheries,schaefer,Simulated annealing,Annealing (T=2.285821),1,2423,546272fd-1817-4d29-a66b-93dc696e41f8,sigma_v,-17.64499334121828,0.26703092728312805
fisheries,schaefer,Simulated annealing,Annealing (T=2.285821),1,2623,546272fd-1817-4d29-a66b-93dc696e41f8,K,-12.877348217726755,2962.319126699695
fisheries,schaefer,Simulated annealing,Annealing (T=2.285821),1,2623,546272fd-1817-4d29-a66b-93dc696e41f8,q,-12.877348217726755,0.00043096354568068415
fisheries,schaefer,Simulated annealing,Annealing (T=2.285821),1,2623,546272fd-1817-4d29-a66b-93dc696e41f8,r,-12.877348217726755,0.3477470572996589
fisheries,schaefer,Simulated annealing,Annealing (T=2.285821),1,2623,546272fd-1817-4d29-a66b-93dc696e41f8,sigma_v,-12.877348217726755,0.3298334832922875
fisheries,schaefer,Simulated annealing,Annealing (T=2.285821),1,2823,546272fd-1817-4d29-a66b-93dc696e41f8,K,-19.96656351866816,2797.872068543793
fisheries,schaefer,Simulated annealing,Annealing (T=2.285821),1,2823,546272fd-1817-4d29-a66b-93dc696e41f8,q,-19.96656351866816,0.0004972797076396058
fisheries,schaefer,Simulated annealing,Annealing (T=2.285821),1,2823,546272fd-1817-4d29-a66b-93dc696e41f8,r,-19.96656351866816,0.355256150018057
fisheries,schaefer,Simulated annealing,Annealing (T=2.285821),1,2823,546272fd-1817-4d29-a66b-93dc696e41f8,sigma_v,-19.96656351866816,0.21785521604590957
fisheries,schaefer,Simulated annealing,Annealing (T=2.285821),1,3023,546272fd-1817-4d29-a66b-93dc696e41f8,K,-25.49810392442573,2665.24086091852
fisheries,schaefer,Simulated annealing,Annealing (T=2.285821),1,3023,546272fd-1817-4d29-a66b-93dc696e41f8,q,-25.49810392442573,0.0005086463229247546
fisheries,schaefer,Simulated annealing,Annealing (T=2.285821),1,3023,546272fd-1817-4d29-a66b-93dc696e41f8,r,-25.49810392442573,0.38822625910758185
fisheries,schaefer,Simulated annealing,Annealing (T=2.285821),1,3023,546272fd-1817-4d29-a66b-93dc696e41f8,sigma_v,-25.49810392442573,0.15508360624734946
fisheries,schaefer,Simulated annealing,Annealing (T=2.285821),1,3223,546272fd-1817-4d29-a66b-93dc696e41f8,K,-22.683835684959277,2702.5505709953095
fisheries,schaefer,Simulated annealing,Annealing (T=2.285821),1,3223,546272fd-1817-4d29-a66b-93dc696e41f8,q,-22.683835684959277,0.0005292014634613803
fisheries,schaefer,Simulated annealing,Annealing (T=2.285821),1,3223,546272fd-1817-4d29-a66b-93dc696e41f8,r,-22.683835684959277,0.37285581294869163
fisheries,schaefer,Simulated annealing,Annealing (T=2.285821),1,3223,546272fd-1817-4d29-a66b-93dc696e41f8,sigma_v,-22.683835684959277,0.1536223754063888
fisheries,schaefer,Simulated annealing,Annealing (T=2.285821),1,3423,546272fd-1817-4d29-a66b-93dc696e41f8,K,-20.61366146663701,2693.6350021667777
fisheries,schaefer,Simulated annealing,Annealing (T=2.285821),1,3423,546272fd-1817-4d29-a66b-93dc696e41f8,q,-20.61366146663701,0.0005573408723073502
fisheries,schaefer,Simulated annealing,Annealing (T=2.285821),1,3423,546272fd-1817-4d29-a66b-93dc696e41f8,r,-20.61366146663701,0.37680219083955174
fisheries,schaefer,Simulated annealing,Annealing (T=2.285821),1,3423,546272fd-1817-4d29-a66b-93dc696e41f8,sigma_v,-20.61366146663701,0.1846376829683102
fisheries,schaefer,Simulated annealing,Annealing (T=2.285821),1,3623,546272fd-1817-4d29-a66b-93dc696e41f8,K,-26.765641174857354,2777.968961322859
fisheries,schaefer,Simulated annealing,Annealing (T=2.285821),1,3623,546272fd-1817-4d29-a66b-93dc696e41f8,q,-26.765641174857354,0.00046450988564592676
fisheries,schaefer,Simulated annealing,Annealing (T=2.285821),1,3623,546272fd-1817-4d29-a66b-93dc696e41f8,r,-26.765641174857354,0.3725336349382397
fisheries,schaefer,Simulated annealing,Annealing (T=2.285821),1,3623,546272fd-1817-4d29-a66b-93dc696e41f8,sigma_v,-26.765641174857354,0.1390602346532806
fisheries,schaefer,Simulated annealing,Annealing (T=2.285821),1,3823,546272fd-1817-4d29-a66b-93dc696e41f8,K,-25.450525281305907,2747.4409258705455
fisheries,schaefer,Simulated annealing,Annealing (T=2.285821),1,3823,546272fd-1817-4d29-a66b-93dc696e41f8,q,-25.450525281305907,0.0004696444056638161
fisheries,schaefer,Simulated annealing,Annealing (T=2.285821),1,3823,546272fd-1817-4d29-a66b-93dc696e41f8,r,-25.450525281305907,0.38251150502902687
fisheries,schaefer,Simulated annealing,Annealing (T=2.285821),1,3823,546272fd-1817-4d29-a66b-93dc696e41f8,sigma_v,-25.450525281305907,0.11884249986538789
fisheries,schaefer,Simulated annealing,Annealing (T=2.285821),1,4023,546272fd-1817-4d29-a66b-93dc696e41f8,K,-22.354543677518166,2909.6558830995873
fisheries,schaefer,Simulated annealing,Annealing (T=2.285821),1,4023,546272fd-1817-4d29-a66b-93dc696e41f8,q,-22.354543677518166,0.0003630894966764891
fisheries,schaefer,Simulated annealing,Annealing (T=2.285821),1,4023,546272fd-1817-4d29-a66b-93dc696e41f8,r,-22.354543677518166,0.3758776112156993
fisheries,schaefer,Simulated annealing,Annealing (T=2.285821),1,4023,546272fd-1817-4d29-a66b-93dc696e41f8,sigma_v,-22.354543677518166,0.15840986670180443
fisheries,schaefer,Simulated annealing,Annealing (T=2.285821),1,4223,546272fd-1817-4d29-a66b-93dc696e41f8,K,-27.848565946281234,2847.062103847244
fisheries,schaefer,Simulated annealing,Annealing (T=2.285821),1,4223,546272fd-1817-4d29-a66b-93dc696e41f8,q,-27.848565946281234,0.0004590898021212437
fisheries,schaefer,Simulated annealing,Annealing (T=2.285821),1,4223,546272fd-1817-4d29-a66b-93dc696e41f8,r,-27.848565946281234,0.356629355121916
fisheries,schaefer,Simulated annealing,Annealing (T=2.285821),1,4223,546272fd-1817-4d29-a66b-93dc696e41f8,sigma_v,-27.848565946281234,0.12116678467188563
fisheries,schaefer,Simulated annealing,Annealing (T=2.285821),1,4423,546272fd-1817-4d29-a66b-93dc696e41f8,K,-21.52691559033327,2823.9621603962905
fisheries,schaefer,Simulated annealing,Annealing (T=2.285821),1,4423,546272fd-1817-4d29-a66b-93dc696e41f8,q,-21.52691559033327,0.00047104372068548306
fisheries,schaefer,Simulated annealing,Annealing (T=2.285821),1,4423,546272fd-1817-4d29-a66b-93dc696e41f8,r,-21.52691559033327,0.36826961369952116
fisheries,schaefer,Simulated annealing,Annealing (T=2.285821),1,4423,546272fd-1817-4d29-a66b-93dc696e41f8,sigma_v,-21.52691559033327,0.1294519387527257
fisheries,schaefer,Simulated annealing,Annealing (T=2.285821),1,4623,546272fd-1817-4d29-a66b-93dc696e41f8,K,-24.420216470311445,2883.0943129198577
fisheries,schaefer,Simulated annealing,Annealing (T=2.285821),1,4623,546272fd-1817-4d29-a66b-93dc696e41f8,q,-24.420216470311445,0.0003726832705287032
fisheries,schaefer,Simulated annealing,Annealing (T=2.285821),1,4623,546272fd-1817-4d29-a66b-93dc696e41f8,r,-24.420216470311445,0.3684525577324251
fisheries,schaefer,Simulated annealing,Annealing (T=2.285821),1,4623,546272fd-1817-4d29-a66b-93dc696e41f8,sigma_v,-24.420216470311445,0.13465386280820613
fisheries,schaefer,Simulated annealing,Annealing (T=2.285821),1,4823,546272fd-1817-4d29-a66b-93dc696e41f8,K,-27.80280392593273,2855.4246511415827
fisheries,schaefer,Simulated annealing,Annealing (T=2.285821),1,4823,546272fd-1817-4d29-a66b-93dc696e41f8,q,-27.80280392593273,0.0004079901942841811
fisheries,schaefer,Simulated annealing,Annealing (T=2.285821),1,4823,546272fd-1817-4d29-a66b-93dc696e41f8,r,-27.80280392593273,0.36058633082037883
fisheries,schaefer,Simulated annealing,Annealing (T=2.285821),1,4823,546272fd-1817-4d29-a66b-93dc696e41f8,sigma_v,-27.80280392593273,0.10102339801348115
fisheries,schaefer,Simulated annealing,Annealing (T=2.165515),1,22,546272fd-1817-4d29-a66b-93dc696e41f8,K,-24.824701680000903,2972.6614598171636
fisheries,schaefer,Simulated annealing,Annealing (T=2.165515),1,22,546272fd-1817-4d29-a66b-93dc696e41f8,q,-24.824701680000903,0.0003807227697742448
fisheries,schaefer,Simulated annealing,Annealing (T=2.165515),1,22,546272fd-1817-4d29-a66b-93dc696e41f8,r,-24.824701680000903,0.35209209560057625
fisheries,schaefer,Simulated annealing,Annealing (T=2.165515),1,22,546272fd-1817-4d29-a66b-93dc696e41f8,sigma_v,-24.824701680000903,0.1597877927906805
fisheries,schaefer,Simulated annealing,Annealing (T=2.165515),1,222,546272fd-1817-4d29-a66b-93dc696e41f8,K,-23.647292680543536,3010.25761954528
fisheries,schaefer,Simulated annealing,Annealing (T=2.165515),1,222,546272fd-1817-4d29-a66b-93dc696e41f8,q,-23.647292680543536,0.00038118234826930986
fisheries,schaefer,Simulated annealing,Annealing (T=2.165515),1,222,546272fd-1817-4d29-a66b-93dc696e41f8,r,-23.647292680543536,0.34904642458661767
fisheries,schaefer,Simulated annealing,Annealing (T=2.165515),1,222,546272fd-1817-4d29-a66b-93dc696e41f8,sigma_v,-23.647292680543536,0.16536113577555628
fisheries,schaefer,Simulated annealing,Annealing (T=2.165515),1,422,546272fd-1817-4d29-a66b-93dc696e41f8,K,-19.08718188044051,2814.099418072185
fisheries,schaefer,Simulated annealing,Annealing (T=2.165515),1,422,546272fd-1817-4d29-a66b-93dc696e41f8,q,-19.08718188044051,0.000409617911131984
fisheries,schaefer,Simulated annealing,Annealing (T=2.165515),1,422,546272fd-1817-4d29-a66b-93dc696e41f8,r,-19.08718188044051,0.35980302943925047
fisheries,schaefer,Simulated annealing,Annealing (T=2.165515),1,422,546272fd-1817-4d29-a66b-93dc696e41f8,sigma_v,-19.08718188044051,0.20068864380921464
fisheries,schaefer,Simulated annealing,Annealing (T=2.165515),1,622,546272fd-1817-4d29-a66b-93dc696e41f8,K,-25.11602057701989,2986.471466028817
fisheries,schaefer,Simulated annealing,Annealing (T=2.165515),1,622,546272fd-1817-4d29-a66b-93dc696e41f8,q,-25.11602057701989,0.0003640110901206652
fisheries,schaefer,Simulated annealing,Annealing (T=2.165515),1,622,546272fd-1817-4d29-a66b-93dc696e41f8,r,-25.11602057701989,0.3499296734033648
fisheries,schaefer,Simulated annealing,Annealing (T=2.165515),1,622,546272fd-1817-4d29-a66b-93dc696e41f8,sigma_v,-25.11602057701989,0.14593055268761548
fisheries,schaefer,Simulated annealing,Annealing (T=2.165515),1,822,546272fd-1817-4d29-a66b-93dc696e41f8,K,-28.11531955530506,3124.7178333144498
fisheries,schaefer,Simulated annealing,Annealing (T=2.165515),1,822,546272fd-1817-4d29-a66b-93dc696e41f8,q,-28.11531955530506,0.00038078852979338284
fisheries,schaefer,Simulated annealing,Annealing (T=2.165515),1,822,546272fd-1817-4d29-a66b-93dc696e41f8,r,-28.11531955530506,0.31323659022979844
fisheries,schaefer,Simulated annealing,Annealing (T=2.165515),1,822,546272fd-1817-4d29-a66b-93dc696e41f8,sigma_v,-28.11531955530506,0.1254635697725185
fisheries,schaefer,Simulated annealing,Annealing (T=2.165515),1,1022,546272fd-1817-4d29-a66b-93dc696e41f8,K,-28.69338145830754,3125.9720345101596
fisheries,schaefer,Simulated annealing,Annealing (T=2.165515),1,1022,546272fd-1817-4d29-a66b-93dc696e41f8,q,-28.69338145830754,0.0003699920486446291
fisheries,schaefer,Simulated annealing,Annealing (T=2.165515),1,1022,546272fd-1817-4d29-a66b-93dc696e41f8,r,-28.69338145830754,0.32206521368410096
fisheries,schaefer,Simulated annealing,Annealing (T=2.165515),1,1022,546272fd-1817-4d29-a66b-93dc696e41f8,sigma_v,-28.69338145830754,0.105312520297499
fisheries,schaefer,Simulated annealing,Annealing (T=2.165515),1,1222,546272fd-1817-4d29-a66b-93dc696e41f8,K,-27.12615628599757,3104.6627858370084
fisheries,schaefer,Simulated annealing,Annealing (T=2.165515),1,1222,546272fd-1817-4d29-a66b-93dc696e41f8,q,-27.12615628599757,0.00039015714815373225
fisheries,schaefer,Simulated annealing,Annealing (T=2.165515),1,1222,546272fd-1817-4d29-a66b-93dc696e41f8,r,-27.12615628599757,0.3119733197273325
fisheries,schaefer,Simulated annealing,Annealing (T=2.165515),1,1222,546272fd-1817-4d29-a66b-93dc696e41f8,sigma_v,-27.12615628599757,0.0915485904973762
fisheries,schaefer,Simulated annealing,Annealing (T=2.165515),1,1422,546272fd-1817-4d29-a66b-93dc696e41f8,K,-24.649376686987914,3112.7582869353837
fisheries,schaefer,Simulated annealing,Annealing (T=2.165515),1,1422,546272fd-1817-4d29-a66b-93dc696e41f8,q,-24.649376686987914,0.0003898389686899131
fisheries,schaefer,Simulated annealing,Annealing (T=2.165515),1,1422,546272fd-1817-4d29-a66b-93dc696e41f8,r,-24.649376686987914,0.3217876997414391
fisheries,schaefer,Simulated annealing,Annealing (T=2.165515),1,1422,546272fd-1817-4d29-a66b-93dc696e41f8,sigma_v,-24.649376686987914,0.16610115695592653
fisheries,schaefer,Simulated annealing,Annealing (T=2.165515),1,1622,546272fd-1817-4d29-a66b-93dc696e41f8,K,-25.99988000324041,3140.6177501122206
fisheries,schaefer,Simulated annealing,Annealing (T=2.165515),1,1622,546272fd-1817-4d29-a66b-93dc696e41f8,q,-25.99988000324041,0.00038069184731569575
fisheries,schaefer,Simulated annealing,Annealing (T=2.165515),1,1622,546272fd-1817-4d29-a66b-93dc696e41f8,r,-25.99988000324041,0.3162173134639079
fisheries,schaefer,Simulated annealing,Annealing (T=2.165515),1,1622,546272fd-1817-4d29-a66b-93dc696e41f8,sigma_v,-25.99988000324041,0.15516665918007205
fisheries,schaefer,Simulated annealing,Annealing (T=2.165515),1,1822,546272fd-1817-4d29-a66b-93dc696e41f8,K,-25.30392865733632,3000.1743090734544
fisheries,schaefer,Simulated annealing,Annealing (T=2.165515),1,1822,546272fd-1817-4d29-a66b-93dc696e41f8,q,-25.30392865733632,0.00042440563853697827
fisheries,schaefer,Simulated annealing,Annealing (T=2.165515),1,1822,546272fd-1817-4d29-a66b-93dc696e41f8,r,-25.30392865733632,0.3346188133322617
fisheries,schaefer,Simulated annealing,Annealing (T=2.165515),1,1822,546272fd-1817-4d29-a66b-93dc696e41f8,sigma_v,-25.30392865733632,0.15266358069824323
fisheries,schaefer,Simulated annealing,Annealing (T=2.165515),1,2022,546272fd-1817-4d29-a66b-93dc696e41f8,K,-28.566256081957498,2884.2890491045973
fisheries,schaefer,Simulated annealing,Annealing (T=2.165515),1,2022,546272fd-1817-4d29-a66b-93dc696e41f8,q,-28.566256081957498,0.0004425470643163193
fisheries,schaefer,Simulated annealing,Annealing (T=2.165515),1,2022,546272fd-1817-4d29-a66b-93dc696e41f8,r,-28.566256081957498,0.3475685104056258
fisheries,schaefer,Simulated annealing,Annealing (T=2.165515),1,2022,546272fd-1817-4d29-a66b-93dc696e41f8,sigma_v,-28.566256081957498,0.08610477315127422
fisheries,schaefer,Simulated annealing,Annealing (T=2.165515),1,2222,546272fd-1817-4d29-a66b-93dc696e41f8,K,-16.982755681350532,2883.8547177562223
fisheries,schaefer,Simulated annealing,Annealing (T=2.165515),1,2222,546272fd-1817-4d29-a66b-93dc696e41f8,q,-16.982755681350532,0.00037107701205740947
fisheries,schaefer,Simulated annealing,Annealing (T=2.165515),1,2222,546272fd-1817-4d29-a66b-93dc696e41f8,r,-16.982755681350532,0.3868596417204942
fisheries,schaefer,Simulated annealing,Annealing (T=2.165515),1,2222,546272fd-1817-4d29-a66b-93dc696e41f8,sigma_v,-16.982755681350532,0.24595003328183176
fisheries,schaefer,Simulated annealing,Annealing (T=2.165515),1,2422,546272fd-1817-4d29-a66b-93dc696e41f8,K,-17.53669519021996,2918.820035646908
fisheries,schaefer,Simulated annealing,Annealing (T=2.165515),1,2422,546272fd-1817-4d29-a66b-93dc696e41f8,q,-17.53669519021996,0.0003228710594284796
fisheries,schaefer,Simulated annealing,Annealing (T=2.165515),1,2422,546272fd-1817-4d29-a66b-93dc696e41f8,r,-17.53669519021996,0.39107995780435956
fisheries,schaefer,Simulated annealing,Annealing (T=2.165515),1,2422,546272fd-1817-4d29-a66b-93dc696e41f8,sigma_v,-17.53669519021996,0.17603292418550567
fisheries,schaefer,Simulated annealing,Annealing (T=2.165515),1,2622,546272fd-1817-4d29-a66b-93dc696e41f8,K,-17.20624586528531,2969.652728882144
fisheries,schaefer,Simulated annealing,Annealing (T=2.165515),1,2622,546272fd-1817-4d29-a66b-93dc696e41f8,q,-17.20624586528531,0.00037958045986659133
fisheries,schaefer,Simulated annealing,Annealing (T=2.165515),1,2622,546272fd-1817-4d29-a66b-93dc696e41f8,r,-17.20624586528531,0.36017969668417077
fisheries,schaefer,Simulated annealing,Annealing (T=2.165515),1,2622,546272fd-1817-4d29-a66b-93dc696e41f8,sigma_v,-17.20624586528531,0.2590688424978018
fisheries,schaefer,Simulated annealing,Annealing (T=2.165515),1,2822,546272fd-1817-4d29-a66b-93dc696e41f8,K,-22.996775241020178,2883.2241563443495
fisheries,schaefer,Simulated annealing,Annealing (T=2.165515),1,2822,546272fd-1817-4d29-a66b-93dc696e41f8,q,-22.996775241020178,0.00045505034803502574
fisheries,schaefer,Simulated annealing,Annealing (T=2.165515),1,2822,546272fd-1817-4d29-a66b-93dc696e41f8,r,-22.996775241020178,0.34210312619843203
fisheries,schaefer,Simulated annealing,Annealing (T=2.165515),1,2822,546272fd-1817-4d29-a66b-93dc696e41f8,sigma_v,-22.996775241020178,0.18185040448685857
fisheries,schaefer,Simulated annealing,Annealing (T=2.165515),1,3022,546272fd-1817-4d29-a66b-93dc696e41f8,K,-25.10924712236372,2975.8296651491305
fisheries,schaefer,Simulated annealing,Annealing (T=2.165515),1,3022,546272fd-1817-4d29-a66b-93dc696e41f8,q,-25.10924712236372,0.0003643761433071909
fisheries,schaefer,Simulated annealing,Annealing (T=2.165515),1,3022,546272fd-1817-4d29-a66b-93dc696e41f8,r,-25.10924712236372,0.351870176443932
fisheries,schaefer,Simulated annealing,Annealing (T=2.165515),1,3022,546272fd-1817-4d29-a66b-93dc696e41f8,sigma_v,-25.10924712236372,0.14319607088583383
fisheries,schaefer,Simulated annealing,Annealing (T=2.165515),1,3222,546272fd-1817-4d29-a66b-93dc696e41f8,K,-20.76195854902055,3049.4820483024478
fisheries,schaefer,Simulated annealing,Annealing (T=2.165515),1,3222,546272fd-1817-4d29-a66b-93dc696e41f8,q,-20.76195854902055,0.000381609389764783
fisheries,schaefer,Simulated annealing,Annealing (T=2.165515),1,3222,546272fd-1817-4d29-a66b-93dc696e41f8,r,-20.76195854902055,0.34587338489778485
fisheries,schaefer,Simulated annealing,Annealing (T=2.165515),1,3222,546272fd-1817-4d29-a66b-93dc696e41f8,sigma_v,-20.76195854902055,0.19369335039686147
fisheries,schaefer,Simulated annealing,Annealing (T=2.165515),1,3422,546272fd-1817-4d29-a66b-93dc696e41f8,K,-28.091474554356623,3005.268725558979
fisheries,schaefer,Simulated annealing,Annealing (T=2.165515),1,3422,546272fd-1817-4d29-a66b-93dc696e41f8,q,-28.091474554356623,0.0003836872600140585
fisheries,schaefer,Simulated annealing,Annealing (T=2.165515),1,3422,546272fd-1817-4d29-a66b-93dc696e41f8,r,-28.091474554356623,0.3362791259618559
fisheries,schaefer,Simulated annealing,Annealing (T=2.165515),1,3422,546272fd-1817-4d29-a66b-93dc696e41f8,sigma_v,-28.091474554356623,0.09016577789890044
fisheries,schaefer,Simulated annealing,Annealing (T=2.165515),1,3622,546272fd-1817-4d29-a66b-93dc696e41f8,K,-28.234218447839964,2971.563632862674
fisheries,schaefer,Simulated annealing,Annealing (T=2.165515),1,3622,546272fd-1817-4d29-a66b-93dc696e41f8,q,-28.234218447839964,0.00039352607760082887
fisheries,schaefer,Simulated annealing,Annealing (T=2.165515),1,3622,546272fd-1817-4d29-a66b-93dc696e41f8,r,-28.234218447839964,0.34062603359879157
fisheries,schaefer,Simulated annealing,Annealing (T=2.165515),1,3622,546272fd-1817-4d29-a66b-93dc696e41f8,sigma_v,-28.234218447839964,0.1234991866402812
fisheries,schaefer,Simulated annealing,Annealing (T=2.165515),1,3822,546272fd-1817-4d29-a66b-93dc696e41f8,K,-25.497510427575023,2844.6258711111877
fisheries,schaefer,Simulated annealing,Annealing (T=2.165515),1,3822,546272fd-1817-4d29-a66b-93dc696e41f8,q,-25.497510427575023,0.000446915013166728
fisheries,schaefer,Simulated annealing,Annealing (T=2.165515),1,3822,546272fd-1817-4d29-a66b-93dc696e41f8,r,-25.497510427575023,0.355649352372195
fisheries,schaefer,Simulated annealing,Annealing (T=2.165515),1,3822,546272fd-1817-4d29-a66b-93dc696e41f8,sigma_v,-25.497510427575023,0.16444446210549712
fisheries,schaefer,Simulated annealing,Annealing (T=2.165515),1,4022,546272fd-1817-4d29-a66b-93dc696e41f8,K,-29.537673828805346,2885.486272076593
fisheries,schaefer,Simulated annealing,Annealing (T=2.165515),1,4022,546272fd-1817-4d29-a66b-93dc696e41f8,q,-29.537673828805346,0.00042500527777415177
fisheries,schaefer,Simulated annealing,Annealing (T=2.165515),1,4022,546272fd-1817-4d29-a66b-93dc696e41f8,r,-29.537673828805346,0.3518819207234415
fisheries,schaefer,Simulated annealing,Annealing (T=2.165515),1,4022,546272fd-1817-4d29-a66b-93dc696e41f8,sigma_v,-29.537673828805346,0.10803864963960816
fisheries,schaefer,Simulated annealing,Annealing (T=2.165515),1,4222,546272fd-1817-4d29-a66b-93dc696e41f8,K,-18.67824196921008,2955.9610189895016
fisheries,schaefer,Simulated annealing,Annealing (T=2.165515),1,4222,546272fd-1817-4d29-a66b-93dc696e41f8,q,-18.67824196921008,0.00039370055384295596
fisheries,schaefer,Simulated annealing,Annealing (T=2.165515),1,4222,546272fd-1817-4d29-a66b-93dc696e41f8,r,-18.67824196921008,0.3344065070967873
fisheries,schaefer,Simulated annealing,Annealing (T=2.165515),1,4222,546272fd-1817-4d29-a66b-93dc696e41f8,sigma_v,-18.67824196921008,0.22851868348124876
fisheries,schaefer,Simulated annealing,Annealing (T=2.165515),1,4422,546272fd-1817-4d29-a66b-93dc696e41f8,K,-21.274907429202845,3288.506250736167
fisheries,schaefer,Simulated annealing,Annealing (T=2.165515),1,4422,546272fd-1817-4d29-a66b-93dc696e41f8,q,-21.274907429202845,0.00035909116326260766
fisheries,schaefer,Simulated annealing,Annealing (T=2.165515),1,4422,546272fd-1817-4d29-a66b-93dc696e41f8,r,-21.274907429202845,0.30907896344013214
fisheries,schaefer,Simulated annealing,Annealing (T=2.165515),1,4422,546272fd-1817-4d29-a66b-93dc696e41f8,sigma_v,-21.274907429202845,0.17764233452681313
fisheries,schaefer,Simulated annealing,Annealing (T=2.165515),1,4622,546272fd-1817-4d29-a66b-93dc696e41f8,K,-26.614023328499368,3413.6981397296177
fisheries,schaefer,Simulated annealing,Annealing (T=2.165515),1,4622,546272fd-1817-4d29-a66b-93dc696e41f8,q,-26.614023328499368,0.0003402861029820327
fisheries,schaefer,Simulated annealing,Annealing (T=2.165515),1,4622,546272fd-1817-4d29-a66b-93dc696e41f8,r,-26.614023328499368,0.2846428656414613
fisheries,schaefer,Simulated annealing,Annealing (T=2.165515),1,4622,546272fd-1817-4d29-a66b-93dc696e41f8,sigma_v,-26.614023328499368,0.10259580808017998
fisheries,schaefer,Simulated annealing,Annealing (T=2.165515),1,4822,546272fd-1817-4d29-a66b-93dc696e41f8,K,-19.566985181070955,3310.9352601991345
fisheries,schaefer,Simulated annealing,Annealing (T=2.165515),1,4822,546272fd-1817-4d29-a66b-93dc696e41f8,q,-19.566985181070955,0.0003587199830092954
fisheries,schaefer,Simulated annealing,Annealing (T=2.165515),1,4822,546272fd-1817-4d29-a66b-93dc696e41f8,r,-19.566985181070955,0.2997436099321979
fisheries,schaefer,Simulated annealing,Annealing (T=2.165515),1,4822,546272fd-1817-4d29-a66b-93dc696e41f8,sigma_v,-19.566985181070955,0.22640958578069334
fisheries,schaefer,Simulated annealing,Annealing (T=2.057239),1,21,546272fd-1817-4d29-a66b-93dc696e41f8,K,-27.805924577052018,2950.9510192557736
fisheries,schaefer,Simulated annealing,Annealing (T=2.057239),1,21,546272fd-1817-4d29-a66b-93dc696e41f8,q,-27.805924577052018,0.00039415055708794924
fisheries,schaefer,Simulated annealing,Annealing (T=2.057239),1,21,546272fd-1817-4d29-a66b-93dc696e41f8,r,-27.805924577052018,0.3460621567985089
fisheries,schaefer,Simulated annealing,Annealing (T=2.057239),1,21,546272fd-1817-4d29-a66b-93dc696e41f8,sigma_v,-27.805924577052018,0.13035956805862453
fisheries,schaefer,Simulated annealing,Annealing (T=2.057239),1,221,546272fd-1817-4d29-a66b-93dc696e41f8,K,-24.964762664341748,2994.622403387534
fisheries,schaefer,Simulated annealing,Annealing (T=2.057239),1,221,546272fd-1817-4d29-a66b-93dc696e41f8,q,-24.964762664341748,0.00038417661361062137
fisheries,schaefer,Simulated annealing,Annealing (T=2.057239),1,221,546272fd-1817-4d29-a66b-93dc696e41f8,r,-24.964762664341748,0.33797395989120776
fisheries,schaefer,Simulated annealing,Annealing (T=2.057239),1,221,546272fd-1817-4d29-a66b-93dc696e41f8,sigma_v,-24.964762664341748,0.16617050652299992
fisheries,schaefer,Simulated annealing,Annealing (T=2.057239),1,421,546272fd-1817-4d29-a66b-93dc696e41f8,K,-29.474785129231957,2928.3627752903367
fisheries,schaefer,Simulated annealing,Annealing (T=2.057239),1,421,546272fd-1817-4d29-a66b-93dc696e41f8,q,-29.474785129231957,0.0004189213068720144
fisheries,schaefer,Simulated annealing,Annealing (T=2.057239),1,421,546272fd-1817-4d29-a66b-93dc696e41f8,r,-29.474785129231957,0.3451383276449844
fisheries,schaefer,Simulated annealing,Annealing (T=2.057239),1,421,546272fd-1817-4d29-a66b-93dc696e41f8,sigma_v,-29.474785129231957,0.11130414524879698
fisheries,schaefer,Simulated annealing,Annealing (T=2.057239),1,621,546272fd-1817-4d29-a66b-93dc696e41f8,K,-28.63153908858192,2747.717816732304
fisheries,schaefer,Simulated annealing,Annealing (T=2.057239),1,621,546272fd-1817-4d29-a66b-93dc696e41f8,q,-28.63153908858192,0.00047100263102801065
fisheries,schaefer,Simulated annealing,Annealing (T=2.057239),1,621,546272fd-1817-4d29-a66b-93dc696e41f8,r,-28.63153908858192,0.3768565320261875
fisheries,schaefer,Simulated annealing,Annealing (T=2.057239),1,621,546272fd-1817-4d29-a66b-93dc696e41f8,sigma_v,-28.63153908858192,0.10892187312626249
fisheries,schaefer,Simulated annealing,Annealing (T=2.057239),1,821,546272fd-1817-4d29-a66b-93dc696e41f8,K,-27.568742804949533,2705.713180341529
fisheries,schaefer,Simulated annealing,Annealing (T=2.057239),1,821,546272fd-1817-4d29-a66b-93dc696e41f8,q,-27.568742804949533,0.000459456284658213
fisheries,schaefer,Simulated annealing,Annealing (T=2.057239),1,821,546272fd-1817-4d29-a66b-93dc696e41f8,r,-27.568742804949533,0.38345627080770434
fisheries,schaefer,Simulated annealing,Annealing (T=2.057239),1,821,546272fd-1817-4d29-a66b-93dc696e41f8,sigma_v,-27.568742804949533,0.12445176394879903
fisheries,schaefer,Simulated annealing,Annealing (T=2.057239),1,1021,546272fd-1817-4d29-a66b-93dc696e41f8,K,-26.70435075598415,2720.720123557415
fisheries,schaefer,Simulated annealing,Annealing (T=2.057239),1,1021,546272fd-1817-4d29-a66b-93dc696e41f8,q,-26.70435075598415,0.000498827408157057
fisheries,schaefer,Simulated annealing,Annealing (T=2.057239),1,1021,546272fd-1817-4d29-a66b-93dc696e41f8,r,-26.70435075598415,0.37903213235178507
fisheries,schaefer,Simulated annealing,Annealing (T=2.057239),1,1021,546272fd-1817-4d29-a66b-93dc696e41f8,sigma_v,-26.70435075598415,0.12626695813959515
fisheries,schaefer,Simulated annealing,Annealing (T=2.057239),1,1221,546272fd-1817-4d29-a66b-93dc696e41f8,K,-27.450589985556494,2559.7612643352318
fisheries,schaefer,Simulated annealing,Annealing (T=2.057239),1,1221,546272fd-1817-4d29-a66b-93dc696e41f8,q,-27.450589985556494,0.0004947324282773743
fisheries,schaefer,Simulated annealing,Annealing (T=2.057239),1,1221,546272fd-1817-4d29-a66b-93dc696e41f8,r,-27.450589985556494,0.41942761124803324
fisheries,schaefer,Simulated annealing,Annealing (T=2.057239),1,1221,546272fd-1817-4d29-a66b-93dc696e41f8,sigma_v,-27.450589985556494,0.10206371874703563
fisheries,schaefer,Simulated annealing,Annealing (T=2.057239),1,1421,546272fd-1817-4d29-a66b-93dc696e41f8,K,-25.254602331907222,2468.620486012826
fisheries,schaefer,Simulated annealing,Annealing (T=2.057239),1,1421,546272fd-1817-4d29-a66b-93dc696e41f8,q,-25.254602331907222,0.0005730914451944145
fisheries,schaefer,Simulated annealing,Annealing (T=2.057239),1,1421,546272fd-1817-4d29-a66b-93dc696e41f8,r,-25.254602331907222,0.4329415825842329
fisheries,schaefer,Simulated annealing,Annealing (T=2.057239),1,1421,546272fd-1817-4d29-a66b-93dc696e41f8,sigma_v,-25.254602331907222,0.13103604585056014
fisheries,schaefer,Simulated annealing,Annealing (T=2.057239),1,1621,546272fd-1817-4d29-a66b-93dc696e41f8,K,-27.54591173724037,2545.6086714751464
fisheries,schaefer,Simulated annealing,Annealing (T=2.057239),1,1621,546272fd-1817-4d29-a66b-93dc696e41f8,q,-27.54591173724037,0.0005187489438836282
fisheries,schaefer,Simulated annealing,Annealing (T=2.057239),1,1621,546272fd-1817-4d29-a66b-93dc696e41f8,r,-27.54591173724037,0.4187837308038564
fisheries,schaefer,Simulated annealing,Annealing (T=2.057239),1,1621,546272fd-1817-4d29-a66b-93dc696e41f8,sigma_v,-27.54591173724037,0.10197518955378192
fisheries,schaefer,Simulated annealing,Annealing (T=2.057239),1,1821,546272fd-1817-4d29-a66b-93dc696e41f8,K,-22.43438767635977,2627.5868345032163
fisheries,schaefer,Simulated annealing,Annealing (T=2.057239),1,1821,546272fd-1817-4d29-a66b-93dc696e41f8,q,-22.43438767635977,0.00041921757017957174
fisheries,schaefer,Simulated annealing,Annealing (T=2.057239),1,1821,546272fd-1817-4d29-a66b-93dc696e41f8,r,-22.43438767635977,0.42340478941443815
fisheries,schaefer,Simulated annealing,Annealing (T=2.057239),1,1821,546272fd-1817-4d29-a66b-93dc696e41f8,sigma_v,-22.43438767635977,0.14183552296514615
fisheries,schaefer,Simulated annealing,Annealing (T=2.057239),1,2021,546272fd-1817-4d29-a66b-93dc696e41f8,K,-7.935558834118729,2436.065907062026
fisheries,schaefer,Simulated annealing,Annealing (T=2.057239),1,2021,546272fd-1817-4d29-a66b-93dc696e41f8,q,-7.935558834118729,0.00046446306129013055
fisheries,schaefer,Simulated annealing,Annealing (T=2.057239),1,2021,546272fd-1817-4d29-a66b-93dc696e41f8,r,-7.935558834118729,0.4692778152577128
fisheries,schaefer,Simulated annealing,Annealing (T=2.057239),1,2021,546272fd-1817-4d29-a66b-93dc696e41f8,sigma_v,-7.935558834118729,0.42717542643541007
fisheries,schaefer,Simulated annealing,Annealing (T=2.057239),1,2221,546272fd-1817-4d29-a66b-93dc696e41f8,K,-19.23322565028388,2458.626968816334
fisheries,schaefer,Simulated annealing,Annealing (T=2.057239),1,2221,546272fd-1817-4d29-a66b-93dc696e41f8,q,-19.23322565028388,0.0004500081423657847
fisheries,schaefer,Simulated annealing,Annealing (T=2.057239),1,2221,546272fd-1817-4d29-a66b-93dc696e41f8,r,-19.23322565028388,0.46428092611674526
fisheries,schaefer,Simulated annealing,Annealing (T=2.057239),1,2221,546272fd-1817-4d29-a66b-93dc696e41f8,sigma_v,-19.23322565028388,0.1261913527978824
fisheries,schaefer,Simulated annealing,Annealing (T=2.057239),1,2421,546272fd-1817-4d29-a66b-93dc696e41f8,K,-18.340941368246316,2525.4197626276523
fisheries,schaefer,Simulated annealing,Annealing (T=2.057239),1,2421,546272fd-1817-4d29-a66b-93dc696e41f8,q,-18.340941368246316,0.0004637231241240293
fisheries,schaefer,Simulated annealing,Annealing (T=2.057239),1,2421,546272fd-1817-4d29-a66b-93dc696e41f8,r,-18.340941368246316,0.4508501972514003
fisheries,schaefer,Simulated annealing,Annealing (T=2.057239),1,2421,546272fd-1817-4d29-a66b-93dc696e41f8,sigma_v,-18.340941368246316,0.14168694562760215
fisheries,schaefer,Simulated annealing,Annealing (T=2.057239),1,2621,546272fd-1817-4d29-a66b-93dc696e41f8,K,-19.469809476648845,2455.20488869558
fisheries,schaefer,Simulated annealing,Annealing (T=2.057239),1,2621,546272fd-1817-4d29-a66b-93dc696e41f8,q,-19.469809476648845,0.0006361798131750295
fisheries,schaefer,Simulated annealing,Annealing (T=2.057239),1,2621,546272fd-1817-4d29-a66b-93dc696e41f8,r,-19.469809476648845,0.4336611803159084
fisheries,schaefer,Simulated annealing,Annealing (T=2.057239),1,2621,546272fd-1817-4d29-a66b-93dc696e41f8,sigma_v,-19.469809476648845,0.1270247714908207
fisheries,schaefer,Simulated annealing,Annealing (T=2.057239),1,2821,546272fd-1817-4d29-a66b-93dc696e41f8,K,-21.31183165639695,2358.4770829250233
fisheries,schaefer,Simulated annealing,Annealing (T=2.057239),1,2821,546272fd-1817-4d29-a66b-93dc696e41f8,q,-21.31183165639695,0.0005072567331716452
fisheries,schaefer,Simulated annealing,Annealing (T=2.057239),1,2821,546272fd-1817-4d29-a66b-93dc696e41f8,r,-21.31183165639695,0.47393169321148726
fisheries,schaefer,Simulated annealing,Annealing (T=2.057239),1,2821,546272fd-1817-4d29-a66b-93dc696e41f8,sigma_v,-21.31183165639695,0.11866668049044664
fisheries,schaefer,Simulated annealing,Annealing (T=2.057239),1,3021,546272fd-1817-4d29-a66b-93dc696e41f8,K,-22.2376182206706,2443.9056979523607
fisheries,schaefer,Simulated annealing,Annealing (T=2.057239),1,3021,546272fd-1817-4d29-a66b-93dc696e41f8,q,-22.2376182206706,0.0004999558152397079
fisheries,schaefer,Simulated annealing,Annealing (T=2.057239),1,3021,546272fd-1817-4d29-a66b-93dc696e41f8,r,-22.2376182206706,0.44857589582545176
fisheries,schaefer,Simulated annealing,Annealing (T=2.057239),1,3021,546272fd-1817-4d29-a66b-93dc696e41f8,sigma_v,-22.2376182206706,0.18123596340586587
fisheries,schaefer,Simulated annealing,Annealing (T=2.057239),1,3221,546272fd-1817-4d29-a66b-93dc696e41f8,K,-25.4085084849853,2493.4504284100035
fisheries,schaefer,Simulated annealing,Annealing (T=2.057239),1,3221,546272fd-1817-4d29-a66b-93dc696e41f8,q,-25.4085084849853,0.0004968784646951181
fisheries,schaefer,Simulated annealing,Annealing (T=2.057239),1,3221,546272fd-1817-4d29-a66b-93dc696e41f8,r,-25.4085084849853,0.4366243765033842
fisheries,schaefer,Simulated annealing,Annealing (T=2.057239),1,3221,546272fd-1817-4d29-a66b-93dc696e41f8,sigma_v,-25.4085084849853,0.14128071245785498
fisheries,schaefer,Simulated annealing,Annealing (T=2.057239),1,3421,546272fd-1817-4d29-a66b-93dc696e41f8,K,-19.91552467800571,2465.3836853251305
fisheries,schaefer,Simulated annealing,Annealing (T=2.057239),1,3421,546272fd-1817-4d29-a66b-93dc696e41f8,q,-19.91552467800571,0.000441144189553367
fisheries,schaefer,Simulated annealing,Annealing (T=2.057239),1,3421,546272fd-1817-4d29-a66b-93dc696e41f8,r,-19.91552467800571,0.45617125648946855
fisheries,schaefer,Simulated annealing,Annealing (T=2.057239),1,3421,546272fd-1817-4d29-a66b-93dc696e41f8,sigma_v,-19.91552467800571,0.143766427914738
fisheries,schaefer,Simulated annealing,Annealing (T=2.057239),1,3621,546272fd-1817-4d29-a66b-93dc696e41f8,K,-20.502462884569862,2463.294210813099
fisheries,schaefer,Simulated annealing,Annealing (T=2.057239),1,3621,546272fd-1817-4d29-a66b-93dc696e41f8,q,-20.502462884569862,0.0005441148249390598
fisheries,schaefer,Simulated annealing,Annealing (T=2.057239),1,3621,546272fd-1817-4d29-a66b-93dc696e41f8,r,-20.502462884569862,0.4468229545936999
fisheries,schaefer,Simulated annealing,Annealing (T=2.057239),1,3621,546272fd-1817-4d29-a66b-93dc696e41f8,sigma_v,-20.502462884569862,0.11552214506348005
fisheries,schaefer,Simulated annealing,Annealing (T=2.057239),1,3821,546272fd-1817-4d29-a66b-93dc696e41f8,K,-24.871163749546522,2429.1427505837637
fisheries,schaefer,Simulated annealing,Annealing (T=2.057239),1,3821,546272fd-1817-4d29-a66b-93dc696e41f8,q,-24.871163749546522,0.0005358932643980931
fisheries,schaefer,Simulated annealing,Annealing (T=2.057239),1,3821,546272fd-1817-4d29-a66b-93dc696e41f8,r,-24.871163749546522,0.44962428899676865
fisheries,schaefer,Simulated annealing,Annealing (T=2.057239),1,3821,546272fd-1817-4d29-a66b-93dc696e41f8,sigma_v,-24.871163749546522,0.14990735860134652
fisheries,schaefer,Simulated annealing,Annealing (T=2.057239),1,4021,546272fd-1817-4d29-a66b-93dc696e41f8,K,-22.943556242241122,2404.7452877177902
fisheries,schaefer,Simulated annealing,Annealing (T=2.057239),1,4021,546272fd-1817-4d29-a66b-93dc696e41f8,q,-22.943556242241122,0.0005491789663620071
fisheries,schaefer,Simulated annealing,Annealing (T=2.057239),1,4021,546272fd-1817-4d29-a66b-93dc696e41f8,r,-22.943556242241122,0.4583004098271298
fisheries,schaefer,Simulated annealing,Annealing (T=2.057239),1,4021,546272fd-1817-4d29-a66b-93dc696e41f8,sigma_v,-22.943556242241122,0.09426426636233418
fisheries,schaefer,Simulated annealing,Annealing (T=2.057239),1,4221,546272fd-1817-4d29-a66b-93dc696e41f8,K,-24.579837997970962,2420.7373635365343
fisheries,schaefer,Simulated annealing,Annealing (T=2.057239),1,4221,546272fd-1817-4d29-a66b-93dc696e41f8,q,-24.579837997970962,0.000537786900561697
fisheries,schaefer,Simulated annealing,Annealing (T=2.057239),1,4221,546272fd-1817-4d29-a66b-93dc696e41f8,r,-24.579837997970962,0.4494839793168806
fisheries,schaefer,Simulated annealing,Annealing (T=2.057239),1,4221,546272fd-1817-4d29-a66b-93dc696e41f8,sigma_v,-24.579837997970962,0.14662931419936243
fisheries,schaefer,Simulated annealing,Annealing (T=2.057239),1,4421,546272fd-1817-4d29-a66b-93dc696e41f8,K,-19.15584374981237,2435.9265439325413
fisheries,schaefer,Simulated annealing,Annealing (T=2.057239),1,4421,546272fd-1817-4d29-a66b-93dc696e41f8,q,-19.15584374981237,0.0005752947240955126
fisheries,schaefer,Simulated annealing,Annealing (T=2.057239),1,4421,546272fd-1817-4d29-a66b-93dc696e41f8,r,-19.15584374981237,0.44114145180748504
fisheries,schaefer,Simulated annealing,Annealing (T=2.057239),1,4421,546272fd-1817-4d29-a66b-93dc696e41f8,sigma_v,-19.15584374981237,0.23264409641129724
fisheries,schaefer,Simulated annealing,Annealing (T=2.057239),1,4621,546272fd-1817-4d29-a66b-93dc696e41f8,K,-25.247280954911773,2413.340098207594
fisheries,schaefer,Simulated annealing,Annealing (T=2.057239),1,4621,546272fd-1817-4d29-a66b-93dc696e41f8,q,-25.247280954911773,0.0005385533886165301
fisheries,schaefer,Simulated annealing,Annealing (T=2.057239),1,4621,546272fd-1817-4d29-a66b-93dc696e41f8,r,-25.247280954911773,0.4531069874189323
fisheries,schaefer,Simulated annealing,Annealing (T=2.057239),1,4621,546272fd-1817-4d29-a66b-93dc696e41f8,sigma_v,-25.247280954911773,0.10565648472131312
fisheries,schaefer,Simulated annealing,Annealing (T=2.057239),1,4821,546272fd-1817-4d29-a66b-93dc696e41f8,K,-25.28117602122071,2459.9401222440306
fisheries,schaefer,Simulated annealing,Annealing (T=2.057239),1,4821,546272fd-1817-4d29-a66b-93dc696e41f8,q,-25.28117602122071,0.0005073622321436576
fisheries,schaefer,Simulated annealing,Annealing (T=2.057239),1,4821,546272fd-1817-4d29-a66b-93dc696e41f8,r,-25.28117602122071,0.4434654445063201
fisheries,schaefer,Simulated annealing,Annealing (T=2.057239),1,4821,546272fd-1817-4d29-a66b-93dc696e41f8,sigma_v,-25.28117602122071,0.10579011182972389
fisheries,schaefer,Simulated annealing,Annealing (T=1.959275),1,20,546272fd-1817-4d29-a66b-93dc696e41f8,K,-28.271350870731055,3033.293546191396
fisheries,schaefer,Simulated annealing,Annealing (T=1.959275),1,20,546272fd-1817-4d29-a66b-93dc696e41f8,q,-28.271350870731055,0.00038363504317801456
fisheries,schaefer,Simulated annealing,Annealing (T=1.959275),1,20,546272fd-1817-4d29-a66b-93dc696e41f8,r,-28.271350870731055,0.3368564974537701
fisheries,schaefer,Simulated annealing,Annealing (T=1.959275),1,20,546272fd-1817-4d29-a66b-93dc696e41f8,sigma_v,-28.271350870731055,0.09285925148830812
fisheries,schaefer,Simulated annealing,Annealing (T=1.959275),1,220,546272fd-1817-4d29-a66b-93dc696e41f8,K,-22.720212403962734,2997.3657240127955
fisheries,schaefer,Simulated annealing,Annealing (T=1.959275),1,220,546272fd-1817-4d29-a66b-93dc696e41f8,q,-22.720212403962734,0.0004451177843051449
fisheries,schaefer,Simulated annealing,Annealing (T=1.959275),1,220,546272fd-1817-4d29-a66b-93dc696e41f8,r,-22.720212403962734,0.32737217569076715
fisheries,schaefer,Simulated annealing,Annealing (T=1.959275),1,220,546272fd-1817-4d29-a66b-93dc696e41f8,sigma_v,-22.720212403962734,0.1865360698871424
fisheries,schaefer,Simulated annealing,Annealing (T=1.959275),1,420,546272fd-1817-4d29-a66b-93dc696e41f8,K,-25.43522363916488,2942.883701971998
fisheries,schaefer,Simulated annealing,Annealing (T=1.959275),1,420,546272fd-1817-4d29-a66b-93dc696e41f8,q,-25.43522363916488,0.00043818615166639155
fisheries,schaefer,Simulated annealing,Annealing (T=1.959275),1,420,546272fd-1817-4d29-a66b-93dc696e41f8,r,-25.43522363916488,0.3316583740207754
fisheries,schaefer,Simulated annealing,Annealing (T=1.959275),1,420,546272fd-1817-4d29-a66b-93dc696e41f8,sigma_v,-25.43522363916488,0.1348206684602795
fisheries,schaefer,Simulated annealing,Annealing (T=1.959275),1,620,546272fd-1817-4d29-a66b-93dc696e41f8,K,-22.618235479688995,3063.9150682817935
fisheries,schaefer,Simulated annealing,Annealing (T=1.959275),1,620,546272fd-1817-4d29-a66b-93dc696e41f8,q,-22.618235479688995,0.00037709321308158976
fisheries,schaefer,Simulated annealing,Annealing (T=1.959275),1,620,546272fd-1817-4d29-a66b-93dc696e41f8,r,-22.618235479688995,0.3237386710413131
fisheries,schaefer,Simulated annealing,Annealing (T=1.959275),1,620,546272fd-1817-4d29-a66b-93dc696e41f8,sigma_v,-22.618235479688995,0.19412980477205583
fisheries,schaefer,Simulated annealing,Annealing (T=1.959275),1,820,546272fd-1817-4d29-a66b-93dc696e41f8,K,-24.584472726332656,3018.010455459762
fisheries,schaefer,Simulated annealing,Annealing (T=1.959275),1,820,546272fd-1817-4d29-a66b-93dc696e41f8,q,-24.584472726332656,0.0004002421703549343
fisheries,schaefer,Simulated annealing,Annealing (T=1.959275),1,820,546272fd-1817-4d29-a66b-93dc696e41f8,r,-24.584472726332656,0.3429590903122173
fisheries,schaefer,Simulated annealing,Annealing (T=1.959275),1,820,546272fd-1817-4d29-a66b-93dc696e41f8,sigma_v,-24.584472726332656,0.12530581906542795
fisheries,schaefer,Simulated annealing,Annealing (T=1.959275),1,1020,546272fd-1817-4d29-a66b-93dc696e41f8,K,-25.298798769839305,2962.051446169107
fisheries,schaefer,Simulated annealing,Annealing (T=1.959275),1,1020,546272fd-1817-4d29-a66b-93dc696e41f8,q,-25.298798769839305,0.000456898880986717
fisheries,schaefer,Simulated annealing,Annealing (T=1.959275),1,1020,546272fd-1817-4d29-a66b-93dc696e41f8,r,-25.298798769839305,0.33140731935851464
fisheries,schaefer,Simulated annealing,Annealing (T=1.959275),1,1020,546272fd-1817-4d29-a66b-93dc696e41f8,sigma_v,-25.298798769839305,0.14312643002137915
fisheries,schaefer,Simulated annealing,Annealing (T=1.959275),1,1220,546272fd-1817-4d29-a66b-93dc696e41f8,K,-20.145181360248163,2928.2058877931845
fisheries,schaefer,Simulated annealing,Annealing (T=1.959275),1,1220,546272fd-1817-4d29-a66b-93dc696e41f8,q,-20.145181360248163,0.0003665263373813562
fisheries,schaefer,Simulated annealing,Annealing (T=1.959275),1,1220,546272fd-1817-4d29-a66b-93dc696e41f8,r,-20.145181360248163,0.38005539780603065
fisheries,schaefer,Simulated annealing,Annealing (T=1.959275),1,1220,546272fd-1817-4d29-a66b-93dc696e41f8,sigma_v,-20.145181360248163,0.13141032629329796
fisheries,schaefer,Simulated annealing,Annealing (T=1.959275),1,1420,546272fd-1817-4d29-a66b-93dc696e41f8,K,-26.80870069242841,2923.080255745403
fisheries,schaefer,Simulated annealing,Annealing (T=1.959275),1,1420,546272fd-1817-4d29-a66b-93dc696e41f8,q,-26.80870069242841,0.000448753904118963
fisheries,schaefer,Simulated annealing,Annealing (T=1.959275),1,1420,546272fd-1817-4d29-a66b-93dc696e41f8,r,-26.80870069242841,0.33721991607291296
fisheries,schaefer,Simulated annealing,Annealing (T=1.959275),1,1420,546272fd-1817-4d29-a66b-93dc696e41f8,sigma_v,-26.80870069242841,0.13354836964591907
fisheries,schaefer,Simulated annealing,Annealing (T=1.959275),1,1620,546272fd-1817-4d29-a66b-93dc696e41f8,K,-21.54916313288463,2792.5897032917514
fisheries,schaefer,Simulated annealing,Annealing (T=1.959275),1,1620,546272fd-1817-4d29-a66b-93dc696e41f8,q,-21.54916313288463,0.0004949898283838038
fisheries,schaefer,Simulated annealing,Annealing (T=1.959275),1,1620,546272fd-1817-4d29-a66b-93dc696e41f8,r,-21.54916313288463,0.36890192581426573
fisheries,schaefer,Simulated annealing,Annealing (T=1.959275),1,1620,546272fd-1817-4d29-a66b-93dc696e41f8,sigma_v,-21.54916313288463,0.125170125558193
fisheries,schaefer,Simulated annealing,Annealing (T=1.959275),1,1820,546272fd-1817-4d29-a66b-93dc696e41f8,K,-21.92343898522584,2750.3279926002124
fisheries,schaefer,Simulated annealing,Annealing (T=1.959275),1,1820,546272fd-1817-4d29-a66b-93dc696e41f8,q,-21.92343898522584,0.00041072256553216225
fisheries,schaefer,Simulated annealing,Annealing (T=1.959275),1,1820,546272fd-1817-4d29-a66b-93dc696e41f8,r,-21.92343898522584,0.4009184303239415
fisheries,schaefer,Simulated annealing,Annealing (T=1.959275),1,1820,546272fd-1817-4d29-a66b-93dc696e41f8,sigma_v,-21.92343898522584,0.16276248769894913
fisheries,schaefer,Simulated annealing,Annealing (T=1.959275),1,2020,546272fd-1817-4d29-a66b-93dc696e41f8,K,-29.246544381508887,2820.7524256320894
fisheries,schaefer,Simulated annealing,Annealing (T=1.959275),1,2020,546272fd-1817-4d29-a66b-93dc696e41f8,q,-29.246544381508887,0.0004468742089094772
fisheries,schaefer,Simulated annealing,Annealing (T=1.959275),1,2020,546272fd-1817-4d29-a66b-93dc696e41f8,r,-29.246544381508887,0.36433548797347465
fisheries,schaefer,Simulated annealing,Annealing (T=1.959275),1,2020,546272fd-1817-4d29-a66b-93dc696e41f8,sigma_v,-29.246544381508887,0.09425031567520564
fisheries,schaefer,Simulated annealing,Annealing (T=1.959275),1,2220,546272fd-1817-4d29-a66b-93dc696e41f8,K,-28.171781697354977,2721.2090889767887
fisheries,schaefer,Simulated annealing,Annealing (T=1.959275),1,2220,546272fd-1817-4d29-a66b-93dc696e41f8,q,-28.171781697354977,0.0004823321616319144
fisheries,schaefer,Simulated annealing,Annealing (T=1.959275),1,2220,546272fd-1817-4d29-a66b-93dc696e41f8,r,-28.171781697354977,0.37900605510510227
fisheries,schaefer,Simulated annealing,Annealing (T=1.959275),1,2220,546272fd-1817-4d29-a66b-93dc696e41f8,sigma_v,-28.171781697354977,0.08683149242726647
fisheries,schaefer,Simulated annealing,Annealing (T=1.959275),1,2420,546272fd-1817-4d29-a66b-93dc696e41f8,K,-29.176565232947205,2715.4422173446455
fisheries,schaefer,Simulated annealing,Annealing (T=1.959275),1,2420,546272fd-1817-4d29-a66b-93dc696e41f8,q,-29.176565232947205,0.0004640679186390353
fisheries,schaefer,Simulated annealing,Annealing (T=1.959275),1,2420,546272fd-1817-4d29-a66b-93dc696e41f8,r,-29.176565232947205,0.3830285370839229
fisheries,schaefer,Simulated annealing,Annealing (T=1.959275),1,2420,546272fd-1817-4d29-a66b-93dc696e41f8,sigma_v,-29.176565232947205,0.09750537419165047
fisheries,schaefer,Simulated annealing,Annealing (T=1.959275),1,2620,546272fd-1817-4d29-a66b-93dc696e41f8,K,-23.787566237067164,2814.1354268116097
fisheries,schaefer,Simulated annealing,Annealing (T=1.959275),1,2620,546272fd-1817-4d29-a66b-93dc696e41f8,q,-23.787566237067164,0.00045769184826238035
fisheries,schaefer,Simulated annealing,Annealing (T=1.959275),1,2620,546272fd-1817-4d29-a66b-93dc696e41f8,r,-23.787566237067164,0.36054020923438573
fisheries,schaefer,Simulated annealing,Annealing (T=1.959275),1,2620,546272fd-1817-4d29-a66b-93dc696e41f8,sigma_v,-23.787566237067164,0.18478681473780526
fisheries,schaefer,Simulated annealing,Annealing (T=1.959275),1,2820,546272fd-1817-4d29-a66b-93dc696e41f8,K,-28.618106374326246,2968.33331293678
fisheries,schaefer,Simulated annealing,Annealing (T=1.959275),1,2820,546272fd-1817-4d29-a66b-93dc696e41f8,q,-28.618106374326246,0.0003959663872771954
fisheries,schaefer,Simulated annealing,Annealing (T=1.959275),1,2820,546272fd-1817-4d29-a66b-93dc696e41f8,r,-28.618106374326246,0.3426004216771755
fisheries,schaefer,Simulated annealing,Annealing (T=1.959275),1,2820,546272fd-1817-4d29-a66b-93dc696e41f8,sigma_v,-28.618106374326246,0.08435590026239197
fisheries,schaefer,Simulated annealing,Annealing (T=1.959275),1,3020,546272fd-1817-4d29-a66b-93dc696e41f8,K,-24.586651143472803,3034.0938015065194
fisheries,schaefer,Simulated annealing,Annealing (T=1.959275),1,3020,546272fd-1817-4d29-a66b-93dc696e41f8,q,-24.586651143472803,0.00040037946507570686
fisheries,schaefer,Simulated annealing,Annealing (T=1.959275),1,3020,546272fd-1817-4d29-a66b-93dc696e41f8,r,-24.586651143472803,0.33127824511002524
fisheries,schaefer,Simulated annealing,Annealing (T=1.959275),1,3020,546272fd-1817-4d29-a66b-93dc696e41f8,sigma_v,-24.586651143472803,0.17435490322289396
fisheries,schaefer,Simulated annealing,Annealing (T=1.959275),1,3220,546272fd-1817-4d29-a66b-93dc696e41f8,K,-27.641458704227077,2984.8363211991436
fisheries,schaefer,Simulated annealing,Annealing (T=1.959275),1,3220,546272fd-1817-4d29-a66b-93dc696e41f8,q,-27.641458704227077,0.0004360606102862356
fisheries,schaefer,Simulated annealing,Annealing (T=1.959275),1,3220,546272fd-1817-4d29-a66b-93dc696e41f8,r,-27.641458704227077,0.3276385985241025
fisheries,schaefer,Simulated annealing,Annealing (T=1.959275),1,3220,546272fd-1817-4d29-a66b-93dc696e41f8,sigma_v,-27.641458704227077,0.10072527918593664
fisheries,schaefer,Simulated annealing,Annealing (T=1.959275),1,3420,546272fd-1817-4d29-a66b-93dc696e41f8,K,-25.8033840899736,2987.923711405046
fisheries,schaefer,Simulated annealing,Annealing (T=1.959275),1,3420,546272fd-1817-4d29-a66b-93dc696e41f8,q,-25.8033840899736,0.0004125157250420764
fisheries,schaefer,Simulated annealing,Annealing (T=1.959275),1,3420,546272fd-1817-4d29-a66b-93dc696e41f8,r,-25.8033840899736,0.3282856153267883
fisheries,schaefer,Simulated annealing,Annealing (T=1.959275),1,3420,546272fd-1817-4d29-a66b-93dc696e41f8,sigma_v,-25.8033840899736,0.08728252020859728
fisheries,schaefer,Simulated annealing,Annealing (T=1.959275),1,3620,546272fd-1817-4d29-a66b-93dc696e41f8,K,-27.357098026158866,3013.623674975414
fisheries,schaefer,Simulated annealing,Annealing (T=1.959275),1,3620,546272fd-1817-4d29-a66b-93dc696e41f8,q,-27.357098026158866,0.00040822947086133557
fisheries,schaefer,Simulated annealing,Annealing (T=1.959275),1,3620,546272fd-1817-4d29-a66b-93dc696e41f8,r,-27.357098026158866,0.33368723898582664
fisheries,schaefer,Simulated annealing,Annealing (T=1.959275),1,3620,546272fd-1817-4d29-a66b-93dc696e41f8,sigma_v,-27.357098026158866,0.07993358037293503
fisheries,schaefer,Simulated annealing,Annealing (T=1.959275),1,3820,546272fd-1817-4d29-a66b-93dc696e41f8,K,-24.812251607931394,2948.4274798329
fisheries,schaefer,Simulated annealing,Annealing (T=1.959275),1,3820,546272fd-1817-4d29-a66b-93dc696e41f8,q,-24.812251607931394,0.00041462928506989165
fisheries,schaefer,Simulated annealing,Annealing (T=1.959275),1,3820,546272fd-1817-4d29-a66b-93dc696e41f8,r,-24.812251607931394,0.35046730815292826
fisheries,schaefer,Simulated annealing,Annealing (T=1.959275),1,3820,546272fd-1817-4d29-a66b-93dc696e41f8,sigma_v,-24.812251607931394,0.15426781695937536
fisheries,schaefer,Simulated annealing,Annealing (T=1.959275),1,4020,546272fd-1817-4d29-a66b-93dc696e41f8,K,-24.484313600073353,3000.37855062417
fisheries,schaefer,Simulated annealing,Annealing (T=1.959275),1,4020,546272fd-1817-4d29-a66b-93dc696e41f8,q,-24.484313600073353,0.00039628673237642766
fisheries,schaefer,Simulated annealing,Annealing (T=1.959275),1,4020,546272fd-1817-4d29-a66b-93dc696e41f8,r,-24.484313600073353,0.34338341655630406
fisheries,schaefer,Simulated annealing,Annealing (T=1.959275),1,4020,546272fd-1817-4d29-a66b-93dc696e41f8,sigma_v,-24.484313600073353,0.16625177180369635
fisheries,schaefer,Simulated annealing,Annealing (T=1.959275),1,4220,546272fd-1817-4d29-a66b-93dc696e41f8,K,-28.778349574953182,2978.2122009661925
fisheries,schaefer,Simulated annealing,Annealing (T=1.959275),1,4220,546272fd-1817-4d29-a66b-93dc696e41f8,q,-28.778349574953182,0.00039007313049667987
fisheries,schaefer,Simulated annealing,Annealing (T=1.959275),1,4220,546272fd-1817-4d29-a66b-93dc696e41f8,r,-28.778349574953182,0.3413840540226193
fisheries,schaefer,Simulated annealing,Annealing (T=1.959275),1,4220,546272fd-1817-4d29-a66b-93dc696e41f8,sigma_v,-28.778349574953182,0.11131283691511569
fisheries,schaefer,Simulated annealing,Annealing (T=1.959275),1,4420,546272fd-1817-4d29-a66b-93dc696e41f8,K,-28.95762922004334,2900.851582449217
fisheries,schaefer,Simulated annealing,Annealing (T=1.959275),1,4420,546272fd-1817-4d29-a66b-93dc696e41f8,q,-28.95762922004334,0.00041912829016334154
fisheries,schaefer,Simulated annealing,Annealing (T=1.959275),1,4420,546272fd-1817-4d29-a66b-93dc696e41f8,r,-28.95762922004334,0.34908957728477186
fisheries,schaefer,Simulated annealing,Annealing (T=1.959275),1,4420,546272fd-1817-4d29-a66b-93dc696e41f8,sigma_v,-28.95762922004334,0.11775232554447201
fisheries,schaefer,Simulated annealing,Annealing (T=1.959275),1,4620,546272fd-1817-4d29-a66b-93dc696e41f8,K,-26.13473765046622,2807.77576632766
fisheries,schaefer,Simulated annealing,Annealing (T=1.959275),1,4620,546272fd-1817-4d29-a66b-93dc696e41f8,q,-26.13473765046622,0.0004252386103186183
fisheries,schaefer,Simulated annealing,Annealing (T=1.959275),1,4620,546272fd-1817-4d29-a66b-93dc696e41f8,r,-26.13473765046622,0.3776862460441469
fisheries,schaefer,Simulated annealing,Annealing (T=1.959275),1,4620,546272fd-1817-4d29-a66b-93dc696e41f8,sigma_v,-26.13473765046622,0.10146322201091744
fisheries,schaefer,Simulated annealing,Annealing (T=1.959275),1,4820,546272fd-1817-4d29-a66b-93dc696e41f8,K,-20.811151310158408,2630.570465392812
fisheries,schaefer,Simulated annealing,Annealing (T=1.959275),1,4820,546272fd-1817-4d29-a66b-93dc696e41f8,q,-20.811151310158408,0.00047797029345786183
fisheries,schaefer,Simulated annealing,Annealing (T=1.959275),1,4820,546272fd-1817-4d29-a66b-93dc696e41f8,r,-20.811151310158408,0.3926491637779014
fisheries,schaefer,Simulated annealing,Annealing (T=1.959275),1,4820,546272fd-1817-4d29-a66b-93dc696e41f8,sigma_v,-20.811151310158408,0.13406471314270663
fisheries,schaefer,Simulated annealing,Annealing (T=1.870217),1,19,546272fd-1817-4d29-a66b-93dc696e41f8,K,-24.261844203546385,2929.631174218251
fisheries,schaefer,Simulated annealing,Annealing (T=1.870217),1,19,546272fd-1817-4d29-a66b-93dc696e41f8,q,-24.261844203546385,0.00043732413487242654
fisheries,schaefer,Simulated annealing,Annealing (T=1.870217),1,19,546272fd-1817-4d29-a66b-93dc696e41f8,r,-24.261844203546385,0.34342353277931187
fisheries,schaefer,Simulated annealing,Annealing (T=1.870217),1,19,546272fd-1817-4d29-a66b-93dc696e41f8,sigma_v,-24.261844203546385,0.17609536034794088
fisheries,schaefer,Simulated annealing,Annealing (T=1.870217),1,219,546272fd-1817-4d29-a66b-93dc696e41f8,K,-27.85100510786329,2799.2155419340406
fisheries,schaefer,Simulated annealing,Annealing (T=1.870217),1,219,546272fd-1817-4d29-a66b-93dc696e41f8,q,-27.85100510786329,0.0004295442692679903
fisheries,schaefer,Simulated annealing,Annealing (T=1.870217),1,219,546272fd-1817-4d29-a66b-93dc696e41f8,r,-27.85100510786329,0.3754158217766227
fisheries,schaefer,Simulated annealing,Annealing (T=1.870217),1,219,546272fd-1817-4d29-a66b-93dc696e41f8,sigma_v,-27.85100510786329,0.0954567402887494
fisheries,schaefer,Simulated annealing,Annealing (T=1.870217),1,419,546272fd-1817-4d29-a66b-93dc696e41f8,K,-25.244429034998976,2887.2055609000467
fisheries,schaefer,Simulated annealing,Annealing (T=1.870217),1,419,546272fd-1817-4d29-a66b-93dc696e41f8,q,-25.244429034998976,0.00044034886060255023
fisheries,schaefer,Simulated annealing,Annealing (T=1.870217),1,419,546272fd-1817-4d29-a66b-93dc696e41f8,r,-25.244429034998976,0.356354347423066
fisheries,schaefer,Simulated annealing,Annealing (T=1.870217),1,419,546272fd-1817-4d29-a66b-93dc696e41f8,sigma_v,-25.244429034998976,0.14656577190875428
fisheries,schaefer,Simulated annealing,Annealing (T=1.870217),1,619,546272fd-1817-4d29-a66b-93dc696e41f8,K,-11.916932536880951,2976.9431400681474
fisheries,schaefer,Simulated annealing,Annealing (T=1.870217),1,619,546272fd-1817-4d29-a66b-93dc696e41f8,q,-11.916932536880951,0.0002850411888465705
fisheries,schaefer,Simulated annealing,Annealing (T=1.870217),1,619,546272fd-1817-4d29-a66b-93dc696e41f8,r,-11.916932536880951,0.384401210160576
fisheries,schaefer,Simulated annealing,Annealing (T=1.870217),1,619,546272fd-1817-4d29-a66b-93dc696e41f8,sigma_v,-11.916932536880951,0.23803210316220036
fisheries,schaefer,Simulated annealing,Annealing (T=1.870217),1,819,546272fd-1817-4d29-a66b-93dc696e41f8,K,-26.58983103404575,2834.4416309449334
fisheries,schaefer,Simulated annealing,Annealing (T=1.870217),1,819,546272fd-1817-4d29-a66b-93dc696e41f8,q,-26.58983103404575,0.0004434006350689232
fisheries,schaefer,Simulated annealing,Annealing (T=1.870217),1,819,546272fd-1817-4d29-a66b-93dc696e41f8,r,-26.58983103404575,0.35884871366317367
fisheries,schaefer,Simulated annealing,Annealing (T=1.870217),1,819,546272fd-1817-4d29-a66b-93dc696e41f8,sigma_v,-26.58983103404575,0.1518427038760184
fisheries,schaefer,Simulated annealing,Annealing (T=1.870217),1,1019,546272fd-1817-4d29-a66b-93dc696e41f8,K,-25.51140160515619,2809.5286759999785
fisheries,schaefer,Simulated annealing,Annealing (T=1.870217),1,1019,546272fd-1817-4d29-a66b-93dc696e41f8,q,-25.51140160515619,0.0004875101857804197
fisheries,schaefer,Simulated annealing,Annealing (T=1.870217),1,1019,546272fd-1817-4d29-a66b-93dc696e41f8,r,-25.51140160515619,0.3588755654907571
fisheries,schaefer,Simulated annealing,Annealing (T=1.870217),1,1019,546272fd-1817-4d29-a66b-93dc696e41f8,sigma_v,-25.51140160515619,0.1456921228775464
fisheries,schaefer,Simulated annealing,Annealing (T=1.870217),1,1219,546272fd-1817-4d29-a66b-93dc696e41f8,K,-23.665339636094124,2907.893945611218
fisheries,schaefer,Simulated annealing,Annealing (T=1.870217),1,1219,546272fd-1817-4d29-a66b-93dc696e41f8,q,-23.665339636094124,0.00036807151963390343
fisheries,schaefer,Simulated annealing,Annealing (T=1.870217),1,1219,546272fd-1817-4d29-a66b-93dc696e41f8,r,-23.665339636094124,0.36003635586526855
fisheries,schaefer,Simulated annealing,Annealing (T=1.870217),1,1219,546272fd-1817-4d29-a66b-93dc696e41f8,sigma_v,-23.665339636094124,0.11950543413034741
fisheries,schaefer,Simulated annealing,Annealing (T=1.870217),1,1419,546272fd-1817-4d29-a66b-93dc696e41f8,K,-17.693282416798098,2941.5942072762155
fisheries,schaefer,Simulated annealing,Annealing (T=1.870217),1,1419,546272fd-1817-4d29-a66b-93dc696e41f8,q,-17.693282416798098,0.0004865103302267895
fisheries,schaefer,Simulated annealing,Annealing (T=1.870217),1,1419,546272fd-1817-4d29-a66b-93dc696e41f8,r,-17.693282416798098,0.325509021459813
fisheries,schaefer,Simulated annealing,Annealing (T=1.870217),1,1419,546272fd-1817-4d29-a66b-93dc696e41f8,sigma_v,-17.693282416798098,0.1023496446219324
fisheries,schaefer,Simulated annealing,Annealing (T=1.870217),1,1619,546272fd-1817-4d29-a66b-93dc696e41f8,K,-25.466266002344977,2810.6978584001567
fisheries,schaefer,Simulated annealing,Annealing (T=1.870217),1,1619,546272fd-1817-4d29-a66b-93dc696e41f8,q,-25.466266002344977,0.00048731136256454933
fisheries,schaefer,Simulated annealing,Annealing (T=1.870217),1,1619,546272fd-1817-4d29-a66b-93dc696e41f8,r,-25.466266002344977,0.3574451221302555
fisheries,schaefer,Simulated annealing,Annealing (T=1.870217),1,1619,546272fd-1817-4d29-a66b-93dc696e41f8,sigma_v,-25.466266002344977,0.08994600607192252
fisheries,schaefer,Simulated annealing,Annealing (T=1.870217),1,1819,546272fd-1817-4d29-a66b-93dc696e41f8,K,-28.641697028179927,2771.6952371842794
fisheries,schaefer,Simulated annealing,Annealing (T=1.870217),1,1819,546272fd-1817-4d29-a66b-93dc696e41f8,q,-28.641697028179927,0.00045192702612765215
fisheries,schaefer,Simulated annealing,Annealing (T=1.870217),1,1819,546272fd-1817-4d29-a66b-93dc696e41f8,r,-28.641697028179927,0.375499509052528
fisheries,schaefer,Simulated annealing,Annealing (T=1.870217),1,1819,546272fd-1817-4d29-a66b-93dc696e41f8,sigma_v,-28.641697028179927,0.11383491020685359
fisheries,schaefer,Simulated annealing,Annealing (T=1.870217),1,2019,546272fd-1817-4d29-a66b-93dc696e41f8,K,-28.12084828722236,2825.361569006629
fisheries,schaefer,Simulated annealing,Annealing (T=1.870217),1,2019,546272fd-1817-4d29-a66b-93dc696e41f8,q,-28.12084828722236,0.0004400814099411393
fisheries,schaefer,Simulated annealing,Annealing (T=1.870217),1,2019,546272fd-1817-4d29-a66b-93dc696e41f8,r,-28.12084828722236,0.36685211735954054
fisheries,schaefer,Simulated annealing,Annealing (T=1.870217),1,2019,546272fd-1817-4d29-a66b-93dc696e41f8,sigma_v,-28.12084828722236,0.1203798930396293
fisheries,schaefer,Simulated annealing,Annealing (T=1.870217),1,2219,546272fd-1817-4d29-a66b-93dc696e41f8,K,-21.520614235719236,2822.5270604547
fisheries,schaefer,Simulated annealing,Annealing (T=1.870217),1,2219,546272fd-1817-4d29-a66b-93dc696e41f8,q,-21.520614235719236,0.0004946074369814846
fisheries,schaefer,Simulated annealing,Annealing (T=1.870217),1,2219,546272fd-1817-4d29-a66b-93dc696e41f8,r,-21.520614235719236,0.3619912021446907
fisheries,schaefer,Simulated annealing,Annealing (T=1.870217),1,2219,546272fd-1817-4d29-a66b-93dc696e41f8,sigma_v,-21.520614235719236,0.1441782052624468
fisheries,schaefer,Simulated annealing,Annealing (T=1.870217),1,2419,546272fd-1817-4d29-a66b-93dc696e41f8,K,-26.83674236906399,2729.01699434963
fisheries,schaefer,Simulated annealing,Annealing (T=1.870217),1,2419,546272fd-1817-4d29-a66b-93dc696e41f8,q,-26.83674236906399,0.00047097837472413534
fisheries,schaefer,Simulated annealing,Annealing (T=1.870217),1,2419,546272fd-1817-4d29-a66b-93dc696e41f8,r,-26.83674236906399,0.37741082835424944
fisheries,schaefer,Simulated annealing,Annealing (T=1.870217),1,2419,546272fd-1817-4d29-a66b-93dc696e41f8,sigma_v,-26.83674236906399,0.1450286543411425
fisheries,schaefer,Simulated annealing,Annealing (T=1.870217),1,2619,546272fd-1817-4d29-a66b-93dc696e41f8,K,-29.0095901177371,2841.9079160820074
fisheries,schaefer,Simulated annealing,Annealing (T=1.870217),1,2619,546272fd-1817-4d29-a66b-93dc696e41f8,q,-29.0095901177371,0.000441421172487948
fisheries,schaefer,Simulated annealing,Annealing (T=1.870217),1,2619,546272fd-1817-4d29-a66b-93dc696e41f8,r,-29.0095901177371,0.35860653464014275
fisheries,schaefer,Simulated annealing,Annealing (T=1.870217),1,2619,546272fd-1817-4d29-a66b-93dc696e41f8,sigma_v,-29.0095901177371,0.11897364613380237
fisheries,schaefer,Simulated annealing,Annealing (T=1.870217),1,2819,546272fd-1817-4d29-a66b-93dc696e41f8,K,-24.43413783083728,2859.4550965278295
fisheries,schaefer,Simulated annealing,Annealing (T=1.870217),1,2819,546272fd-1817-4d29-a66b-93dc696e41f8,q,-24.43413783083728,0.0004288361717013192
fisheries,schaefer,Simulated annealing,Annealing (T=1.870217),1,2819,546272fd-1817-4d29-a66b-93dc696e41f8,r,-24.43413783083728,0.35982311981607107
fisheries,schaefer,Simulated annealing,Annealing (T=1.870217),1,2819,546272fd-1817-4d29-a66b-93dc696e41f8,sigma_v,-24.43413783083728,0.17762917992154226
fisheries,schaefer,Simulated annealing,Annealing (T=1.870217),1,3019,546272fd-1817-4d29-a66b-93dc696e41f8,K,-24.066142139492875,2916.4551489176642
fisheries,schaefer,Simulated annealing,Annealing (T=1.870217),1,3019,546272fd-1817-4d29-a66b-93dc696e41f8,q,-24.066142139492875,0.000467636978536694
fisheries,schaefer,Simulated annealing,Annealing (T=1.870217),1,3019,546272fd-1817-4d29-a66b-93dc696e41f8,r,-24.066142139492875,0.34273372842303
fisheries,schaefer,Simulated annealing,Annealing (T=1.870217),1,3019,546272fd-1817-4d29-a66b-93dc696e41f8,sigma_v,-24.066142139492875,0.14709397935755736
fisheries,schaefer,Simulated annealing,Annealing (T=1.870217),1,3219,546272fd-1817-4d29-a66b-93dc696e41f8,K,-29.1563427439093,3095.834972073935
fisheries,schaefer,Simulated annealing,Annealing (T=1.870217),1,3219,546272fd-1817-4d29-a66b-93dc696e41f8,q,-29.1563427439093,0.00038856931725863745
fisheries,schaefer,Simulated annealing,Annealing (T=1.870217),1,3219,546272fd-1817-4d29-a66b-93dc696e41f8,r,-29.1563427439093,0.32144489078645266
fisheries,schaefer,Simulated annealing,Annealing (T=1.870217),1,3219,546272fd-1817-4d29-a66b-93dc696e41f8,sigma_v,-29.1563427439093,0.09573512786761003
fisheries,schaefer,Simulated annealing,Annealing (T=1.870217),1,3419,546272fd-1817-4d29-a66b-93dc696e41f8,K,-25.704413130912624,2942.400514434863
fisheries,schaefer,Simulated annealing,Annealing (T=1.870217),1,3419,546272fd-1817-4d29-a66b-93dc696e41f8,q,-25.704413130912624,0.0004298579301461266
fisheries,schaefer,Simulated annealing,Annealing (T=1.870217),1,3419,546272fd-1817-4d29-a66b-93dc696e41f8,r,-25.704413130912624,0.34630786258070484
fisheries,schaefer,Simulated annealing,Annealing (T=1.870217),1,3419,546272fd-1817-4d29-a66b-93dc696e41f8,sigma_v,-25.704413130912624,0.14361422611247746
fisheries,schaefer,Simulated annealing,Annealing (T=1.870217),1,3619,546272fd-1817-4d29-a66b-93dc696e41f8,K,-29.62114110943472,2886.596214042988
fisheries,schaefer,Simulated annealing,Annealing (T=1.870217),1,3619,546272fd-1817-4d29-a66b-93dc696e41f8,q,-29.62114110943472,0.00042121756915213746
fisheries,schaefer,Simulated annealing,Annealing (T=1.870217),1,3619,546272fd-1817-4d29-a66b-93dc696e41f8,r,-29.62114110943472,0.3522742329387495
fisheries,schaefer,Simulated annealing,Annealing (T=1.870217),1,3619,546272fd-1817-4d29-a66b-93dc696e41f8,sigma_v,-29.62114110943472,0.09715085615749527
fisheries,schaefer,Simulated annealing,Annealing (T=1.870217),1,3819,546272fd-1817-4d29-a66b-93dc696e41f8,K,-27.479509983403997,2868.4575569609606
fisheries,schaefer,Simulated annealing,Annealing (T=1.870217),1,3819,546272fd-1817-4d29-a66b-93dc696e41f8,q,-27.479509983403997,0.0004002780959674736
fisheries,schaefer,Simulated annealing,Annealing (T=1.870217),1,3819,546272fd-1817-4d29-a66b-93dc696e41f8,r,-27.479509983403997,0.36383317974760293
fisheries,schaefer,Simulated annealing,Annealing (T=1.870217),1,3819,546272fd-1817-4d29-a66b-93dc696e41f8,sigma_v,-27.479509983403997,0.12415513393286395
fisheries,schaefer,Simulated annealing,Annealing (T=1.870217),1,4019,546272fd-1817-4d29-a66b-93dc696e41f8,K,-27.982104201808024,2871.408824906071
fisheries,schaefer,Simulated annealing,Annealing (T=1.870217),1,4019,546272fd-1817-4d29-a66b-93dc696e41f8,q,-27.982104201808024,0.00040750669998517374
fisheries,schaefer,Simulated annealing,Annealing (T=1.870217),1,4019,546272fd-1817-4d29-a66b-93dc696e41f8,r,-27.982104201808024,0.3637831120782213
fisheries,schaefer,Simulated annealing,Annealing (T=1.870217),1,4019,546272fd-1817-4d29-a66b-93dc696e41f8,sigma_v,-27.982104201808024,0.11716628766591596
fisheries,schaefer,Simulated annealing,Annealing (T=1.870217),1,4219,546272fd-1817-4d29-a66b-93dc696e41f8,K,-28.493918191059375,2973.45685346335
fisheries,schaefer,Simulated annealing,Annealing (T=1.870217),1,4219,546272fd-1817-4d29-a66b-93dc696e41f8,q,-28.493918191059375,0.00041940462327044595
fisheries,schaefer,Simulated annealing,Annealing (T=1.870217),1,4219,546272fd-1817-4d29-a66b-93dc696e41f8,r,-28.493918191059375,0.3395028915861948
fisheries,schaefer,Simulated annealing,Annealing (T=1.870217),1,4219,546272fd-1817-4d29-a66b-93dc696e41f8,sigma_v,-28.493918191059375,0.09759992215910246
fisheries,schaefer,Simulated annealing,Annealing (T=1.870217),1,4419,546272fd-1817-4d29-a66b-93dc696e41f8,K,-27.20084204787618,2891.9264905383166
fisheries,schaefer,Simulated annealing,Annealing (T=1.870217),1,4419,546272fd-1817-4d29-a66b-93dc696e41f8,q,-27.20084204787618,0.00044177897787691983
fisheries,schaefer,Simulated annealing,Annealing (T=1.870217),1,4419,546272fd-1817-4d29-a66b-93dc696e41f8,r,-27.20084204787618,0.3512559804218904
fisheries,schaefer,Simulated annealing,Annealing (T=1.870217),1,4419,546272fd-1817-4d29-a66b-93dc696e41f8,sigma_v,-27.20084204787618,0.1353030164034266
fisheries,schaefer,Simulated annealing,Annealing (T=1.870217),1,4619,546272fd-1817-4d29-a66b-93dc696e41f8,K,-26.29397583515585,2901.846218731869
fisheries,schaefer,Simulated annealing,Annealing (T=1.870217),1,4619,546272fd-1817-4d29-a66b-93dc696e41f8,q,-26.29397583515585,0.0004454117067248672
fisheries,schaefer,Simulated annealing,Annealing (T=1.870217),1,4619,546272fd-1817-4d29-a66b-93dc696e41f8,r,-26.29397583515585,0.35103599670946395
fisheries,schaefer,Simulated annealing,Annealing (T=1.870217),1,4619,546272fd-1817-4d29-a66b-93dc696e41f8,sigma_v,-26.29397583515585,0.10438731381206588
fisheries,schaefer,Simulated annealing,Annealing (T=1.870217),1,4819,546272fd-1817-4d29-a66b-93dc696e41f8,K,-28.33624375772058,2861.8019211660276
fisheries,schaefer,Simulated annealing,Annealing (T=1.870217),1,4819,546272fd-1817-4d29-a66b-93dc696e41f8,q,-28.33624375772058,0.00040992809388137175
fisheries,schaefer,Simulated annealing,Annealing (T=1.870217),1,4819,546272fd-1817-4d29-a66b-93dc696e41f8,r,-28.33624375772058,0.36484880284433585
fisheries,schaefer,Simulated annealing,Annealing (T=1.870217),1,4819,546272fd-1817-4d29-a66b-93dc696e41f8,sigma_v,-28.33624375772058,0.10602697424110447
fisheries,schaefer,Simulated annealing,Annealing (T=1.788903),1,18,546272fd-1817-4d29-a66b-93dc696e41f8,K,-24.74074831426053,2909.321931775533
fisheries,schaefer,Simulated annealing,Annealing (T=1.788903),1,18,546272fd-1817-4d29-a66b-93dc696e41f8,q,-24.74074831426053,0.00041456800028333356
fisheries,schaefer,Simulated annealing,Annealing (T=1.788903),1,18,546272fd-1817-4d29-a66b-93dc696e41f8,r,-24.74074831426053,0.3476076446014082
fisheries,schaefer,Simulated annealing,Annealing (T=1.788903),1,18,546272fd-1817-4d29-a66b-93dc696e41f8,sigma_v,-24.74074831426053,0.1731509767760044
fisheries,schaefer,Simulated annealing,Annealing (T=1.788903),1,218,546272fd-1817-4d29-a66b-93dc696e41f8,K,-27.670786116150442,2907.203763154026
fisheries,schaefer,Simulated annealing,Annealing (T=1.788903),1,218,546272fd-1817-4d29-a66b-93dc696e41f8,q,-27.670786116150442,0.00042668699378867485
fisheries,schaefer,Simulated annealing,Annealing (T=1.788903),1,218,546272fd-1817-4d29-a66b-93dc696e41f8,r,-27.670786116150442,0.343310311275695
fisheries,schaefer,Simulated annealing,Annealing (T=1.788903),1,218,546272fd-1817-4d29-a66b-93dc696e41f8,sigma_v,-27.670786116150442,0.08915004432770152
fisheries,schaefer,Simulated annealing,Annealing (T=1.788903),1,418,546272fd-1817-4d29-a66b-93dc696e41f8,K,-28.862586580936572,2802.001823053728
fisheries,schaefer,Simulated annealing,Annealing (T=1.788903),1,418,546272fd-1817-4d29-a66b-93dc696e41f8,q,-28.862586580936572,0.0004461247715694359
fisheries,schaefer,Simulated annealing,Annealing (T=1.788903),1,418,546272fd-1817-4d29-a66b-93dc696e41f8,r,-28.862586580936572,0.3651630816062208
fisheries,schaefer,Simulated annealing,Annealing (T=1.788903),1,418,546272fd-1817-4d29-a66b-93dc696e41f8,sigma_v,-28.862586580936572,0.08502365496690004
fisheries,schaefer,Simulated annealing,Annealing (T=1.788903),1,618,546272fd-1817-4d29-a66b-93dc696e41f8,K,-26.093941424302013,2794.4751364656636
fisheries,schaefer,Simulated annealing,Annealing (T=1.788903),1,618,546272fd-1817-4d29-a66b-93dc696e41f8,q,-26.093941424302013,0.00040859915942504033
fisheries,schaefer,Simulated annealing,Annealing (T=1.788903),1,618,546272fd-1817-4d29-a66b-93dc696e41f8,r,-26.093941424302013,0.3754225257942752
fisheries,schaefer,Simulated annealing,Annealing (T=1.788903),1,618,546272fd-1817-4d29-a66b-93dc696e41f8,sigma_v,-26.093941424302013,0.13595301014096028
fisheries,schaefer,Simulated annealing,Annealing (T=1.788903),1,818,546272fd-1817-4d29-a66b-93dc696e41f8,K,-27.94448395774849,2845.6949336184416
fisheries,schaefer,Simulated annealing,Annealing (T=1.788903),1,818,546272fd-1817-4d29-a66b-93dc696e41f8,q,-27.94448395774849,0.00045067093524063783
fisheries,schaefer,Simulated annealing,Annealing (T=1.788903),1,818,546272fd-1817-4d29-a66b-93dc696e41f8,r,-27.94448395774849,0.3526357379802879
fisheries,schaefer,Simulated annealing,Annealing (T=1.788903),1,818,546272fd-1817-4d29-a66b-93dc696e41f8,sigma_v,-27.94448395774849,0.09196380353074732
fisheries,schaefer,Simulated annealing,Annealing (T=1.788903),1,1018,546272fd-1817-4d29-a66b-93dc696e41f8,K,-23.16419736146291,2914.775282005574
fisheries,schaefer,Simulated annealing,Annealing (T=1.788903),1,1018,546272fd-1817-4d29-a66b-93dc696e41f8,q,-23.16419736146291,0.00046065233934969714
fisheries,schaefer,Simulated annealing,Annealing (T=1.788903),1,1018,546272fd-1817-4d29-a66b-93dc696e41f8,r,-23.16419736146291,0.3421462920500084
fisheries,schaefer,Simulated annealing,Annealing (T=1.788903),1,1018,546272fd-1817-4d29-a66b-93dc696e41f8,sigma_v,-23.16419736146291,0.18067380038955488
fisheries,schaefer,Simulated annealing,Annealing (T=1.788903),1,1218,546272fd-1817-4d29-a66b-93dc696e41f8,K,-24.979235127794368,2933.4632986829843
fisheries,schaefer,Simulated annealing,Annealing (T=1.788903),1,1218,546272fd-1817-4d29-a66b-93dc696e41f8,q,-24.979235127794368,0.00042844219839800036
fisheries,schaefer,Simulated annealing,Annealing (T=1.788903),1,1218,546272fd-1817-4d29-a66b-93dc696e41f8,r,-24.979235127794368,0.34312801037239876
fisheries,schaefer,Simulated annealing,Annealing (T=1.788903),1,1218,546272fd-1817-4d29-a66b-93dc696e41f8,sigma_v,-24.979235127794368,0.17098042985570222
fisheries,schaefer,Simulated annealing,Annealing (T=1.788903),1,1418,546272fd-1817-4d29-a66b-93dc696e41f8,K,-26.580245808575818,2891.346608314323
fisheries,schaefer,Simulated annealing,Annealing (T=1.788903),1,1418,546272fd-1817-4d29-a66b-93dc696e41f8,q,-26.580245808575818,0.000387698977697505
fisheries,schaefer,Simulated annealing,Annealing (T=1.788903),1,1418,546272fd-1817-4d29-a66b-93dc696e41f8,r,-26.580245808575818,0.3651606647085431
fisheries,schaefer,Simulated annealing,Annealing (T=1.788903),1,1418,546272fd-1817-4d29-a66b-93dc696e41f8,sigma_v,-26.580245808575818,0.10661687180915488
fisheries,schaefer,Simulated annealing,Annealing (T=1.788903),1,1618,546272fd-1817-4d29-a66b-93dc696e41f8,K,-27.89979911263876,2902.46766769981
fisheries,schaefer,Simulated annealing,Annealing (T=1.788903),1,1618,546272fd-1817-4d29-a66b-93dc696e41f8,q,-27.89979911263876,0.00043064256465208135
fisheries,schaefer,Simulated annealing,Annealing (T=1.788903),1,1618,546272fd-1817-4d29-a66b-93dc696e41f8,r,-27.89979911263876,0.34354894569710903
fisheries,schaefer,Simulated annealing,Annealing (T=1.788903),1,1618,546272fd-1817-4d29-a66b-93dc696e41f8,sigma_v,-27.89979911263876,0.12040279961287487
fisheries,schaefer,Simulated annealing,Annealing (T=1.788903),1,1818,546272fd-1817-4d29-a66b-93dc696e41f8,K,-27.55819399870898,2991.332320350774
fisheries,schaefer,Simulated annealing,Annealing (T=1.788903),1,1818,546272fd-1817-4d29-a66b-93dc696e41f8,q,-27.55819399870898,0.0004162456308111179
fisheries,schaefer,Simulated annealing,Annealing (T=1.788903),1,1818,546272fd-1817-4d29-a66b-93dc696e41f8,r,-27.55819399870898,0.3328564075133658
fisheries,schaefer,Simulated annealing,Annealing (T=1.788903),1,1818,546272fd-1817-4d29-a66b-93dc696e41f8,sigma_v,-27.55819399870898,0.13890889191582145
fisheries,schaefer,Simulated annealing,Annealing (T=1.788903),1,2018,546272fd-1817-4d29-a66b-93dc696e41f8,K,-22.365051225887534,3046.806702996755
fisheries,schaefer,Simulated annealing,Annealing (T=1.788903),1,2018,546272fd-1817-4d29-a66b-93dc696e41f8,q,-22.365051225887534,0.00045492004805703745
fisheries,schaefer,Simulated annealing,Annealing (T=1.788903),1,2018,546272fd-1817-4d29-a66b-93dc696e41f8,r,-22.365051225887534,0.3187737412502901
fisheries,schaefer,Simulated annealing,Annealing (T=1.788903),1,2018,546272fd-1817-4d29-a66b-93dc696e41f8,sigma_v,-22.365051225887534,0.15313340722953434
fisheries,schaefer,Simulated annealing,Annealing (T=1.788903),1,2218,546272fd-1817-4d29-a66b-93dc696e41f8,K,-27.725146484713658,2834.779796177
fisheries,schaefer,Simulated annealing,Annealing (T=1.788903),1,2218,546272fd-1817-4d29-a66b-93dc696e41f8,q,-27.725146484713658,0.0004592289608299082
fisheries,schaefer,Simulated annealing,Annealing (T=1.788903),1,2218,546272fd-1817-4d29-a66b-93dc696e41f8,r,-27.725146484713658,0.3592607724344394
fisheries,schaefer,Simulated annealing,Annealing (T=1.788903),1,2218,546272fd-1817-4d29-a66b-93dc696e41f8,sigma_v,-27.725146484713658,0.12667861466199198
fisheries,schaefer,Simulated annealing,Annealing (T=1.788903),1,2418,546272fd-1817-4d29-a66b-93dc696e41f8,K,-29.297068961935853,2791.6920436989863
fisheries,schaefer,Simulated annealing,Annealing (T=1.788903),1,2418,546272fd-1817-4d29-a66b-93dc696e41f8,q,-29.297068961935853,0.00044501876655718664
fisheries,schaefer,Simulated annealing,Annealing (T=1.788903),1,2418,546272fd-1817-4d29-a66b-93dc696e41f8,r,-29.297068961935853,0.3687788128675493
fisheries,schaefer,Simulated annealing,Annealing (T=1.788903),1,2418,546272fd-1817-4d29-a66b-93dc696e41f8,sigma_v,-29.297068961935853,0.11075760837628355
fisheries,schaefer,Simulated annealing,Annealing (T=1.788903),1,2618,546272fd-1817-4d29-a66b-93dc696e41f8,K,-22.942116212818895,2738.408090229335
fisheries,schaefer,Simulated annealing,Annealing (T=1.788903),1,2618,546272fd-1817-4d29-a66b-93dc696e41f8,q,-22.942116212818895,0.0004601239092404484
fisheries,schaefer,Simulated annealing,Annealing (T=1.788903),1,2618,546272fd-1817-4d29-a66b-93dc696e41f8,r,-22.942116212818895,0.381441678945342
fisheries,schaefer,Simulated annealing,Annealing (T=1.788903),1,2618,546272fd-1817-4d29-a66b-93dc696e41f8,sigma_v,-22.942116212818895,0.19420099488676182
fisheries,schaefer,Simulated annealing,Annealing (T=1.788903),1,2818,546272fd-1817-4d29-a66b-93dc696e41f8,K,-28.467917200982303,2717.7911703329846
fisheries,schaefer,Simulated annealing,Annealing (T=1.788903),1,2818,546272fd-1817-4d29-a66b-93dc696e41f8,q,-28.467917200982303,0.0004509035505599567
fisheries,schaefer,Simulated annealing,Annealing (T=1.788903),1,2818,546272fd-1817-4d29-a66b-93dc696e41f8,r,-28.467917200982303,0.38573946393406733
fisheries,schaefer,Simulated annealing,Annealing (T=1.788903),1,2818,546272fd-1817-4d29-a66b-93dc696e41f8,sigma_v,-28.467917200982303,0.1179809395320027
fisheries,schaefer,Simulated annealing,Annealing (T=1.788903),1,3018,546272fd-1817-4d29-a66b-93dc696e41f8,K,-28.111580112880695,2833.1721371669746
fisheries,schaefer,Simulated annealing,Annealing (T=1.788903),1,3018,546272fd-1817-4d29-a66b-93dc696e41f8,q,-28.111580112880695,0.00042706242455983805
fisheries,schaefer,Simulated annealing,Annealing (T=1.788903),1,3018,546272fd-1817-4d29-a66b-93dc696e41f8,r,-28.111580112880695,0.36870648852064414
fisheries,schaefer,Simulated annealing,Annealing (T=1.788903),1,3018,546272fd-1817-4d29-a66b-93dc696e41f8,sigma_v,-28.111580112880695,0.1114860173425894
fisheries,schaefer,Simulated annealing,Annealing (T=1.788903),1,3218,546272fd-1817-4d29-a66b-93dc696e41f8,K,-29.44569642761239,2891.004886607296
fisheries,schaefer,Simulated annealing,Annealing (T=1.788903),1,3218,546272fd-1817-4d29-a66b-93dc696e41f8,q,-29.44569642761239,0.0004222927275698251
fisheries,schaefer,Simulated annealing,Annealing (T=1.788903),1,3218,546272fd-1817-4d29-a66b-93dc696e41f8,r,-29.44569642761239,0.3517212375870863
fisheries,schaefer,Simulated annealing,Annealing (T=1.788903),1,3218,546272fd-1817-4d29-a66b-93dc696e41f8,sigma_v,-29.44569642761239,0.08716068504750335
fisheries,schaefer,Simulated annealing,Annealing (T=1.788903),1,3418,546272fd-1817-4d29-a66b-93dc696e41f8,K,-21.874145582274203,2920.3918930079158
fisheries,schaefer,Simulated annealing,Annealing (T=1.788903),1,3418,546272fd-1817-4d29-a66b-93dc696e41f8,q,-21.874145582274203,0.0004546083086172236
fisheries,schaefer,Simulated annealing,Annealing (T=1.788903),1,3418,546272fd-1817-4d29-a66b-93dc696e41f8,r,-21.874145582274203,0.33342105898423285
fisheries,schaefer,Simulated annealing,Annealing (T=1.788903),1,3418,546272fd-1817-4d29-a66b-93dc696e41f8,sigma_v,-21.874145582274203,0.08971938980113699
fisheries,schaefer,Simulated annealing,Annealing (T=1.788903),1,3618,546272fd-1817-4d29-a66b-93dc696e41f8,K,-25.492212420246865,3163.2276095199677
fisheries,schaefer,Simulated annealing,Annealing (T=1.788903),1,3618,546272fd-1817-4d29-a66b-93dc696e41f8,q,-25.492212420246865,0.00035970680780590854
fisheries,schaefer,Simulated annealing,Annealing (T=1.788903),1,3618,546272fd-1817-4d29-a66b-93dc696e41f8,r,-25.492212420246865,0.3248863623165963
fisheries,schaefer,Simulated annealing,Annealing (T=1.788903),1,3618,546272fd-1817-4d29-a66b-93dc696e41f8,sigma_v,-25.492212420246865,0.1399723223418984
fisheries,schaefer,Simulated annealing,Annealing (T=1.788903),1,3818,546272fd-1817-4d29-a66b-93dc696e41f8,K,-24.664969734667224,3072.6815596697948
fisheries,schaefer,Simulated annealing,Annealing (T=1.788903),1,3818,546272fd-1817-4d29-a66b-93dc696e41f8,q,-24.664969734667224,0.0004036046584311968
fisheries,schaefer,Simulated annealing,Annealing (T=1.788903),1,3818,546272fd-1817-4d29-a66b-93dc696e41f8,r,-24.664969734667224,0.32654415376992346
fisheries,schaefer,Simulated annealing,Annealing (T=1.788903),1,3818,546272fd-1817-4d29-a66b-93dc696e41f8,sigma_v,-24.664969734667224,0.08418074271939466
fisheries,schaefer,Simulated annealing,Annealing (T=1.788903),1,4018,546272fd-1817-4d29-a66b-93dc696e41f8,K,-21.857295677769805,3130.9040799321597
fisheries,schaefer,Simulated annealing,Annealing (T=1.788903),1,4018,546272fd-1817-4d29-a66b-93dc696e41f8,q,-21.857295677769805,0.0003853954061706897
fisheries,schaefer,Simulated annealing,Annealing (T=1.788903),1,4018,546272fd-1817-4d29-a66b-93dc696e41f8,r,-21.857295677769805,0.3250506738712033
fisheries,schaefer,Simulated annealing,Annealing (T=1.788903),1,4018,546272fd-1817-4d29-a66b-93dc696e41f8,sigma_v,-21.857295677769805,0.18828848572380305
fisheries,schaefer,Simulated annealing,Annealing (T=1.788903),1,4218,546272fd-1817-4d29-a66b-93dc696e41f8,K,-28.442299748662563,2917.783481389836
fisheries,schaefer,Simulated annealing,Annealing (T=1.788903),1,4218,546272fd-1817-4d29-a66b-93dc696e41f8,q,-28.442299748662563,0.0004337937384704714
fisheries,schaefer,Simulated annealing,Annealing (T=1.788903),1,4218,546272fd-1817-4d29-a66b-93dc696e41f8,r,-28.442299748662563,0.345210450733244
fisheries,schaefer,Simulated annealing,Annealing (T=1.788903),1,4218,546272fd-1817-4d29-a66b-93dc696e41f8,sigma_v,-28.442299748662563,0.08240141953397552
fisheries,schaefer,Simulated annealing,Annealing (T=1.788903),1,4418,546272fd-1817-4d29-a66b-93dc696e41f8,K,-23.4281016748001,2724.12652916202
fisheries,schaefer,Simulated annealing,Annealing (T=1.788903),1,4418,546272fd-1817-4d29-a66b-93dc696e41f8,q,-23.4281016748001,0.0004554971589593757
fisheries,schaefer,Simulated annealing,Annealing (T=1.788903),1,4418,546272fd-1817-4d29-a66b-93dc696e41f8,r,-23.4281016748001,0.38238749816249556
fisheries,schaefer,Simulated annealing,Annealing (T=1.788903),1,4418,546272fd-1817-4d29-a66b-93dc696e41f8,sigma_v,-23.4281016748001,0.18902817480768352
fisheries,schaefer,Simulated annealing,Annealing (T=1.788903),1,4618,546272fd-1817-4d29-a66b-93dc696e41f8,K,-27.233417848223553,2772.0871793262295
fisheries,schaefer,Simulated annealing,Annealing (T=1.788903),1,4618,546272fd-1817-4d29-a66b-93dc696e41f8,q,-27.233417848223553,0.00045115956916025313
fisheries,schaefer,Simulated annealing,Annealing (T=1.788903),1,4618,546272fd-1817-4d29-a66b-93dc696e41f8,r,-27.233417848223553,0.37076840973901887
fisheries,schaefer,Simulated annealing,Annealing (T=1.788903),1,4618,546272fd-1817-4d29-a66b-93dc696e41f8,sigma_v,-27.233417848223553,0.14139554013264907
fisheries,schaefer,Simulated annealing,Annealing (T=1.788903),1,4818,546272fd-1817-4d29-a66b-93dc696e41f8,K,-14.592181949696789,2655.2149457183364
fisheries,schaefer,Simulated annealing,Annealing (T=1.788903),1,4818,546272fd-1817-4d29-a66b-93dc696e41f8,q,-14.592181949696789,0.0005979164782370884
fisheries,schaefer,Simulated annealing,Annealing (T=1.788903),1,4818,546272fd-1817-4d29-a66b-93dc696e41f8,r,-14.592181949696789,0.3877779390970741
fisheries,schaefer,Simulated annealing,Annealing (T=1.788903),1,4818,546272fd-1817-4d29-a66b-93dc696e41f8,sigma_v,-14.592181949696789,0.250607202668484
fisheries,schaefer,Simulated annealing,Annealing (T=1.714366),1,17,546272fd-1817-4d29-a66b-93dc696e41f8,K,-26.755659499866862,2941.0550725094463
fisheries,schaefer,Simulated annealing,Annealing (T=1.714366),1,17,546272fd-1817-4d29-a66b-93dc696e41f8,q,-26.755659499866862,0.00040385661627498034
fisheries,schaefer,Simulated annealing,Annealing (T=1.714366),1,17,546272fd-1817-4d29-a66b-93dc696e41f8,r,-26.755659499866862,0.340013025997817
fisheries,schaefer,Simulated annealing,Annealing (T=1.714366),1,17,546272fd-1817-4d29-a66b-93dc696e41f8,sigma_v,-26.755659499866862,0.12850658584773486
fisheries,schaefer,Simulated annealing,Annealing (T=1.714366),1,217,546272fd-1817-4d29-a66b-93dc696e41f8,K,-28.849378027887244,3064.065644790357
fisheries,schaefer,Simulated annealing,Annealing (T=1.714366),1,217,546272fd-1817-4d29-a66b-93dc696e41f8,q,-28.849378027887244,0.00039189020701362737
fisheries,schaefer,Simulated annealing,Annealing (T=1.714366),1,217,546272fd-1817-4d29-a66b-93dc696e41f8,r,-28.849378027887244,0.32521506965361147
fisheries,schaefer,Simulated annealing,Annealing (T=1.714366),1,217,546272fd-1817-4d29-a66b-93dc696e41f8,sigma_v,-28.849378027887244,0.08328201461619336
fisheries,schaefer,Simulated annealing,Annealing (T=1.714366),1,417,546272fd-1817-4d29-a66b-93dc696e41f8,K,-23.172743425169106,3112.0139098274517
fisheries,schaefer,Simulated annealing,Annealing (T=1.714366),1,417,546272fd-1817-4d29-a66b-93dc696e41f8,q,-23.172743425169106,0.00034296156180171363
fisheries,schaefer,Simulated annealing,Annealing (T=1.714366),1,417,546272fd-1817-4d29-a66b-93dc696e41f8,r,-23.172743425169106,0.3220077761797888
fisheries,schaefer,Simulated annealing,Annealing (T=1.714366),1,417,546272fd-1817-4d29-a66b-93dc696e41f8,sigma_v,-23.172743425169106,0.13622983313409154
fisheries,schaefer,Simulated annealing,Annealing (T=1.714366),1,617,546272fd-1817-4d29-a66b-93dc696e41f8,K,-26.624723617072625,3211.3012678068835
fisheries,schaefer,Simulated annealing,Annealing (T=1.714366),1,617,546272fd-1817-4d29-a66b-93dc696e41f8,q,-26.624723617072625,0.00033673495266994623
fisheries,schaefer,Simulated annealing,Annealing (T=1.714366),1,617,546272fd-1817-4d29-a66b-93dc696e41f8,r,-26.624723617072625,0.31787138412962435
fisheries,schaefer,Simulated annealing,Annealing (T=1.714366),1,617,546272fd-1817-4d29-a66b-93dc696e41f8,sigma_v,-26.624723617072625,0.11578025840908662
fisheries,schaefer,Simulated annealing,Annealing (T=1.714366),1,817,546272fd-1817-4d29-a66b-93dc696e41f8,K,-23.579728909792166,3325.7918285649216
fisheries,schaefer,Simulated annealing,Annealing (T=1.714366),1,817,546272fd-1817-4d29-a66b-93dc696e41f8,q,-23.579728909792166,0.0003446455881038804
fisheries,schaefer,Simulated annealing,Annealing (T=1.714366),1,817,546272fd-1817-4d29-a66b-93dc696e41f8,r,-23.579728909792166,0.2890585823564921
fisheries,schaefer,Simulated annealing,Annealing (T=1.714366),1,817,546272fd-1817-4d29-a66b-93dc696e41f8,sigma_v,-23.579728909792166,0.18261006020335555
fisheries,schaefer,Simulated annealing,Annealing (T=1.714366),1,1017,546272fd-1817-4d29-a66b-93dc696e41f8,K,-27.54387074712187,3274.7673289837076
fisheries,schaefer,Simulated annealing,Annealing (T=1.714366),1,1017,546272fd-1817-4d29-a66b-93dc696e41f8,q,-27.54387074712187,0.00035979439351994084
fisheries,schaefer,Simulated annealing,Annealing (T=1.714366),1,1017,546272fd-1817-4d29-a66b-93dc696e41f8,r,-27.54387074712187,0.29259464945703995
fisheries,schaefer,Simulated annealing,Annealing (T=1.714366),1,1017,546272fd-1817-4d29-a66b-93dc696e41f8,sigma_v,-27.54387074712187,0.12751453398536572
fisheries,schaefer,Simulated annealing,Annealing (T=1.714366),1,1217,546272fd-1817-4d29-a66b-93dc696e41f8,K,-24.861503291267965,3137.251688467757
fisheries,schaefer,Simulated annealing,Annealing (T=1.714366),1,1217,546272fd-1817-4d29-a66b-93dc696e41f8,q,-24.861503291267965,0.000420792939902257
fisheries,schaefer,Simulated annealing,Annealing (T=1.714366),1,1217,546272fd-1817-4d29-a66b-93dc696e41f8,r,-24.861503291267965,0.30398839455313464
fisheries,schaefer,Simulated annealing,Annealing (T=1.714366),1,1217,546272fd-1817-4d29-a66b-93dc696e41f8,sigma_v,-24.861503291267965,0.09741421743243538
fisheries,schaefer,Simulated annealing,Annealing (T=1.714366),1,1417,546272fd-1817-4d29-a66b-93dc696e41f8,K,-28.12378824833208,3270.410734531035
fisheries,schaefer,Simulated annealing,Annealing (T=1.714366),1,1417,546272fd-1817-4d29-a66b-93dc696e41f8,q,-28.12378824833208,0.00035801036245552693
fisheries,schaefer,Simulated annealing,Annealing (T=1.714366),1,1417,546272fd-1817-4d29-a66b-93dc696e41f8,r,-28.12378824833208,0.2936103284506631
fisheries,schaefer,Simulated annealing,Annealing (T=1.714366),1,1417,546272fd-1817-4d29-a66b-93dc696e41f8,sigma_v,-28.12378824833208,0.09947857709482245
fisheries,schaefer,Simulated annealing,Annealing (T=1.714366),1,1617,546272fd-1817-4d29-a66b-93dc696e41f8,K,-24.44398691835805,3437.367292092138
fisheries,schaefer,Simulated annealing,Annealing (T=1.714366),1,1617,546272fd-1817-4d29-a66b-93dc696e41f8,q,-24.44398691835805,0.0003220932809270373
fisheries,schaefer,Simulated annealing,Annealing (T=1.714366),1,1617,546272fd-1817-4d29-a66b-93dc696e41f8,r,-24.44398691835805,0.27290521755026953
fisheries,schaefer,Simulated annealing,Annealing (T=1.714366),1,1617,546272fd-1817-4d29-a66b-93dc696e41f8,sigma_v,-24.44398691835805,0.11183522939269536
fisheries,schaefer,Simulated annealing,Annealing (T=1.714366),1,1817,546272fd-1817-4d29-a66b-93dc696e41f8,K,-24.928353389489683,3377.445145515076
fisheries,schaefer,Simulated annealing,Annealing (T=1.714366),1,1817,546272fd-1817-4d29-a66b-93dc696e41f8,q,-24.928353389489683,0.00034264848249604624
fisheries,schaefer,Simulated annealing,Annealing (T=1.714366),1,1817,546272fd-1817-4d29-a66b-93dc696e41f8,r,-24.928353389489683,0.2891395649610937
fisheries,schaefer,Simulated annealing,Annealing (T=1.714366),1,1817,546272fd-1817-4d29-a66b-93dc696e41f8,sigma_v,-24.928353389489683,0.16002629755721215
fisheries,schaefer,Simulated annealing,Annealing (T=1.714366),1,2017,546272fd-1817-4d29-a66b-93dc696e41f8,K,-22.867104675314405,3267.2892414438006
fisheries,schaefer,Simulated annealing,Annealing (T=1.714366),1,2017,546272fd-1817-4d29-a66b-93dc696e41f8,q,-22.867104675314405,0.00040556296573457737
fisheries,schaefer,Simulated annealing,Annealing (T=1.714366),1,2017,546272fd-1817-4d29-a66b-93dc696e41f8,r,-22.867104675314405,0.283286511245214
fisheries,schaefer,Simulated annealing,Annealing (T=1.714366),1,2017,546272fd-1817-4d29-a66b-93dc696e41f8,sigma_v,-22.867104675314405,0.10413120033608761
fisheries,schaefer,Simulated annealing,Annealing (T=1.714366),1,2217,546272fd-1817-4d29-a66b-93dc696e41f8,K,-23.24858035903975,3084.707132141918
fisheries,schaefer,Simulated annealing,Annealing (T=1.714366),1,2217,546272fd-1817-4d29-a66b-93dc696e41f8,q,-23.24858035903975,0.00035582858310455984
fisheries,schaefer,Simulated annealing,Annealing (T=1.714366),1,2217,546272fd-1817-4d29-a66b-93dc696e41f8,r,-23.24858035903975,0.3415684722336156
fisheries,schaefer,Simulated annealing,Annealing (T=1.714366),1,2217,546272fd-1817-4d29-a66b-93dc696e41f8,sigma_v,-23.24858035903975,0.17075407091632022
fisheries,schaefer,Simulated annealing,Annealing (T=1.714366),1,2417,546272fd-1817-4d29-a66b-93dc696e41f8,K,-28.827157436966083,2857.377423933784
fisheries,schaefer,Simulated annealing,Annealing (T=1.714366),1,2417,546272fd-1817-4d29-a66b-93dc696e41f8,q,-28.827157436966083,0.00045525737504230774
fisheries,schaefer,Simulated annealing,Annealing (T=1.714366),1,2417,546272fd-1817-4d29-a66b-93dc696e41f8,r,-28.827157436966083,0.3521022633629253
fisheries,schaefer,Simulated annealing,Annealing (T=1.714366),1,2417,546272fd-1817-4d29-a66b-93dc696e41f8,sigma_v,-28.827157436966083,0.09742929076474217
fisheries,schaefer,Simulated annealing,Annealing (T=1.714366),1,2617,546272fd-1817-4d29-a66b-93dc696e41f8,K,-27.737040288461706,2946.8645006834686
fisheries,schaefer,Simulated annealing,Annealing (T=1.714366),1,2617,546272fd-1817-4d29-a66b-93dc696e41f8,q,-27.737040288461706,0.0003876641064096471
fisheries,schaefer,Simulated annealing,Annealing (T=1.714366),1,2617,546272fd-1817-4d29-a66b-93dc696e41f8,r,-27.737040288461706,0.3464962583561233
fisheries,schaefer,Simulated annealing,Annealing (T=1.714366),1,2617,546272fd-1817-4d29-a66b-93dc696e41f8,sigma_v,-27.737040288461706,0.10669022288730388
fisheries,schaefer,Simulated annealing,Annealing (T=1.714366),1,2817,546272fd-1817-4d29-a66b-93dc696e41f8,K,-28.549839043895055,2926.1317270745403
fisheries,schaefer,Simulated annealing,Annealing (T=1.714366),1,2817,546272fd-1817-4d29-a66b-93dc696e41f8,q,-28.549839043895055,0.00041255958802820816
fisheries,schaefer,Simulated annealing,Annealing (T=1.714366),1,2817,546272fd-1817-4d29-a66b-93dc696e41f8,r,-28.549839043895055,0.3511498682042848
fisheries,schaefer,Simulated annealing,Annealing (T=1.714366),1,2817,546272fd-1817-4d29-a66b-93dc696e41f8,sigma_v,-28.549839043895055,0.0921608111192984
fisheries,schaefer,Simulated annealing,Annealing (T=1.714366),1,3017,546272fd-1817-4d29-a66b-93dc696e41f8,K,-25.535160486731883,3034.859499723127
fisheries,schaefer,Simulated annealing,Annealing (T=1.714366),1,3017,546272fd-1817-4d29-a66b-93dc696e41f8,q,-25.535160486731883,0.00040886205191579774
fisheries,schaefer,Simulated annealing,Annealing (T=1.714366),1,3017,546272fd-1817-4d29-a66b-93dc696e41f8,r,-25.535160486731883,0.33484566846649255
fisheries,schaefer,Simulated annealing,Annealing (T=1.714366),1,3017,546272fd-1817-4d29-a66b-93dc696e41f8,sigma_v,-25.535160486731883,0.12411007114004452
fisheries,schaefer,Simulated annealing,Annealing (T=1.714366),1,3217,546272fd-1817-4d29-a66b-93dc696e41f8,K,-28.2909124832072,2905.4478354528555
fisheries,schaefer,Simulated annealing,Annealing (T=1.714366),1,3217,546272fd-1817-4d29-a66b-93dc696e41f8,q,-28.2909124832072,0.00040504940305689606
fisheries,schaefer,Simulated annealing,Annealing (T=1.714366),1,3217,546272fd-1817-4d29-a66b-93dc696e41f8,r,-28.2909124832072,0.3548170428299272
fisheries,schaefer,Simulated annealing,Annealing (T=1.714366),1,3217,546272fd-1817-4d29-a66b-93dc696e41f8,sigma_v,-28.2909124832072,0.08492810401524375
fisheries,schaefer,Simulated annealing,Annealing (T=1.714366),1,3417,546272fd-1817-4d29-a66b-93dc696e41f8,K,-25.554041140691364,3018.1511919332547
fisheries,schaefer,Simulated annealing,Annealing (T=1.714366),1,3417,546272fd-1817-4d29-a66b-93dc696e41f8,q,-25.554041140691364,0.0003563773062691496
fisheries,schaefer,Simulated annealing,Annealing (T=1.714366),1,3417,546272fd-1817-4d29-a66b-93dc696e41f8,r,-25.554041140691364,0.3458806469710134
fisheries,schaefer,Simulated annealing,Annealing (T=1.714366),1,3417,546272fd-1817-4d29-a66b-93dc696e41f8,sigma_v,-25.554041140691364,0.12637720031915786
fisheries,schaefer,Simulated annealing,Annealing (T=1.714366),1,3617,546272fd-1817-4d29-a66b-93dc696e41f8,K,-27.14853591325679,2812.7471967559745
fisheries,schaefer,Simulated annealing,Annealing (T=1.714366),1,3617,546272fd-1817-4d29-a66b-93dc696e41f8,q,-27.14853591325679,0.0004061268257028246
fisheries,schaefer,Simulated annealing,Annealing (T=1.714366),1,3617,546272fd-1817-4d29-a66b-93dc696e41f8,r,-27.14853591325679,0.3753748798270742
fisheries,schaefer,Simulated annealing,Annealing (T=1.714366),1,3617,546272fd-1817-4d29-a66b-93dc696e41f8,sigma_v,-27.14853591325679,0.10774384872278035
fisheries,schaefer,Simulated annealing,Annealing (T=1.714366),1,3817,546272fd-1817-4d29-a66b-93dc696e41f8,K,-21.494978359794562,2800.872867408517
fisheries,schaefer,Simulated annealing,Annealing (T=1.714366),1,3817,546272fd-1817-4d29-a66b-93dc696e41f8,q,-21.494978359794562,0.0004932380132919705
fisheries,schaefer,Simulated annealing,Annealing (T=1.714366),1,3817,546272fd-1817-4d29-a66b-93dc696e41f8,r,-21.494978359794562,0.35235038631020216
fisheries,schaefer,Simulated annealing,Annealing (T=1.714366),1,3817,546272fd-1817-4d29-a66b-93dc696e41f8,sigma_v,-21.494978359794562,0.17062170666485021
fisheries,schaefer,Simulated annealing,Annealing (T=1.714366),1,4017,546272fd-1817-4d29-a66b-93dc696e41f8,K,-21.36235203253861,2849.050540846555
fisheries,schaefer,Simulated annealing,Annealing (T=1.714366),1,4017,546272fd-1817-4d29-a66b-93dc696e41f8,q,-21.36235203253861,0.0004786732510892
fisheries,schaefer,Simulated annealing,Annealing (T=1.714366),1,4017,546272fd-1817-4d29-a66b-93dc696e41f8,r,-21.36235203253861,0.3485710647179926
fisheries,schaefer,Simulated annealing,Annealing (T=1.714366),1,4017,546272fd-1817-4d29-a66b-93dc696e41f8,sigma_v,-21.36235203253861,0.20591355208842993
fisheries,schaefer,Simulated annealing,Annealing (T=1.714366),1,4217,546272fd-1817-4d29-a66b-93dc696e41f8,K,-25.05797266798044,2916.4908664640525
fisheries,schaefer,Simulated annealing,Annealing (T=1.714366),1,4217,546272fd-1817-4d29-a66b-93dc696e41f8,q,-25.05797266798044,0.0003917851567546482
fisheries,schaefer,Simulated annealing,Annealing (T=1.714366),1,4217,546272fd-1817-4d29-a66b-93dc696e41f8,r,-25.05797266798044,0.3515772646221274
fisheries,schaefer,Simulated annealing,Annealing (T=1.714366),1,4217,546272fd-1817-4d29-a66b-93dc696e41f8,sigma_v,-25.05797266798044,0.15999055359739442
fisheries,schaefer,Simulated annealing,Annealing (T=1.714366),1,4417,546272fd-1817-4d29-a66b-93dc696e41f8,K,-22.54165908928629,2820.9690617429883
fisheries,schaefer,Simulated annealing,Annealing (T=1.714366),1,4417,546272fd-1817-4d29-a66b-93dc696e41f8,q,-22.54165908928629,0.00043764118653709724
fisheries,schaefer,Simulated annealing,Annealing (T=1.714366),1,4417,546272fd-1817-4d29-a66b-93dc696e41f8,r,-22.54165908928629,0.3573120483394072
fisheries,schaefer,Simulated annealing,Annealing (T=1.714366),1,4417,546272fd-1817-4d29-a66b-93dc696e41f8,sigma_v,-22.54165908928629,0.18709335832832022
fisheries,schaefer,Simulated annealing,Annealing (T=1.714366),1,4617,546272fd-1817-4d29-a66b-93dc696e41f8,K,-28.539656438281455,2913.072715694131
fisheries,schaefer,Simulated annealing,Annealing (T=1.714366),1,4617,546272fd-1817-4d29-a66b-93dc696e41f8,q,-28.539656438281455,0.000407655879218641
fisheries,schaefer,Simulated annealing,Annealing (T=1.714366),1,4617,546272fd-1817-4d29-a66b-93dc696e41f8,r,-28.539656438281455,0.34779392609911525
fisheries,schaefer,Simulated annealing,Annealing (T=1.714366),1,4617,546272fd-1817-4d29-a66b-93dc696e41f8,sigma_v,-28.539656438281455,0.11215529375522099
fisheries,schaefer,Simulated annealing,Annealing (T=1.714366),1,4817,546272fd-1817-4d29-a66b-93dc696e41f8,K,-27.372206326696034,3010.836081400209
fisheries,schaefer,Simulated annealing,Annealing (T=1.714366),1,4817,546272fd-1817-4d29-a66b-93dc696e41f8,q,-27.372206326696034,0.0003728865219498981
fisheries,schaefer,Simulated annealing,Annealing (T=1.714366),1,4817,546272fd-1817-4d29-a66b-93dc696e41f8,r,-27.372206326696034,0.3446565720847993
fisheries,schaefer,Simulated annealing,Annealing (T=1.714366),1,4817,546272fd-1817-4d29-a66b-93dc696e41f8,sigma_v,-27.372206326696034,0.104509740242558
fisheries,schaefer,Simulated annealing,Annealing (T=1.645791),1,16,546272fd-1817-4d29-a66b-93dc696e41f8,K,-25.788179694172673,2901.8709085917876
fisheries,schaefer,Simulated annealing,Annealing (T=1.645791),1,16,546272fd-1817-4d29-a66b-93dc696e41f8,q,-25.788179694172673,0.00044722500478191525
fisheries,schaefer,Simulated annealing,Annealing (T=1.645791),1,16,546272fd-1817-4d29-a66b-93dc696e41f8,r,-25.788179694172673,0.35130588323969697
fisheries,schaefer,Simulated annealing,Annealing (T=1.645791),1,16,546272fd-1817-4d29-a66b-93dc696e41f8,sigma_v,-25.788179694172673,0.1094098940040002
fisheries,schaefer,Simulated annealing,Annealing (T=1.645791),1,216,546272fd-1817-4d29-a66b-93dc696e41f8,K,-27.653531810502535,3030.8567932026394
fisheries,schaefer,Simulated annealing,Annealing (T=1.645791),1,216,546272fd-1817-4d29-a66b-93dc696e41f8,q,-27.653531810502535,0.0003886056972397288
fisheries,schaefer,Simulated annealing,Annealing (T=1.645791),1,216,546272fd-1817-4d29-a66b-93dc696e41f8,r,-27.653531810502535,0.33851334194284316
fisheries,schaefer,Simulated annealing,Annealing (T=1.645791),1,216,546272fd-1817-4d29-a66b-93dc696e41f8,sigma_v,-27.653531810502535,0.10783994427508779
fisheries,schaefer,Simulated annealing,Annealing (T=1.645791),1,416,546272fd-1817-4d29-a66b-93dc696e41f8,K,-26.018453780781876,3063.518666058352
fisheries,schaefer,Simulated annealing,Annealing (T=1.645791),1,416,546272fd-1817-4d29-a66b-93dc696e41f8,q,-26.018453780781876,0.0003751206287074375
fisheries,schaefer,Simulated annealing,Annealing (T=1.645791),1,416,546272fd-1817-4d29-a66b-93dc696e41f8,r,-26.018453780781876,0.3388808564800282
fisheries,schaefer,Simulated annealing,Annealing (T=1.645791),1,416,546272fd-1817-4d29-a66b-93dc696e41f8,sigma_v,-26.018453780781876,0.1069597139538115
fisheries,schaefer,Simulated annealing,Annealing (T=1.645791),1,616,546272fd-1817-4d29-a66b-93dc696e41f8,K,-26.886198919834364,3066.3317929267164
fisheries,schaefer,Simulated annealing,Annealing (T=1.645791),1,616,546272fd-1817-4d29-a66b-93dc696e41f8,q,-26.886198919834364,0.0003634978911022316
fisheries,schaefer,Simulated annealing,Annealing (T=1.645791),1,616,546272fd-1817-4d29-a66b-93dc696e41f8,r,-26.886198919834364,0.33378189503915734
fisheries,schaefer,Simulated annealing,Annealing (T=1.645791),1,616,546272fd-1817-4d29-a66b-93dc696e41f8,sigma_v,-26.886198919834364,0.13300768487103398
fisheries,schaefer,Simulated annealing,Annealing (T=1.645791),1,816,546272fd-1817-4d29-a66b-93dc696e41f8,K,-26.70133847934929,3161.989455649754
fisheries,schaefer,Simulated annealing,Annealing (T=1.645791),1,816,546272fd-1817-4d29-a66b-93dc696e41f8,q,-26.70133847934929,0.0003439294274161363
fisheries,schaefer,Simulated annealing,Annealing (T=1.645791),1,816,546272fd-1817-4d29-a66b-93dc696e41f8,r,-26.70133847934929,0.3234316553195223
fisheries,schaefer,Simulated annealing,Annealing (T=1.645791),1,816,546272fd-1817-4d29-a66b-93dc696e41f8,sigma_v,-26.70133847934929,0.10427022053147102
fisheries,schaefer,Simulated annealing,Annealing (T=1.645791),1,1016,546272fd-1817-4d29-a66b-93dc696e41f8,K,-27.68010117885858,3200.883884026922
fisheries,schaefer,Simulated annealing,Annealing (T=1.645791),1,1016,546272fd-1817-4d29-a66b-93dc696e41f8,q,-27.68010117885858,0.00038345954842863985
fisheries,schaefer,Simulated annealing,Annealing (T=1.645791),1,1016,546272fd-1817-4d29-a66b-93dc696e41f8,r,-27.68010117885858,0.3025457807941256
fisheries,schaefer,Simulated annealing,Annealing (T=1.645791),1,1016,546272fd-1817-4d29-a66b-93dc696e41f8,sigma_v,-27.68010117885858,0.08805676184647566
fisheries,schaefer,Simulated annealing,Annealing (T=1.645791),1,1216,546272fd-1817-4d29-a66b-93dc696e41f8,K,-22.682199043630025,2949.920954252871
fisheries,schaefer,Simulated annealing,Annealing (T=1.645791),1,1216,546272fd-1817-4d29-a66b-93dc696e41f8,q,-22.682199043630025,0.0004587356054737181
fisheries,schaefer,Simulated annealing,Annealing (T=1.645791),1,1216,546272fd-1817-4d29-a66b-93dc696e41f8,r,-22.682199043630025,0.33236140079758697
fisheries,schaefer,Simulated annealing,Annealing (T=1.645791),1,1216,546272fd-1817-4d29-a66b-93dc696e41f8,sigma_v,-22.682199043630025,0.1864877396124872
fisheries,schaefer,Simulated annealing,Annealing (T=1.645791),1,1416,546272fd-1817-4d29-a66b-93dc696e41f8,K,-29.34567512014683,2913.710674273956
fisheries,schaefer,Simulated annealing,Annealing (T=1.645791),1,1416,546272fd-1817-4d29-a66b-93dc696e41f8,q,-29.34567512014683,0.00040746479760218955
fisheries,schaefer,Simulated annealing,Annealing (T=1.645791),1,1416,546272fd-1817-4d29-a66b-93dc696e41f8,r,-29.34567512014683,0.35037738430828025
fisheries,schaefer,Simulated annealing,Annealing (T=1.645791),1,1416,546272fd-1817-4d29-a66b-93dc696e41f8,sigma_v,-29.34567512014683,0.09864510167077815
fisheries,schaefer,Simulated annealing,Annealing (T=1.645791),1,1616,546272fd-1817-4d29-a66b-93dc696e41f8,K,-23.30719127869502,2797.401536156208
fisheries,schaefer,Simulated annealing,Annealing (T=1.645791),1,1616,546272fd-1817-4d29-a66b-93dc696e41f8,q,-23.30719127869502,0.0004880637218368811
fisheries,schaefer,Simulated annealing,Annealing (T=1.645791),1,1616,546272fd-1817-4d29-a66b-93dc696e41f8,r,-23.30719127869502,0.36762094445200366
fisheries,schaefer,Simulated annealing,Annealing (T=1.645791),1,1616,546272fd-1817-4d29-a66b-93dc696e41f8,sigma_v,-23.30719127869502,0.1443072838517054
fisheries,schaefer,Simulated annealing,Annealing (T=1.645791),1,1816,546272fd-1817-4d29-a66b-93dc696e41f8,K,-28.584074399944306,2798.2915050817915
fisheries,schaefer,Simulated annealing,Annealing (T=1.645791),1,1816,546272fd-1817-4d29-a66b-93dc696e41f8,q,-28.584074399944306,0.0004350312741034754
fisheries,schaefer,Simulated annealing,Annealing (T=1.645791),1,1816,546272fd-1817-4d29-a66b-93dc696e41f8,r,-28.584074399944306,0.36852641166920735
fisheries,schaefer,Simulated annealing,Annealing (T=1.645791),1,1816,546272fd-1817-4d29-a66b-93dc696e41f8,sigma_v,-28.584074399944306,0.12038957774707484
fisheries,schaefer,Simulated annealing,Annealing (T=1.645791),1,2016,546272fd-1817-4d29-a66b-93dc696e41f8,K,-28.396071930528624,2834.440724487926
fisheries,schaefer,Simulated annealing,Annealing (T=1.645791),1,2016,546272fd-1817-4d29-a66b-93dc696e41f8,q,-28.396071930528624,0.0004309636952769568
fisheries,schaefer,Simulated annealing,Annealing (T=1.645791),1,2016,546272fd-1817-4d29-a66b-93dc696e41f8,r,-28.396071930528624,0.36388942604553537
fisheries,schaefer,Simulated annealing,Annealing (T=1.645791),1,2016,546272fd-1817-4d29-a66b-93dc696e41f8,sigma_v,-28.396071930528624,0.12701125766243163
fisheries,schaefer,Simulated annealing,Annealing (T=1.645791),1,2216,546272fd-1817-4d29-a66b-93dc696e41f8,K,-28.64856458893278,3011.8886898416504
fisheries,schaefer,Simulated annealing,Annealing (T=1.645791),1,2216,546272fd-1817-4d29-a66b-93dc696e41f8,q,-28.64856458893278,0.00038519537259946356
fisheries,schaefer,Simulated annealing,Annealing (T=1.645791),1,2216,546272fd-1817-4d29-a66b-93dc696e41f8,r,-28.64856458893278,0.3367576175384113
fisheries,schaefer,Simulated annealing,Annealing (T=1.645791),1,2216,546272fd-1817-4d29-a66b-93dc696e41f8,sigma_v,-28.64856458893278,0.08876542208527906
fisheries,schaefer,Simulated annealing,Annealing (T=1.645791),1,2416,546272fd-1817-4d29-a66b-93dc696e41f8,K,-27.038781216882832,2955.078844719388
fisheries,schaefer,Simulated annealing,Annealing (T=1.645791),1,2416,546272fd-1817-4d29-a66b-93dc696e41f8,q,-27.038781216882832,0.00044117927758614595
fisheries,schaefer,Simulated annealing,Annealing (T=1.645791),1,2416,546272fd-1817-4d29-a66b-93dc696e41f8,r,-27.038781216882832,0.33880401025482104
fisheries,schaefer,Simulated annealing,Annealing (T=1.645791),1,2416,546272fd-1817-4d29-a66b-93dc696e41f8,sigma_v,-27.038781216882832,0.11422462614610532
fisheries,schaefer,Simulated annealing,Annealing (T=1.645791),1,2616,546272fd-1817-4d29-a66b-93dc696e41f8,K,-25.832648773580758,3066.396439771506
fisheries,schaefer,Simulated annealing,Annealing (T=1.645791),1,2616,546272fd-1817-4d29-a66b-93dc696e41f8,q,-25.832648773580758,0.00035388042519156766
fisheries,schaefer,Simulated annealing,Annealing (T=1.645791),1,2616,546272fd-1817-4d29-a66b-93dc696e41f8,r,-25.832648773580758,0.3390847054530956
fisheries,schaefer,Simulated annealing,Annealing (T=1.645791),1,2616,546272fd-1817-4d29-a66b-93dc696e41f8,sigma_v,-25.832648773580758,0.13461009682649785
fisheries,schaefer,Simulated annealing,Annealing (T=1.645791),1,2816,546272fd-1817-4d29-a66b-93dc696e41f8,K,-28.58578403178222,3142.5934867551414
fisheries,schaefer,Simulated annealing,Annealing (T=1.645791),1,2816,546272fd-1817-4d29-a66b-93dc696e41f8,q,-28.58578403178222,0.0003826096513743701
fisheries,schaefer,Simulated annealing,Annealing (T=1.645791),1,2816,546272fd-1817-4d29-a66b-93dc696e41f8,r,-28.58578403178222,0.31581684190018977
fisheries,schaefer,Simulated annealing,Annealing (T=1.645791),1,2816,546272fd-1817-4d29-a66b-93dc696e41f8,sigma_v,-28.58578403178222,0.1030999850734347
fisheries,schaefer,Simulated annealing,Annealing (T=1.645791),1,3016,546272fd-1817-4d29-a66b-93dc696e41f8,K,-27.387719185803558,3212.335849134016
fisheries,schaefer,Simulated annealing,Annealing (T=1.645791),1,3016,546272fd-1817-4d29-a66b-93dc696e41f8,q,-27.387719185803558,0.00035424872081600664
fisheries,schaefer,Simulated annealing,Annealing (T=1.645791),1,3016,546272fd-1817-4d29-a66b-93dc696e41f8,r,-27.387719185803558,0.30470995798176786
fisheries,schaefer,Simulated annealing,Annealing (T=1.645791),1,3016,546272fd-1817-4d29-a66b-93dc696e41f8,sigma_v,-27.387719185803558,0.0908918865207311
fisheries,schaefer,Simulated annealing,Annealing (T=1.645791),1,3216,546272fd-1817-4d29-a66b-93dc696e41f8,K,-14.925475764677216,3379.161191176089
fisheries,schaefer,Simulated annealing,Annealing (T=1.645791),1,3216,546272fd-1817-4d29-a66b-93dc696e41f8,q,-14.925475764677216,0.00034507307157648865
fisheries,schaefer,Simulated annealing,Annealing (T=1.645791),1,3216,546272fd-1817-4d29-a66b-93dc696e41f8,r,-14.925475764677216,0.31585443404510005
fisheries,schaefer,Simulated annealing,Annealing (T=1.645791),1,3216,546272fd-1817-4d29-a66b-93dc696e41f8,sigma_v,-14.925475764677216,0.18371863364652877
fisheries,schaefer,Simulated annealing,Annealing (T=1.645791),1,3416,546272fd-1817-4d29-a66b-93dc696e41f8,K,-25.177369745997634,3134.8567684078776
fisheries,schaefer,Simulated annealing,Annealing (T=1.645791),1,3416,546272fd-1817-4d29-a66b-93dc696e41f8,q,-25.177369745997634,0.0003978584886365279
fisheries,schaefer,Simulated annealing,Annealing (T=1.645791),1,3416,546272fd-1817-4d29-a66b-93dc696e41f8,r,-25.177369745997634,0.3024058829621138
fisheries,schaefer,Simulated annealing,Annealing (T=1.645791),1,3416,546272fd-1817-4d29-a66b-93dc696e41f8,sigma_v,-25.177369745997634,0.13506146734371507
fisheries,schaefer,Simulated annealing,Annealing (T=1.645791),1,3616,546272fd-1817-4d29-a66b-93dc696e41f8,K,-27.415124340912673,3090.0918682195775
fisheries,schaefer,Simulated annealing,Annealing (T=1.645791),1,3616,546272fd-1817-4d29-a66b-93dc696e41f8,q,-27.415124340912673,0.00038836031245410683
fisheries,schaefer,Simulated annealing,Annealing (T=1.645791),1,3616,546272fd-1817-4d29-a66b-93dc696e41f8,r,-27.415124340912673,0.3159324088766746
fisheries,schaefer,Simulated annealing,Annealing (T=1.645791),1,3616,546272fd-1817-4d29-a66b-93dc696e41f8,sigma_v,-27.415124340912673,0.08676162779494509
fisheries,schaefer,Simulated annealing,Annealing (T=1.645791),1,3816,546272fd-1817-4d29-a66b-93dc696e41f8,K,-27.3211696958037,3069.272003321731
fisheries,schaefer,Simulated annealing,Annealing (T=1.645791),1,3816,546272fd-1817-4d29-a66b-93dc696e41f8,q,-27.3211696958037,0.0003776090356704778
fisheries,schaefer,Simulated annealing,Annealing (T=1.645791),1,3816,546272fd-1817-4d29-a66b-93dc696e41f8,r,-27.3211696958037,0.33468189952836186
fisheries,schaefer,Simulated annealing,Annealing (T=1.645791),1,3816,546272fd-1817-4d29-a66b-93dc696e41f8,sigma_v,-27.3211696958037,0.10981691681025914
fisheries,schaefer,Simulated annealing,Annealing (T=1.645791),1,4016,546272fd-1817-4d29-a66b-93dc696e41f8,K,-28.98214123121816,2934.585390242567
fisheries,schaefer,Simulated annealing,Annealing (T=1.645791),1,4016,546272fd-1817-4d29-a66b-93dc696e41f8,q,-28.98214123121816,0.0004288682341957296
fisheries,schaefer,Simulated annealing,Annealing (T=1.645791),1,4016,546272fd-1817-4d29-a66b-93dc696e41f8,r,-28.98214123121816,0.33892258158702926
fisheries,schaefer,Simulated annealing,Annealing (T=1.645791),1,4016,546272fd-1817-4d29-a66b-93dc696e41f8,sigma_v,-28.98214123121816,0.10595776934684406
fisheries,schaefer,Simulated annealing,Annealing (T=1.645791),1,4216,546272fd-1817-4d29-a66b-93dc696e41f8,K,-27.38105254581817,2946.1503884623817
fisheries,schaefer,Simulated annealing,Annealing (T=1.645791),1,4216,546272fd-1817-4d29-a66b-93dc696e41f8,q,-27.38105254581817,0.0004316622075547395
fisheries,schaefer,Simulated annealing,Annealing (T=1.645791),1,4216,546272fd-1817-4d29-a66b-93dc696e41f8,r,-27.38105254581817,0.34378691505216286
fisheries,schaefer,Simulated annealing,Annealing (T=1.645791),1,4216,546272fd-1817-4d29-a66b-93dc696e41f8,sigma_v,-27.38105254581817,0.10615235043504201
fisheries,schaefer,Simulated annealing,Annealing (T=1.645791),1,4416,546272fd-1817-4d29-a66b-93dc696e41f8,K,-29.496281518511427,3018.1534461953597
fisheries,schaefer,Simulated annealing,Annealing (T=1.645791),1,4416,546272fd-1817-4d29-a66b-93dc696e41f8,q,-29.496281518511427,0.00040126907816287905
fisheries,schaefer,Simulated annealing,Annealing (T=1.645791),1,4416,546272fd-1817-4d29-a66b-93dc696e41f8,r,-29.496281518511427,0.3299437782164908
fisheries,schaefer,Simulated annealing,Annealing (T=1.645791),1,4416,546272fd-1817-4d29-a66b-93dc696e41f8,sigma_v,-29.496281518511427,0.09144746431505156
fisheries,schaefer,Simulated annealing,Annealing (T=1.645791),1,4616,546272fd-1817-4d29-a66b-93dc696e41f8,K,-24.066095507477673,3054.4259885871893
fisheries,schaefer,Simulated annealing,Annealing (T=1.645791),1,4616,546272fd-1817-4d29-a66b-93dc696e41f8,q,-24.066095507477673,0.00035068332910473307
fisheries,schaefer,Simulated annealing,Annealing (T=1.645791),1,4616,546272fd-1817-4d29-a66b-93dc696e41f8,r,-24.066095507477673,0.34728646252143097
fisheries,schaefer,Simulated annealing,Annealing (T=1.645791),1,4616,546272fd-1817-4d29-a66b-93dc696e41f8,sigma_v,-24.066095507477673,0.10304194032761832
fisheries,schaefer,Simulated annealing,Annealing (T=1.645791),1,4816,546272fd-1817-4d29-a66b-93dc696e41f8,K,-20.751262655605117,3131.3884577941126
fisheries,schaefer,Simulated annealing,Annealing (T=1.645791),1,4816,546272fd-1817-4d29-a66b-93dc696e41f8,q,-20.751262655605117,0.00042539498715236316
fisheries,schaefer,Simulated annealing,Annealing (T=1.645791),1,4816,546272fd-1817-4d29-a66b-93dc696e41f8,r,-20.751262655605117,0.31105811261322824
fisheries,schaefer,Simulated annealing,Annealing (T=1.645791),1,4816,546272fd-1817-4d29-a66b-93dc696e41f8,sigma_v,-20.751262655605117,0.19476487984500593
fisheries,schaefer,Simulated annealing,Annealing (T=1.582491),1,15,546272fd-1817-4d29-a66b-93dc696e41f8,K,-28.872441264776658,2923.9766251762417
fisheries,schaefer,Simulated annealing,Annealing (T=1.582491),1,15,546272fd-1817-4d29-a66b-93dc696e41f8,q,-28.872441264776658,0.00040856552327183976
fisheries,schaefer,Simulated annealing,Annealing (T=1.582491),1,15,546272fd-1817-4d29-a66b-93dc696e41f8,r,-28.872441264776658,0.3456820187177532
fisheries,schaefer,Simulated annealing,Annealing (T=1.582491),1,15,546272fd-1817-4d29-a66b-93dc696e41f8,sigma_v,-28.872441264776658,0.0934925524308639
fisheries,schaefer,Simulated annealing,Annealing (T=1.582491),1,215,546272fd-1817-4d29-a66b-93dc696e41f8,K,-28.440555229362385,2886.1844186055864
fisheries,schaefer,Simulated annealing,Annealing (T=1.582491),1,215,546272fd-1817-4d29-a66b-93dc696e41f8,q,-28.440555229362385,0.0004363636088003766
fisheries,schaefer,Simulated annealing,Annealing (T=1.582491),1,215,546272fd-1817-4d29-a66b-93dc696e41f8,r,-28.440555229362385,0.34637453046538913
fisheries,schaefer,Simulated annealing,Annealing (T=1.582491),1,215,546272fd-1817-4d29-a66b-93dc696e41f8,sigma_v,-28.440555229362385,0.10955673380628628
fisheries,schaefer,Simulated annealing,Annealing (T=1.582491),1,415,546272fd-1817-4d29-a66b-93dc696e41f8,K,-28.83287524769111,2850.2436620742656
fisheries,schaefer,Simulated annealing,Annealing (T=1.582491),1,415,546272fd-1817-4d29-a66b-93dc696e41f8,q,-28.83287524769111,0.00041915224963747486
fisheries,schaefer,Simulated annealing,Annealing (T=1.582491),1,415,546272fd-1817-4d29-a66b-93dc696e41f8,r,-28.83287524769111,0.3600296464835136
fisheries,schaefer,Simulated annealing,Annealing (T=1.582491),1,415,546272fd-1817-4d29-a66b-93dc696e41f8,sigma_v,-28.83287524769111,0.09333818849215353
fisheries,schaefer,Simulated annealing,Annealing (T=1.582491),1,615,546272fd-1817-4d29-a66b-93dc696e41f8,K,-27.849784623422227,2897.538449496924
fisheries,schaefer,Simulated annealing,Annealing (T=1.582491),1,615,546272fd-1817-4d29-a66b-93dc696e41f8,q,-27.849784623422227,0.00040043233064968677
fisheries,schaefer,Simulated annealing,Annealing (T=1.582491),1,615,546272fd-1817-4d29-a66b-93dc696e41f8,r,-27.849784623422227,0.3528750927801549
fisheries,schaefer,Simulated annealing,Annealing (T=1.582491),1,615,546272fd-1817-4d29-a66b-93dc696e41f8,sigma_v,-27.849784623422227,0.10796164067714079
fisheries,schaefer,Simulated annealing,Annealing (T=1.582491),1,815,546272fd-1817-4d29-a66b-93dc696e41f8,K,-26.85039299305051,2895.5497887843926
fisheries,schaefer,Simulated annealing,Annealing (T=1.582491),1,815,546272fd-1817-4d29-a66b-93dc696e41f8,q,-26.85039299305051,0.00042483587620687223
fisheries,schaefer,Simulated annealing,Annealing (T=1.582491),1,815,546272fd-1817-4d29-a66b-93dc696e41f8,r,-26.85039299305051,0.34467471647981274
fisheries,schaefer,Simulated annealing,Annealing (T=1.582491),1,815,546272fd-1817-4d29-a66b-93dc696e41f8,sigma_v,-26.85039299305051,0.12617590966905207
fisheries,schaefer,Simulated annealing,Annealing (T=1.582491),1,1015,546272fd-1817-4d29-a66b-93dc696e41f8,K,-28.151613024502907,3075.722938588742
fisheries,schaefer,Simulated annealing,Annealing (T=1.582491),1,1015,546272fd-1817-4d29-a66b-93dc696e41f8,q,-28.151613024502907,0.0004085329275109493
fisheries,schaefer,Simulated annealing,Annealing (T=1.582491),1,1015,546272fd-1817-4d29-a66b-93dc696e41f8,r,-28.151613024502907,0.31598479182750755
fisheries,schaefer,Simulated annealing,Annealing (T=1.582491),1,1015,546272fd-1817-4d29-a66b-93dc696e41f8,sigma_v,-28.151613024502907,0.09216325193952887
fisheries,schaefer,Simulated annealing,Annealing (T=1.582491),1,1215,546272fd-1817-4d29-a66b-93dc696e41f8,K,-14.145740810239621,3068.688384356787
fisheries,schaefer,Simulated annealing,Annealing (T=1.582491),1,1215,546272fd-1817-4d29-a66b-93dc696e41f8,q,-14.145740810239621,0.00039599012391012254
fisheries,schaefer,Simulated annealing,Annealing (T=1.582491),1,1215,546272fd-1817-4d29-a66b-93dc696e41f8,r,-14.145740810239621,0.30861629004024016
fisheries,schaefer,Simulated annealing,Annealing (T=1.582491),1,1215,546272fd-1817-4d29-a66b-93dc696e41f8,sigma_v,-14.145740810239621,0.29358146870664115
fisheries,schaefer,Simulated annealing,Annealing (T=1.582491),1,1415,546272fd-1817-4d29-a66b-93dc696e41f8,K,-28.07909967689474,3030.3305325809974
fisheries,schaefer,Simulated annealing,Annealing (T=1.582491),1,1415,546272fd-1817-4d29-a66b-93dc696e41f8,q,-28.07909967689474,0.0004183034532306182
fisheries,schaefer,Simulated annealing,Annealing (T=1.582491),1,1415,546272fd-1817-4d29-a66b-93dc696e41f8,r,-28.07909967689474,0.3261502588768596
fisheries,schaefer,Simulated annealing,Annealing (T=1.582491),1,1415,546272fd-1817-4d29-a66b-93dc696e41f8,sigma_v,-28.07909967689474,0.12189741895178752
fisheries,schaefer,Simulated annealing,Annealing (T=1.582491),1,1615,546272fd-1817-4d29-a66b-93dc696e41f8,K,-24.378042548694285,3130.9428746689764
fisheries,schaefer,Simulated annealing,Annealing (T=1.582491),1,1615,546272fd-1817-4d29-a66b-93dc696e41f8,q,-24.378042548694285,0.0003479461700310234
fisheries,schaefer,Simulated annealing,Annealing (T=1.582491),1,1615,546272fd-1817-4d29-a66b-93dc696e41f8,r,-24.378042548694285,0.33653964861518926
fisheries,schaefer,Simulated annealing,Annealing (T=1.582491),1,1615,546272fd-1817-4d29-a66b-93dc696e41f8,sigma_v,-24.378042548694285,0.1438819265866824
fisheries,schaefer,Simulated annealing,Annealing (T=1.582491),1,1815,546272fd-1817-4d29-a66b-93dc696e41f8,K,-28.408691588855287,3208.2821055638774
fisheries,schaefer,Simulated annealing,Annealing (T=1.582491),1,1815,546272fd-1817-4d29-a66b-93dc696e41f8,q,-28.408691588855287,0.00035614191282882515
fisheries,schaefer,Simulated annealing,Annealing (T=1.582491),1,1815,546272fd-1817-4d29-a66b-93dc696e41f8,r,-28.408691588855287,0.30702300039766806
fisheries,schaefer,Simulated annealing,Annealing (T=1.582491),1,1815,546272fd-1817-4d29-a66b-93dc696e41f8,sigma_v,-28.408691588855287,0.11310045176354466
fisheries,schaefer,Simulated annealing,Annealing (T=1.582491),1,2015,546272fd-1817-4d29-a66b-93dc696e41f8,K,-28.27044297892031,3224.7167053755443
fisheries,schaefer,Simulated annealing,Annealing (T=1.582491),1,2015,546272fd-1817-4d29-a66b-93dc696e41f8,q,-28.27044297892031,0.0003498222188045165
fisheries,schaefer,Simulated annealing,Annealing (T=1.582491),1,2015,546272fd-1817-4d29-a66b-93dc696e41f8,r,-28.27044297892031,0.3093074282218296
fisheries,schaefer,Simulated annealing,Annealing (T=1.582491),1,2015,546272fd-1817-4d29-a66b-93dc696e41f8,sigma_v,-28.27044297892031,0.10359860720881993
fisheries,schaefer,Simulated annealing,Annealing (T=1.582491),1,2215,546272fd-1817-4d29-a66b-93dc696e41f8,K,-23.704535372487,3227.197842750268
fisheries,schaefer,Simulated annealing,Annealing (T=1.582491),1,2215,546272fd-1817-4d29-a66b-93dc696e41f8,q,-23.704535372487,0.00040573014297007673
fisheries,schaefer,Simulated annealing,Annealing (T=1.582491),1,2215,546272fd-1817-4d29-a66b-93dc696e41f8,r,-23.704535372487,0.2963616082578812
fisheries,schaefer,Simulated annealing,Annealing (T=1.582491),1,2215,546272fd-1817-4d29-a66b-93dc696e41f8,sigma_v,-23.704535372487,0.11336973888243819
fisheries,schaefer,Simulated annealing,Annealing (T=1.582491),1,2415,546272fd-1817-4d29-a66b-93dc696e41f8,K,-24.571559046329313,3351.459874634635
fisheries,schaefer,Simulated annealing,Annealing (T=1.582491),1,2415,546272fd-1817-4d29-a66b-93dc696e41f8,q,-24.571559046329313,0.0003829718173894617
fisheries,schaefer,Simulated annealing,Annealing (T=1.582491),1,2415,546272fd-1817-4d29-a66b-93dc696e41f8,r,-24.571559046329313,0.27868536118165776
fisheries,schaefer,Simulated annealing,Annealing (T=1.582491),1,2415,546272fd-1817-4d29-a66b-93dc696e41f8,sigma_v,-24.571559046329313,0.13250537150913008
fisheries,schaefer,Simulated annealing,Annealing (T=1.582491),1,2615,546272fd-1817-4d29-a66b-93dc696e41f8,K,-27.02400465164987,3404.7028376456547
fisheries,schaefer,Simulated annealing,Annealing (T=1.582491),1,2615,546272fd-1817-4d29-a66b-93dc696e41f8,q,-27.02400465164987,0.00034154879955921284
fisheries,schaefer,Simulated annealing,Annealing (T=1.582491),1,2615,546272fd-1817-4d29-a66b-93dc696e41f8,r,-27.02400465164987,0.2848431564033765
fisheries,schaefer,Simulated annealing,Annealing (T=1.582491),1,2615,546272fd-1817-4d29-a66b-93dc696e41f8,sigma_v,-27.02400465164987,0.1179717825333795
fisheries,schaefer,Simulated annealing,Annealing (T=1.582491),1,2815,546272fd-1817-4d29-a66b-93dc696e41f8,K,-25.653902020015778,3414.4097051259205
fisheries,schaefer,Simulated annealing,Annealing (T=1.582491),1,2815,546272fd-1817-4d29-a66b-93dc696e41f8,q,-25.653902020015778,0.0003510832354537238
fisheries,schaefer,Simulated annealing,Annealing (T=1.582491),1,2815,546272fd-1817-4d29-a66b-93dc696e41f8,r,-25.653902020015778,0.2797926320033056
fisheries,schaefer,Simulated annealing,Annealing (T=1.582491),1,2815,546272fd-1817-4d29-a66b-93dc696e41f8,sigma_v,-25.653902020015778,0.14118631134741727
fisheries,schaefer,Simulated annealing,Annealing (T=1.582491),1,3015,546272fd-1817-4d29-a66b-93dc696e41f8,K,-24.266983605981835,3467.2797158694734
fisheries,schaefer,Simulated annealing,Annealing (T=1.582491),1,3015,546272fd-1817-4d29-a66b-93dc696e41f8,q,-24.266983605981835,0.0003322207778532821
fisheries,schaefer,Simulated annealing,Annealing (T=1.582491),1,3015,546272fd-1817-4d29-a66b-93dc696e41f8,r,-24.266983605981835,0.28287861609260717
fisheries,schaefer,Simulated annealing,Annealing (T=1.582491),1,3015,546272fd-1817-4d29-a66b-93dc696e41f8,sigma_v,-24.266983605981835,0.15249453763243276
fisheries,schaefer,Simulated annealing,Annealing (T=1.582491),1,3215,546272fd-1817-4d29-a66b-93dc696e41f8,K,-15.16319544307823,3727.8124918116673
fisheries,schaefer,Simulated annealing,Annealing (T=1.582491),1,3215,546272fd-1817-4d29-a66b-93dc696e41f8,q,-15.16319544307823,0.0002522717132019525
fisheries,schaefer,Simulated annealing,Annealing (T=1.582491),1,3215,546272fd-1817-4d29-a66b-93dc696e41f8,r,-15.16319544307823,0.31575938582374924
fisheries,schaefer,Simulated annealing,Annealing (T=1.582491),1,3215,546272fd-1817-4d29-a66b-93dc696e41f8,sigma_v,-15.16319544307823,0.14813448681017533
fisheries,schaefer,Simulated annealing,Annealing (T=1.582491),1,3415,546272fd-1817-4d29-a66b-93dc696e41f8,K,-8.738250628314642,3553.2627116331464
fisheries,schaefer,Simulated annealing,Annealing (T=1.582491),1,3415,546272fd-1817-4d29-a66b-93dc696e41f8,q,-8.738250628314642,0.00024417186642037723
fisheries,schaefer,Simulated annealing,Annealing (T=1.582491),1,3415,546272fd-1817-4d29-a66b-93dc696e41f8,r,-8.738250628314642,0.3932345687074367
fisheries,schaefer,Simulated annealing,Annealing (T=1.582491),1,3415,546272fd-1817-4d29-a66b-93dc696e41f8,sigma_v,-8.738250628314642,0.3509659845689544
fisheries,schaefer,Simulated annealing,Annealing (T=1.582491),1,3615,546272fd-1817-4d29-a66b-93dc696e41f8,K,-17.4314209597686,3575.2390860340893
fisheries,schaefer,Simulated annealing,Annealing (T=1.582491),1,3615,546272fd-1817-4d29-a66b-93dc696e41f8,q,-17.4314209597686,0.0002657387335258062
fisheries,schaefer,Simulated annealing,Annealing (T=1.582491),1,3615,546272fd-1817-4d29-a66b-93dc696e41f8,r,-17.4314209597686,0.323253813178284
fisheries,schaefer,Simulated annealing,Annealing (T=1.582491),1,3615,546272fd-1817-4d29-a66b-93dc696e41f8,sigma_v,-17.4314209597686,0.16897937378583835
fisheries,schaefer,Simulated annealing,Annealing (T=1.582491),1,3815,546272fd-1817-4d29-a66b-93dc696e41f8,K,-27.251667948844897,3178.424694900751
fisheries,schaefer,Simulated annealing,Annealing (T=1.582491),1,3815,546272fd-1817-4d29-a66b-93dc696e41f8,q,-27.251667948844897,0.00039092604619220896
fisheries,schaefer,Simulated annealing,Annealing (T=1.582491),1,3815,546272fd-1817-4d29-a66b-93dc696e41f8,r,-27.251667948844897,0.2992378662934748
fisheries,schaefer,Simulated annealing,Annealing (T=1.582491),1,3815,546272fd-1817-4d29-a66b-93dc696e41f8,sigma_v,-27.251667948844897,0.10833007576380899
fisheries,schaefer,Simulated annealing,Annealing (T=1.582491),1,4015,546272fd-1817-4d29-a66b-93dc696e41f8,K,-27.032125349777438,3144.879937158871
fisheries,schaefer,Simulated annealing,Annealing (T=1.582491),1,4015,546272fd-1817-4d29-a66b-93dc696e41f8,q,-27.032125349777438,0.0003973966351625586
fisheries,schaefer,Simulated annealing,Annealing (T=1.582491),1,4015,546272fd-1817-4d29-a66b-93dc696e41f8,r,-27.032125349777438,0.3117580443182253
fisheries,schaefer,Simulated annealing,Annealing (T=1.582491),1,4015,546272fd-1817-4d29-a66b-93dc696e41f8,sigma_v,-27.032125349777438,0.12760311870518123
fisheries,schaefer,Simulated annealing,Annealing (T=1.582491),1,4215,546272fd-1817-4d29-a66b-93dc696e41f8,K,-23.824392402414965,3372.8715792005582
fisheries,schaefer,Simulated annealing,Annealing (T=1.582491),1,4215,546272fd-1817-4d29-a66b-93dc696e41f8,q,-23.824392402414965,0.00032828965971614353
fisheries,schaefer,Simulated annealing,Annealing (T=1.582491),1,4215,546272fd-1817-4d29-a66b-93dc696e41f8,r,-23.824392402414965,0.30095888791121367
fisheries,schaefer,Simulated annealing,Annealing (T=1.582491),1,4215,546272fd-1817-4d29-a66b-93dc696e41f8,sigma_v,-23.824392402414965,0.09602616763612964
fisheries,schaefer,Simulated annealing,Annealing (T=1.582491),1,4415,546272fd-1817-4d29-a66b-93dc696e41f8,K,-22.71254512025318,3286.1208953608852
fisheries,schaefer,Simulated annealing,Annealing (T=1.582491),1,4415,546272fd-1817-4d29-a66b-93dc696e41f8,q,-22.71254512025318,0.00035847428139108574
fisheries,schaefer,Simulated annealing,Annealing (T=1.582491),1,4415,546272fd-1817-4d29-a66b-93dc696e41f8,r,-22.71254512025318,0.2821583665436847
fisheries,schaefer,Simulated annealing,Annealing (T=1.582491),1,4415,546272fd-1817-4d29-a66b-93dc696e41f8,sigma_v,-22.71254512025318,0.1330934959243733
fisheries,schaefer,Simulated annealing,Annealing (T=1.582491),1,4615,546272fd-1817-4d29-a66b-93dc696e41f8,K,-25.71779263794813,3207.0692307218274
fisheries,schaefer,Simulated annealing,Annealing (T=1.582491),1,4615,546272fd-1817-4d29-a66b-93dc696e41f8,q,-25.71779263794813,0.00036050802530625297
fisheries,schaefer,Simulated annealing,Annealing (T=1.582491),1,4615,546272fd-1817-4d29-a66b-93dc696e41f8,r,-25.71779263794813,0.30034121387592067
fisheries,schaefer,Simulated annealing,Annealing (T=1.582491),1,4615,546272fd-1817-4d29-a66b-93dc696e41f8,sigma_v,-25.71779263794813,0.14321747258281237
fisheries,schaefer,Simulated annealing,Annealing (T=1.582491),1,4815,546272fd-1817-4d29-a66b-93dc696e41f8,K,-27.570609049086034,3229.3454804586354
fisheries,schaefer,Simulated annealing,Annealing (T=1.582491),1,4815,546272fd-1817-4d29-a66b-93dc696e41f8,q,-27.570609049086034,0.0003732651270545278
fisheries,schaefer,Simulated annealing,Annealing (T=1.582491),1,4815,546272fd-1817-4d29-a66b-93dc696e41f8,r,-27.570609049086034,0.2961508243211086
fisheries,schaefer,Simulated annealing,Annealing (T=1.582491),1,4815,546272fd-1817-4d29-a66b-93dc696e41f8,sigma_v,-27.570609049086034,0.09016517029106874
fisheries,schaefer,Simulated annealing,Annealing (T=1.523881),1,14,546272fd-1817-4d29-a66b-93dc696e41f8,K,-29.778641973295336,2914.6566490026967
fisheries,schaefer,Simulated annealing,Annealing (T=1.523881),1,14,546272fd-1817-4d29-a66b-93dc696e41f8,q,-29.778641973295336,0.00042088021910905
fisheries,schaefer,Simulated annealing,Annealing (T=1.523881),1,14,546272fd-1817-4d29-a66b-93dc696e41f8,r,-29.778641973295336,0.34734977624714675
fisheries,schaefer,Simulated annealing,Annealing (T=1.523881),1,14,546272fd-1817-4d29-a66b-93dc696e41f8,sigma_v,-29.778641973295336,0.10146144503416615
fisheries,schaefer,Simulated annealing,Annealing (T=1.523881),1,214,546272fd-1817-4d29-a66b-93dc696e41f8,K,-26.825307216017837,3002.0444130256237
fisheries,schaefer,Simulated annealing,Annealing (T=1.523881),1,214,546272fd-1817-4d29-a66b-93dc696e41f8,q,-26.825307216017837,0.0003974051213189351
fisheries,schaefer,Simulated annealing,Annealing (T=1.523881),1,214,546272fd-1817-4d29-a66b-93dc696e41f8,r,-26.825307216017837,0.3434191461376059
fisheries,schaefer,Simulated annealing,Annealing (T=1.523881),1,214,546272fd-1817-4d29-a66b-93dc696e41f8,sigma_v,-26.825307216017837,0.11412127160275685
fisheries,schaefer,Simulated annealing,Annealing (T=1.523881),1,414,546272fd-1817-4d29-a66b-93dc696e41f8,K,-22.20115719255326,3141.4916768456224
fisheries,schaefer,Simulated annealing,Annealing (T=1.523881),1,414,546272fd-1817-4d29-a66b-93dc696e41f8,q,-22.20115719255326,0.00032324321906089114
fisheries,schaefer,Simulated annealing,Annealing (T=1.523881),1,414,546272fd-1817-4d29-a66b-93dc696e41f8,r,-22.20115719255326,0.340564483076814
fisheries,schaefer,Simulated annealing,Annealing (T=1.523881),1,414,546272fd-1817-4d29-a66b-93dc696e41f8,sigma_v,-22.20115719255326,0.11469139613048188
fisheries,schaefer,Simulated annealing,Annealing (T=1.523881),1,614,546272fd-1817-4d29-a66b-93dc696e41f8,K,-29.088969755544248,2900.147379020711
fisheries,schaefer,Simulated annealing,Annealing (T=1.523881),1,614,546272fd-1817-4d29-a66b-93dc696e41f8,q,-29.088969755544248,0.0004420566550454251
fisheries,schaefer,Simulated annealing,Annealing (T=1.523881),1,614,546272fd-1817-4d29-a66b-93dc696e41f8,r,-29.088969755544248,0.34682340134903156
fisheries,schaefer,Simulated annealing,Annealing (T=1.523881),1,614,546272fd-1817-4d29-a66b-93dc696e41f8,sigma_v,-29.088969755544248,0.09708146165092311
fisheries,schaefer,Simulated annealing,Annealing (T=1.523881),1,814,546272fd-1817-4d29-a66b-93dc696e41f8,K,-27.393553443000023,2958.1576342103504
fisheries,schaefer,Simulated annealing,Annealing (T=1.523881),1,814,546272fd-1817-4d29-a66b-93dc696e41f8,q,-27.393553443000023,0.00041595655298682987
fisheries,schaefer,Simulated annealing,Annealing (T=1.523881),1,814,546272fd-1817-4d29-a66b-93dc696e41f8,r,-27.393553443000023,0.34452117738098514
fisheries,schaefer,Simulated annealing,Annealing (T=1.523881),1,814,546272fd-1817-4d29-a66b-93dc696e41f8,sigma_v,-27.393553443000023,0.13116684358167663
fisheries,schaefer,Simulated annealing,Annealing (T=1.523881),1,1014,546272fd-1817-4d29-a66b-93dc696e41f8,K,-24.487559496392027,2993.0477864210247
fisheries,schaefer,Simulated annealing,Annealing (T=1.523881),1,1014,546272fd-1817-4d29-a66b-93dc696e41f8,q,-24.487559496392027,0.0004099365422274505
fisheries,schaefer,Simulated annealing,Annealing (T=1.523881),1,1014,546272fd-1817-4d29-a66b-93dc696e41f8,r,-24.487559496392027,0.32503004622334086
fisheries,schaefer,Simulated annealing,Annealing (T=1.523881),1,1014,546272fd-1817-4d29-a66b-93dc696e41f8,sigma_v,-24.487559496392027,0.11360484181263479
fisheries,schaefer,Simulated annealing,Annealing (T=1.523881),1,1214,546272fd-1817-4d29-a66b-93dc696e41f8,K,-23.47124204241017,3025.972859338509
fisheries,schaefer,Simulated annealing,Annealing (T=1.523881),1,1214,546272fd-1817-4d29-a66b-93dc696e41f8,q,-23.47124204241017,0.00038587945268095175
fisheries,schaefer,Simulated annealing,Annealing (T=1.523881),1,1214,546272fd-1817-4d29-a66b-93dc696e41f8,r,-23.47124204241017,0.3333877786946467
fisheries,schaefer,Simulated annealing,Annealing (T=1.523881),1,1214,546272fd-1817-4d29-a66b-93dc696e41f8,sigma_v,-23.47124204241017,0.18896050625057048
fisheries,schaefer,Simulated annealing,Annealing (T=1.523881),1,1414,546272fd-1817-4d29-a66b-93dc696e41f8,K,-28.953656675537495,3038.1236650814144
fisheries,schaefer,Simulated annealing,Annealing (T=1.523881),1,1414,546272fd-1817-4d29-a66b-93dc696e41f8,q,-28.953656675537495,0.0003988823462167494
fisheries,schaefer,Simulated annealing,Annealing (T=1.523881),1,1414,546272fd-1817-4d29-a66b-93dc696e41f8,r,-28.953656675537495,0.3311695100991301
fisheries,schaefer,Simulated annealing,Annealing (T=1.523881),1,1414,546272fd-1817-4d29-a66b-93dc696e41f8,sigma_v,-28.953656675537495,0.10381259242749587
fisheries,schaefer,Simulated annealing,Annealing (T=1.523881),1,1614,546272fd-1817-4d29-a66b-93dc696e41f8,K,-26.590023037647427,3012.0995660476797
fisheries,schaefer,Simulated annealing,Annealing (T=1.523881),1,1614,546272fd-1817-4d29-a66b-93dc696e41f8,q,-26.590023037647427,0.0003825088384262711
fisheries,schaefer,Simulated annealing,Annealing (T=1.523881),1,1614,546272fd-1817-4d29-a66b-93dc696e41f8,r,-26.590023037647427,0.331018515962407
fisheries,schaefer,Simulated annealing,Annealing (T=1.523881),1,1614,546272fd-1817-4d29-a66b-93dc696e41f8,sigma_v,-26.590023037647427,0.10463745128259189
fisheries,schaefer,Simulated annealing,Annealing (T=1.523881),1,1814,546272fd-1817-4d29-a66b-93dc696e41f8,K,-29.356244865303793,2942.558365489235
fisheries,schaefer,Simulated annealing,Annealing (T=1.523881),1,1814,546272fd-1817-4d29-a66b-93dc696e41f8,q,-29.356244865303793,0.00041420743666958145
fisheries,schaefer,Simulated annealing,Annealing (T=1.523881),1,1814,546272fd-1817-4d29-a66b-93dc696e41f8,r,-29.356244865303793,0.3447164455821432
fisheries,schaefer,Simulated annealing,Annealing (T=1.523881),1,1814,546272fd-1817-4d29-a66b-93dc696e41f8,sigma_v,-29.356244865303793,0.08772838781504523
fisheries,schaefer,Simulated annealing,Annealing (T=1.523881),1,2014,546272fd-1817-4d29-a66b-93dc696e41f8,K,-22.437302410650304,2873.3262977014656
fisheries,schaefer,Simulated annealing,Annealing (T=1.523881),1,2014,546272fd-1817-4d29-a66b-93dc696e41f8,q,-22.437302410650304,0.0004428748632237663
fisheries,schaefer,Simulated annealing,Annealing (T=1.523881),1,2014,546272fd-1817-4d29-a66b-93dc696e41f8,r,-22.437302410650304,0.3638093637842248
fisheries,schaefer,Simulated annealing,Annealing (T=1.523881),1,2014,546272fd-1817-4d29-a66b-93dc696e41f8,sigma_v,-22.437302410650304,0.153630867031883
fisheries,schaefer,Simulated annealing,Annealing (T=1.523881),1,2214,546272fd-1817-4d29-a66b-93dc696e41f8,K,-29.190685250808944,2863.612538581363
fisheries,schaefer,Simulated annealing,Annealing (T=1.523881),1,2214,546272fd-1817-4d29-a66b-93dc696e41f8,q,-29.190685250808944,0.0004391733085332096
fisheries,schaefer,Simulated annealing,Annealing (T=1.523881),1,2214,546272fd-1817-4d29-a66b-93dc696e41f8,r,-29.190685250808944,0.3526083811973163
fisheries,schaefer,Simulated annealing,Annealing (T=1.523881),1,2214,546272fd-1817-4d29-a66b-93dc696e41f8,sigma_v,-29.190685250808944,0.11074122860897029
fisheries,schaefer,Simulated annealing,Annealing (T=1.523881),1,2414,546272fd-1817-4d29-a66b-93dc696e41f8,K,-27.986457924509956,2837.3648887425534
fisheries,schaefer,Simulated annealing,Annealing (T=1.523881),1,2414,546272fd-1817-4d29-a66b-93dc696e41f8,q,-27.986457924509956,0.00042375250700619284
fisheries,schaefer,Simulated annealing,Annealing (T=1.523881),1,2414,546272fd-1817-4d29-a66b-93dc696e41f8,r,-27.986457924509956,0.3592885118415901
fisheries,schaefer,Simulated annealing,Annealing (T=1.523881),1,2414,546272fd-1817-4d29-a66b-93dc696e41f8,sigma_v,-27.986457924509956,0.1058827149576612
fisheries,schaefer,Simulated annealing,Annealing (T=1.523881),1,2614,546272fd-1817-4d29-a66b-93dc696e41f8,K,-25.651300248982242,2972.823810870309
fisheries,schaefer,Simulated annealing,Annealing (T=1.523881),1,2614,546272fd-1817-4d29-a66b-93dc696e41f8,q,-25.651300248982242,0.00037075131128795874
fisheries,schaefer,Simulated annealing,Annealing (T=1.523881),1,2614,546272fd-1817-4d29-a66b-93dc696e41f8,r,-25.651300248982242,0.3445187004806194
fisheries,schaefer,Simulated annealing,Annealing (T=1.523881),1,2614,546272fd-1817-4d29-a66b-93dc696e41f8,sigma_v,-25.651300248982242,0.12304490486496014
fisheries,schaefer,Simulated annealing,Annealing (T=1.523881),1,2814,546272fd-1817-4d29-a66b-93dc696e41f8,K,-28.008779265164105,3002.797111333892
fisheries,schaefer,Simulated annealing,Annealing (T=1.523881),1,2814,546272fd-1817-4d29-a66b-93dc696e41f8,q,-28.008779265164105,0.0003801997029231652
fisheries,schaefer,Simulated annealing,Annealing (T=1.523881),1,2814,546272fd-1817-4d29-a66b-93dc696e41f8,r,-28.008779265164105,0.34385394388480994
fisheries,schaefer,Simulated annealing,Annealing (T=1.523881),1,2814,546272fd-1817-4d29-a66b-93dc696e41f8,sigma_v,-28.008779265164105,0.10377783549462548
fisheries,schaefer,Simulated annealing,Annealing (T=1.523881),1,3014,546272fd-1817-4d29-a66b-93dc696e41f8,K,-29.349517645178977,3018.83638065775
fisheries,schaefer,Simulated annealing,Annealing (T=1.523881),1,3014,546272fd-1817-4d29-a66b-93dc696e41f8,q,-29.349517645178977,0.0003900267072894011
fisheries,schaefer,Simulated annealing,Annealing (T=1.523881),1,3014,546272fd-1817-4d29-a66b-93dc696e41f8,r,-29.349517645178977,0.33290153564280367
fisheries,schaefer,Simulated annealing,Annealing (T=1.523881),1,3014,546272fd-1817-4d29-a66b-93dc696e41f8,sigma_v,-29.349517645178977,0.09990262905214954
fisheries,schaefer,Simulated annealing,Annealing (T=1.523881),1,3214,546272fd-1817-4d29-a66b-93dc696e41f8,K,-24.559101719875407,2988.687979970197
fisheries,schaefer,Simulated annealing,Annealing (T=1.523881),1,3214,546272fd-1817-4d29-a66b-93dc696e41f8,q,-24.559101719875407,0.0004410763083902621
fisheries,schaefer,Simulated annealing,Annealing (T=1.523881),1,3214,546272fd-1817-4d29-a66b-93dc696e41f8,r,-24.559101719875407,0.3312989706877546
fisheries,schaefer,Simulated annealing,Annealing (T=1.523881),1,3214,546272fd-1817-4d29-a66b-93dc696e41f8,sigma_v,-24.559101719875407,0.16115225480510817
fisheries,schaefer,Simulated annealing,Annealing (T=1.523881),1,3414,546272fd-1817-4d29-a66b-93dc696e41f8,K,-28.641614353654358,2923.0906179321714
fisheries,schaefer,Simulated annealing,Annealing (T=1.523881),1,3414,546272fd-1817-4d29-a66b-93dc696e41f8,q,-28.641614353654358,0.00044354484997109284
fisheries,schaefer,Simulated annealing,Annealing (T=1.523881),1,3414,546272fd-1817-4d29-a66b-93dc696e41f8,r,-28.641614353654358,0.34078013768357407
fisheries,schaefer,Simulated annealing,Annealing (T=1.523881),1,3414,546272fd-1817-4d29-a66b-93dc696e41f8,sigma_v,-28.641614353654358,0.09885441853998907
fisheries,schaefer,Simulated annealing,Annealing (T=1.523881),1,3614,546272fd-1817-4d29-a66b-93dc696e41f8,K,-24.65951388733921,2940.812236787878
fisheries,schaefer,Simulated annealing,Annealing (T=1.523881),1,3614,546272fd-1817-4d29-a66b-93dc696e41f8,q,-24.65951388733921,0.00038426231897015006
fisheries,schaefer,Simulated annealing,Annealing (T=1.523881),1,3614,546272fd-1817-4d29-a66b-93dc696e41f8,r,-24.65951388733921,0.3435491243341172
fisheries,schaefer,Simulated annealing,Annealing (T=1.523881),1,3614,546272fd-1817-4d29-a66b-93dc696e41f8,sigma_v,-24.65951388733921,0.11650990472865191
fisheries,schaefer,Simulated annealing,Annealing (T=1.523881),1,3814,546272fd-1817-4d29-a66b-93dc696e41f8,K,-26.875484401946977,2809.307087630566
fisheries,schaefer,Simulated annealing,Annealing (T=1.523881),1,3814,546272fd-1817-4d29-a66b-93dc696e41f8,q,-26.875484401946977,0.0004713587412072789
fisheries,schaefer,Simulated annealing,Annealing (T=1.523881),1,3814,546272fd-1817-4d29-a66b-93dc696e41f8,r,-26.875484401946977,0.35781198074404413
fisheries,schaefer,Simulated annealing,Annealing (T=1.523881),1,3814,546272fd-1817-4d29-a66b-93dc696e41f8,sigma_v,-26.875484401946977,0.08856320554207613
fisheries,schaefer,Simulated annealing,Annealing (T=1.523881),1,4014,546272fd-1817-4d29-a66b-93dc696e41f8,K,-28.24651750409222,2815.1716333837167
fisheries,schaefer,Simulated annealing,Annealing (T=1.523881),1,4014,546272fd-1817-4d29-a66b-93dc696e41f8,q,-28.24651750409222,0.00046151785934278307
fisheries,schaefer,Simulated annealing,Annealing (T=1.523881),1,4014,546272fd-1817-4d29-a66b-93dc696e41f8,r,-28.24651750409222,0.35871706988343105
fisheries,schaefer,Simulated annealing,Annealing (T=1.523881),1,4014,546272fd-1817-4d29-a66b-93dc696e41f8,sigma_v,-28.24651750409222,0.11956981335260572
fisheries,schaefer,Simulated annealing,Annealing (T=1.523881),1,4214,546272fd-1817-4d29-a66b-93dc696e41f8,K,-29.008500323437527,2812.5761619122145
fisheries,schaefer,Simulated annealing,Annealing (T=1.523881),1,4214,546272fd-1817-4d29-a66b-93dc696e41f8,q,-29.008500323437527,0.00046052561827916884
fisheries,schaefer,Simulated annealing,Annealing (T=1.523881),1,4214,546272fd-1817-4d29-a66b-93dc696e41f8,r,-29.008500323437527,0.360644351474349
fisheries,schaefer,Simulated annealing,Annealing (T=1.523881),1,4214,546272fd-1817-4d29-a66b-93dc696e41f8,sigma_v,-29.008500323437527,0.1073274040971093
fisheries,schaefer,Simulated annealing,Annealing (T=1.523881),1,4414,546272fd-1817-4d29-a66b-93dc696e41f8,K,-26.65960308228734,2912.1091485593156
fisheries,schaefer,Simulated annealing,Annealing (T=1.523881),1,4414,546272fd-1817-4d29-a66b-93dc696e41f8,q,-26.65960308228734,0.0003886861004750176
fisheries,schaefer,Simulated annealing,Annealing (T=1.523881),1,4414,546272fd-1817-4d29-a66b-93dc696e41f8,r,-26.65960308228734,0.35312109028941396
fisheries,schaefer,Simulated annealing,Annealing (T=1.523881),1,4414,546272fd-1817-4d29-a66b-93dc696e41f8,sigma_v,-26.65960308228734,0.09976317690552605
fisheries,schaefer,Simulated annealing,Annealing (T=1.523881),1,4614,546272fd-1817-4d29-a66b-93dc696e41f8,K,-28.21762387519501,2842.6944327264387
fisheries,schaefer,Simulated annealing,Annealing (T=1.523881),1,4614,546272fd-1817-4d29-a66b-93dc696e41f8,q,-28.21762387519501,0.0004371196048320517
fisheries,schaefer,Simulated annealing,Annealing (T=1.523881),1,4614,546272fd-1817-4d29-a66b-93dc696e41f8,r,-28.21762387519501,0.3575453624199818
fisheries,schaefer,Simulated annealing,Annealing (T=1.523881),1,4614,546272fd-1817-4d29-a66b-93dc696e41f8,sigma_v,-28.21762387519501,0.1291544167285779
fisheries,schaefer,Simulated annealing,Annealing (T=1.523881),1,4814,546272fd-1817-4d29-a66b-93dc696e41f8,K,-28.88728784703821,3051.9479177287076
fisheries,schaefer,Simulated annealing,Annealing (T=1.523881),1,4814,546272fd-1817-4d29-a66b-93dc696e41f8,q,-28.88728784703821,0.0003914651187714596
fisheries,schaefer,Simulated annealing,Annealing (T=1.523881),1,4814,546272fd-1817-4d29-a66b-93dc696e41f8,r,-28.88728784703821,0.3253798301374735
fisheries,schaefer,Simulated annealing,Annealing (T=1.523881),1,4814,546272fd-1817-4d29-a66b-93dc696e41f8,sigma_v,-28.88728784703821,0.11774105918183397
fisheries,schaefer,Simulated annealing,Annealing (T=1.469456),1,13,546272fd-1817-4d29-a66b-93dc696e41f8,K,-28.588632520598203,2911.342541248386
fisheries,schaefer,Simulated annealing,Annealing (T=1.469456),1,13,546272fd-1817-4d29-a66b-93dc696e41f8,q,-28.588632520598203,0.0004299067416303284
fisheries,schaefer,Simulated annealing,Annealing (T=1.469456),1,13,546272fd-1817-4d29-a66b-93dc696e41f8,r,-28.588632520598203,0.3461555815305089
fisheries,schaefer,Simulated annealing,Annealing (T=1.469456),1,13,546272fd-1817-4d29-a66b-93dc696e41f8,sigma_v,-28.588632520598203,0.12568029038968323
fisheries,schaefer,Simulated annealing,Annealing (T=1.469456),1,213,546272fd-1817-4d29-a66b-93dc696e41f8,K,-28.920465290077953,2793.0803870928303
fisheries,schaefer,Simulated annealing,Annealing (T=1.469456),1,213,546272fd-1817-4d29-a66b-93dc696e41f8,q,-28.920465290077953,0.00044980610707773695
fisheries,schaefer,Simulated annealing,Annealing (T=1.469456),1,213,546272fd-1817-4d29-a66b-93dc696e41f8,r,-28.920465290077953,0.3702875503180501
fisheries,schaefer,Simulated annealing,Annealing (T=1.469456),1,213,546272fd-1817-4d29-a66b-93dc696e41f8,sigma_v,-28.920465290077953,0.08981529870759472
fisheries,schaefer,Simulated annealing,Annealing (T=1.469456),1,413,546272fd-1817-4d29-a66b-93dc696e41f8,K,-28.206219939422553,2876.1986511817317
fisheries,schaefer,Simulated annealing,Annealing (T=1.469456),1,413,546272fd-1817-4d29-a66b-93dc696e41f8,q,-28.206219939422553,0.00042836114343222713
fisheries,schaefer,Simulated annealing,Annealing (T=1.469456),1,413,546272fd-1817-4d29-a66b-93dc696e41f8,r,-28.206219939422553,0.35861534089343583
fisheries,schaefer,Simulated annealing,Annealing (T=1.469456),1,413,546272fd-1817-4d29-a66b-93dc696e41f8,sigma_v,-28.206219939422553,0.09295595552939548
fisheries,schaefer,Simulated annealing,Annealing (T=1.469456),1,613,546272fd-1817-4d29-a66b-93dc696e41f8,K,-28.666695684418112,2775.8699110367247
fisheries,schaefer,Simulated annealing,Annealing (T=1.469456),1,613,546272fd-1817-4d29-a66b-93dc696e41f8,q,-28.666695684418112,0.0004560636216769927
fisheries,schaefer,Simulated annealing,Annealing (T=1.469456),1,613,546272fd-1817-4d29-a66b-93dc696e41f8,r,-28.666695684418112,0.36772713894393677
fisheries,schaefer,Simulated annealing,Annealing (T=1.469456),1,613,546272fd-1817-4d29-a66b-93dc696e41f8,sigma_v,-28.666695684418112,0.10012299235480274
fisheries,schaefer,Simulated annealing,Annealing (T=1.469456),1,813,546272fd-1817-4d29-a66b-93dc696e41f8,K,-27.13726480006514,2748.1860090642895
fisheries,schaefer,Simulated annealing,Annealing (T=1.469456),1,813,546272fd-1817-4d29-a66b-93dc696e41f8,q,-27.13726480006514,0.00042176498232681227
fisheries,schaefer,Simulated annealing,Annealing (T=1.469456),1,813,546272fd-1817-4d29-a66b-93dc696e41f8,r,-27.13726480006514,0.38446522004812195
fisheries,schaefer,Simulated annealing,Annealing (T=1.469456),1,813,546272fd-1817-4d29-a66b-93dc696e41f8,sigma_v,-27.13726480006514,0.11590154996662085
fisheries,schaefer,Simulated annealing,Annealing (T=1.469456),1,1013,546272fd-1817-4d29-a66b-93dc696e41f8,K,-28.20186390591146,2709.185415814999
fisheries,schaefer,Simulated annealing,Annealing (T=1.469456),1,1013,546272fd-1817-4d29-a66b-93dc696e41f8,q,-28.20186390591146,0.000444467018862328
fisheries,schaefer,Simulated annealing,Annealing (T=1.469456),1,1013,546272fd-1817-4d29-a66b-93dc696e41f8,r,-28.20186390591146,0.3881299450381431
fisheries,schaefer,Simulated annealing,Annealing (T=1.469456),1,1013,546272fd-1817-4d29-a66b-93dc696e41f8,sigma_v,-28.20186390591146,0.10229589304609314
fisheries,schaefer,Simulated annealing,Annealing (T=1.469456),1,1213,546272fd-1817-4d29-a66b-93dc696e41f8,K,-27.251000200506585,2705.44585104729
fisheries,schaefer,Simulated annealing,Annealing (T=1.469456),1,1213,546272fd-1817-4d29-a66b-93dc696e41f8,q,-27.251000200506585,0.00045544973490819167
fisheries,schaefer,Simulated annealing,Annealing (T=1.469456),1,1213,546272fd-1817-4d29-a66b-93dc696e41f8,r,-27.251000200506585,0.3926162339437452
fisheries,schaefer,Simulated annealing,Annealing (T=1.469456),1,1213,546272fd-1817-4d29-a66b-93dc696e41f8,sigma_v,-27.251000200506585,0.12052060621712905
fisheries,schaefer,Simulated annealing,Annealing (T=1.469456),1,1413,546272fd-1817-4d29-a66b-93dc696e41f8,K,-28.507842596764867,2642.627930737713
fisheries,schaefer,Simulated annealing,Annealing (T=1.469456),1,1413,546272fd-1817-4d29-a66b-93dc696e41f8,q,-28.507842596764867,0.0004846173539932757
fisheries,schaefer,Simulated annealing,Annealing (T=1.469456),1,1413,546272fd-1817-4d29-a66b-93dc696e41f8,r,-28.507842596764867,0.3966983667690682
fisheries,schaefer,Simulated annealing,Annealing (T=1.469456),1,1413,546272fd-1817-4d29-a66b-93dc696e41f8,sigma_v,-28.507842596764867,0.1070715695839726
fisheries,schaefer,Simulated annealing,Annealing (T=1.469456),1,1613,546272fd-1817-4d29-a66b-93dc696e41f8,K,-26.662954489230934,2620.788484016727
fisheries,schaefer,Simulated annealing,Annealing (T=1.469456),1,1613,546272fd-1817-4d29-a66b-93dc696e41f8,q,-26.662954489230934,0.00045998932366436777
fisheries,schaefer,Simulated annealing,Annealing (T=1.469456),1,1613,546272fd-1817-4d29-a66b-93dc696e41f8,r,-26.662954489230934,0.4117858176295178
fisheries,schaefer,Simulated annealing,Annealing (T=1.469456),1,1613,546272fd-1817-4d29-a66b-93dc696e41f8,sigma_v,-26.662954489230934,0.11090905143462086
fisheries,schaefer,Simulated annealing,Annealing (T=1.469456),1,1813,546272fd-1817-4d29-a66b-93dc696e41f8,K,-28.146762773259127,2641.510686688571
fisheries,schaefer,Simulated annealing,Annealing (T=1.469456),1,1813,546272fd-1817-4d29-a66b-93dc696e41f8,q,-28.146762773259127,0.0004869241696262328
fisheries,schaefer,Simulated annealing,Annealing (T=1.469456),1,1813,546272fd-1817-4d29-a66b-93dc696e41f8,r,-28.146762773259127,0.40009987211239517
fisheries,schaefer,Simulated annealing,Annealing (T=1.469456),1,1813,546272fd-1817-4d29-a66b-93dc696e41f8,sigma_v,-28.146762773259127,0.11330259957125935
fisheries,schaefer,Simulated annealing,Annealing (T=1.469456),1,2013,546272fd-1817-4d29-a66b-93dc696e41f8,K,-23.89965757708181,2709.806449938259
fisheries,schaefer,Simulated annealing,Annealing (T=1.469456),1,2013,546272fd-1817-4d29-a66b-93dc696e41f8,q,-23.89965757708181,0.0004965935780683458
fisheries,schaefer,Simulated annealing,Annealing (T=1.469456),1,2013,546272fd-1817-4d29-a66b-93dc696e41f8,r,-23.89965757708181,0.38596921345227764
fisheries,schaefer,Simulated annealing,Annealing (T=1.469456),1,2013,546272fd-1817-4d29-a66b-93dc696e41f8,sigma_v,-23.89965757708181,0.10256606739594121
fisheries,schaefer,Simulated annealing,Annealing (T=1.469456),1,2213,546272fd-1817-4d29-a66b-93dc696e41f8,K,-26.641777696014458,2663.6933880073966
fisheries,schaefer,Simulated annealing,Annealing (T=1.469456),1,2213,546272fd-1817-4d29-a66b-93dc696e41f8,q,-26.641777696014458,0.00048735947160927814
fisheries,schaefer,Simulated annealing,Annealing (T=1.469456),1,2213,546272fd-1817-4d29-a66b-93dc696e41f8,r,-26.641777696014458,0.3876737891813471
fisheries,schaefer,Simulated annealing,Annealing (T=1.469456),1,2213,546272fd-1817-4d29-a66b-93dc696e41f8,sigma_v,-26.641777696014458,0.1139620185843345
fisheries,schaefer,Simulated annealing,Annealing (T=1.469456),1,2413,546272fd-1817-4d29-a66b-93dc696e41f8,K,-27.27371963852348,2721.332001315252
fisheries,schaefer,Simulated annealing,Annealing (T=1.469456),1,2413,546272fd-1817-4d29-a66b-93dc696e41f8,q,-27.27371963852348,0.0004919205186697355
fisheries,schaefer,Simulated annealing,Annealing (T=1.469456),1,2413,546272fd-1817-4d29-a66b-93dc696e41f8,r,-27.27371963852348,0.3801884268651556
fisheries,schaefer,Simulated annealing,Annealing (T=1.469456),1,2413,546272fd-1817-4d29-a66b-93dc696e41f8,sigma_v,-27.27371963852348,0.10006627361733736
fisheries,schaefer,Simulated annealing,Annealing (T=1.469456),1,2613,546272fd-1817-4d29-a66b-93dc696e41f8,K,-27.927938740760574,2772.1449876095608
fisheries,schaefer,Simulated annealing,Annealing (T=1.469456),1,2613,546272fd-1817-4d29-a66b-93dc696e41f8,q,-27.927938740760574,0.00045539153468829156
fisheries,schaefer,Simulated annealing,Annealing (T=1.469456),1,2613,546272fd-1817-4d29-a66b-93dc696e41f8,r,-27.927938740760574,0.37068981914405447
fisheries,schaefer,Simulated annealing,Annealing (T=1.469456),1,2613,546272fd-1817-4d29-a66b-93dc696e41f8,sigma_v,-27.927938740760574,0.1331273280839779
fisheries,schaefer,Simulated annealing,Annealing (T=1.469456),1,2813,546272fd-1817-4d29-a66b-93dc696e41f8,K,-27.34206596251289,2821.4745186825357
fisheries,schaefer,Simulated annealing,Annealing (T=1.469456),1,2813,546272fd-1817-4d29-a66b-93dc696e41f8,q,-27.34206596251289,0.0004789623560774665
fisheries,schaefer,Simulated annealing,Annealing (T=1.469456),1,2813,546272fd-1817-4d29-a66b-93dc696e41f8,r,-27.34206596251289,0.3557440259307101
fisheries,schaefer,Simulated annealing,Annealing (T=1.469456),1,2813,546272fd-1817-4d29-a66b-93dc696e41f8,sigma_v,-27.34206596251289,0.11286571127806536
fisheries,schaefer,Simulated annealing,Annealing (T=1.469456),1,3013,546272fd-1817-4d29-a66b-93dc696e41f8,K,-23.602057277107974,2784.872380082003
fisheries,schaefer,Simulated annealing,Annealing (T=1.469456),1,3013,546272fd-1817-4d29-a66b-93dc696e41f8,q,-23.602057277107974,0.00046970679387861586
fisheries,schaefer,Simulated annealing,Annealing (T=1.469456),1,3013,546272fd-1817-4d29-a66b-93dc696e41f8,r,-23.602057277107974,0.35896776220438203
fisheries,schaefer,Simulated annealing,Annealing (T=1.469456),1,3013,546272fd-1817-4d29-a66b-93dc696e41f8,sigma_v,-23.602057277107974,0.14962984182826905
fisheries,schaefer,Simulated annealing,Annealing (T=1.469456),1,3213,546272fd-1817-4d29-a66b-93dc696e41f8,K,-28.299715938754858,2808.8353044955584
fisheries,schaefer,Simulated annealing,Annealing (T=1.469456),1,3213,546272fd-1817-4d29-a66b-93dc696e41f8,q,-28.299715938754858,0.0004510501044782295
fisheries,schaefer,Simulated annealing,Annealing (T=1.469456),1,3213,546272fd-1817-4d29-a66b-93dc696e41f8,r,-28.299715938754858,0.365122235417631
fisheries,schaefer,Simulated annealing,Annealing (T=1.469456),1,3213,546272fd-1817-4d29-a66b-93dc696e41f8,sigma_v,-28.299715938754858,0.1283777553883688
fisheries,schaefer,Simulated annealing,Annealing (T=1.469456),1,3413,546272fd-1817-4d29-a66b-93dc696e41f8,K,-26.08723026696281,2930.342848356734
fisheries,schaefer,Simulated annealing,Annealing (T=1.469456),1,3413,546272fd-1817-4d29-a66b-93dc696e41f8,q,-26.08723026696281,0.0003769417161688274
fisheries,schaefer,Simulated annealing,Annealing (T=1.469456),1,3413,546272fd-1817-4d29-a66b-93dc696e41f8,r,-26.08723026696281,0.35361904373043207
fisheries,schaefer,Simulated annealing,Annealing (T=1.469456),1,3413,546272fd-1817-4d29-a66b-93dc696e41f8,sigma_v,-26.08723026696281,0.11707302881911451
fisheries,schaefer,Simulated annealing,Annealing (T=1.469456),1,3613,546272fd-1817-4d29-a66b-93dc696e41f8,K,-25.444851888602887,2844.491550675074
fisheries,schaefer,Simulated annealing,Annealing (T=1.469456),1,3613,546272fd-1817-4d29-a66b-93dc696e41f8,q,-25.444851888602887,0.00041362316422852277
fisheries,schaefer,Simulated annealing,Annealing (T=1.469456),1,3613,546272fd-1817-4d29-a66b-93dc696e41f8,r,-25.444851888602887,0.36903527427230065
fisheries,schaefer,Simulated annealing,Annealing (T=1.469456),1,3613,546272fd-1817-4d29-a66b-93dc696e41f8,sigma_v,-25.444851888602887,0.0785202166170286
fisheries,schaefer,Simulated annealing,Annealing (T=1.469456),1,3813,546272fd-1817-4d29-a66b-93dc696e41f8,K,-28.444001084021,2755.6343362527095
fisheries,schaefer,Simulated annealing,Annealing (T=1.469456),1,3813,546272fd-1817-4d29-a66b-93dc696e41f8,q,-28.444001084021,0.00047745182621228315
fisheries,schaefer,Simulated annealing,Annealing (T=1.469456),1,3813,546272fd-1817-4d29-a66b-93dc696e41f8,r,-28.444001084021,0.37341392447791416
fisheries,schaefer,Simulated annealing,Annealing (T=1.469456),1,3813,546272fd-1817-4d29-a66b-93dc696e41f8,sigma_v,-28.444001084021,0.10369054635445192
fisheries,schaefer,Simulated annealing,Annealing (T=1.469456),1,4013,546272fd-1817-4d29-a66b-93dc696e41f8,K,-28.43384557116548,2690.042106750614
fisheries,schaefer,Simulated annealing,Annealing (T=1.469456),1,4013,546272fd-1817-4d29-a66b-93dc696e41f8,q,-28.43384557116548,0.0004896991640951298
fisheries,schaefer,Simulated annealing,Annealing (T=1.469456),1,4013,546272fd-1817-4d29-a66b-93dc696e41f8,r,-28.43384557116548,0.38482652968367353
fisheries,schaefer,Simulated annealing,Annealing (T=1.469456),1,4013,546272fd-1817-4d29-a66b-93dc696e41f8,sigma_v,-28.43384557116548,0.11401486740183829
fisheries,schaefer,Simulated annealing,Annealing (T=1.469456),1,4213,546272fd-1817-4d29-a66b-93dc696e41f8,K,-27.63040750851222,2816.907103698244
fisheries,schaefer,Simulated annealing,Annealing (T=1.469456),1,4213,546272fd-1817-4d29-a66b-93dc696e41f8,q,-27.63040750851222,0.00041005710095285113
fisheries,schaefer,Simulated annealing,Annealing (T=1.469456),1,4213,546272fd-1817-4d29-a66b-93dc696e41f8,r,-27.63040750851222,0.37065057754334696
fisheries,schaefer,Simulated annealing,Annealing (T=1.469456),1,4213,546272fd-1817-4d29-a66b-93dc696e41f8,sigma_v,-27.63040750851222,0.10504137940472992
fisheries,schaefer,Simulated annealing,Annealing (T=1.469456),1,4413,546272fd-1817-4d29-a66b-93dc696e41f8,K,-28.024277356483903,2781.6276511631268
fisheries,schaefer,Simulated annealing,Annealing (T=1.469456),1,4413,546272fd-1817-4d29-a66b-93dc696e41f8,q,-28.024277356483903,0.00043951617191700205
fisheries,schaefer,Simulated annealing,Annealing (T=1.469456),1,4413,546272fd-1817-4d29-a66b-93dc696e41f8,r,-28.024277356483903,0.3719298266178115
fisheries,schaefer,Simulated annealing,Annealing (T=1.469456),1,4413,546272fd-1817-4d29-a66b-93dc696e41f8,sigma_v,-28.024277356483903,0.13042771235797584
fisheries,schaefer,Simulated annealing,Annealing (T=1.469456),1,4613,546272fd-1817-4d29-a66b-93dc696e41f8,K,-28.46835228454306,2830.2560906607046
fisheries,schaefer,Simulated annealing,Annealing (T=1.469456),1,4613,546272fd-1817-4d29-a66b-93dc696e41f8,q,-28.46835228454306,0.0004208534939896144
fisheries,schaefer,Simulated annealing,Annealing (T=1.469456),1,4613,546272fd-1817-4d29-a66b-93dc696e41f8,r,-28.46835228454306,0.364533905034513
fisheries,schaefer,Simulated annealing,Annealing (T=1.469456),1,4613,546272fd-1817-4d29-a66b-93dc696e41f8,sigma_v,-28.46835228454306,0.11802223535780021
fisheries,schaefer,Simulated annealing,Annealing (T=1.469456),1,4813,546272fd-1817-4d29-a66b-93dc696e41f8,K,-25.926189219816663,2789.063162498516
fisheries,schaefer,Simulated annealing,Annealing (T=1.469456),1,4813,546272fd-1817-4d29-a66b-93dc696e41f8,q,-25.926189219816663,0.0004047625385469165
fisheries,schaefer,Simulated annealing,Annealing (T=1.469456),1,4813,546272fd-1817-4d29-a66b-93dc696e41f8,r,-25.926189219816663,0.3829764333854001
fisheries,schaefer,Simulated annealing,Annealing (T=1.469456),1,4813,546272fd-1817-4d29-a66b-93dc696e41f8,sigma_v,-25.926189219816663,0.12966110742207762
fisheries,schaefer,Simulated annealing,Annealing (T=1.418785),1,12,546272fd-1817-4d29-a66b-93dc696e41f8,K,-29.357191048710682,2918.55010564351
fisheries,schaefer,Simulated annealing,Annealing (T=1.418785),1,12,546272fd-1817-4d29-a66b-93dc696e41f8,q,-29.357191048710682,0.00040938219271659845
fisheries,schaefer,Simulated annealing,Annealing (T=1.418785),1,12,546272fd-1817-4d29-a66b-93dc696e41f8,r,-29.357191048710682,0.3492943820945498
fisheries,schaefer,Simulated annealing,Annealing (T=1.418785),1,12,546272fd-1817-4d29-a66b-93dc696e41f8,sigma_v,-29.357191048710682,0.09045781477238224
fisheries,schaefer,Simulated annealing,Annealing (T=1.418785),1,212,546272fd-1817-4d29-a66b-93dc696e41f8,K,-29.196227556826184,2918.400489570282
fisheries,schaefer,Simulated annealing,Annealing (T=1.418785),1,212,546272fd-1817-4d29-a66b-93dc696e41f8,q,-29.196227556826184,0.00041984747304012426
fisheries,schaefer,Simulated annealing,Annealing (T=1.418785),1,212,546272fd-1817-4d29-a66b-93dc696e41f8,r,-29.196227556826184,0.3498163148887007
fisheries,schaefer,Simulated annealing,Annealing (T=1.418785),1,212,546272fd-1817-4d29-a66b-93dc696e41f8,sigma_v,-29.196227556826184,0.09411513437593176
fisheries,schaefer,Simulated annealing,Annealing (T=1.418785),1,412,546272fd-1817-4d29-a66b-93dc696e41f8,K,-28.517163661304508,2881.0881657259433
fisheries,schaefer,Simulated annealing,Annealing (T=1.418785),1,412,546272fd-1817-4d29-a66b-93dc696e41f8,q,-28.517163661304508,0.0004220326125087846
fisheries,schaefer,Simulated annealing,Annealing (T=1.418785),1,412,546272fd-1817-4d29-a66b-93dc696e41f8,r,-28.517163661304508,0.35826290009224077
fisheries,schaefer,Simulated annealing,Annealing (T=1.418785),1,412,546272fd-1817-4d29-a66b-93dc696e41f8,sigma_v,-28.517163661304508,0.11642324828455118
fisheries,schaefer,Simulated annealing,Annealing (T=1.418785),1,612,546272fd-1817-4d29-a66b-93dc696e41f8,K,-28.586652847488143,2843.94643377062
fisheries,schaefer,Simulated annealing,Annealing (T=1.418785),1,612,546272fd-1817-4d29-a66b-93dc696e41f8,q,-28.586652847488143,0.00043297562930143447
fisheries,schaefer,Simulated annealing,Annealing (T=1.418785),1,612,546272fd-1817-4d29-a66b-93dc696e41f8,r,-28.586652847488143,0.35631236682862644
fisheries,schaefer,Simulated annealing,Annealing (T=1.418785),1,612,546272fd-1817-4d29-a66b-93dc696e41f8,sigma_v,-28.586652847488143,0.10673162413279658
fisheries,schaefer,Simulated annealing,Annealing (T=1.418785),1,812,546272fd-1817-4d29-a66b-93dc696e41f8,K,-28.63279449101337,2936.8038316987563
fisheries,schaefer,Simulated annealing,Annealing (T=1.418785),1,812,546272fd-1817-4d29-a66b-93dc696e41f8,q,-28.63279449101337,0.000428192678325075
fisheries,schaefer,Simulated annealing,Annealing (T=1.418785),1,812,546272fd-1817-4d29-a66b-93dc696e41f8,r,-28.63279449101337,0.33779449095262293
fisheries,schaefer,Simulated annealing,Annealing (T=1.418785),1,812,546272fd-1817-4d29-a66b-93dc696e41f8,sigma_v,-28.63279449101337,0.1065913457537168
fisheries,schaefer,Simulated annealing,Annealing (T=1.418785),1,1012,546272fd-1817-4d29-a66b-93dc696e41f8,K,-23.586305277277162,2776.7762789750477
fisheries,schaefer,Simulated annealing,Annealing (T=1.418785),1,1012,546272fd-1817-4d29-a66b-93dc696e41f8,q,-23.586305277277162,0.0004134466853623729
fisheries,schaefer,Simulated annealing,Annealing (T=1.418785),1,1012,546272fd-1817-4d29-a66b-93dc696e41f8,r,-23.586305277277162,0.3845164004718375
fisheries,schaefer,Simulated annealing,Annealing (T=1.418785),1,1012,546272fd-1817-4d29-a66b-93dc696e41f8,sigma_v,-23.586305277277162,0.1751972157473315
fisheries,schaefer,Simulated annealing,Annealing (T=1.418785),1,1212,546272fd-1817-4d29-a66b-93dc696e41f8,K,-26.879270406936744,2701.584340975634
fisheries,schaefer,Simulated annealing,Annealing (T=1.418785),1,1212,546272fd-1817-4d29-a66b-93dc696e41f8,q,-26.879270406936744,0.00044188017333981274
fisheries,schaefer,Simulated annealing,Annealing (T=1.418785),1,1212,546272fd-1817-4d29-a66b-93dc696e41f8,r,-26.879270406936744,0.3903457735111624
fisheries,schaefer,Simulated annealing,Annealing (T=1.418785),1,1212,546272fd-1817-4d29-a66b-93dc696e41f8,sigma_v,-26.879270406936744,0.1344095974798932
fisheries,schaefer,Simulated annealing,Annealing (T=1.418785),1,1412,546272fd-1817-4d29-a66b-93dc696e41f8,K,-27.468122171227183,2766.2462551834383
fisheries,schaefer,Simulated annealing,Annealing (T=1.418785),1,1412,546272fd-1817-4d29-a66b-93dc696e41f8,q,-27.468122171227183,0.0004250558498847829
fisheries,schaefer,Simulated annealing,Annealing (T=1.418785),1,1412,546272fd-1817-4d29-a66b-93dc696e41f8,r,-27.468122171227183,0.38358118271108466
fisheries,schaefer,Simulated annealing,Annealing (T=1.418785),1,1412,546272fd-1817-4d29-a66b-93dc696e41f8,sigma_v,-27.468122171227183,0.11173464826042637
fisheries,schaefer,Simulated annealing,Annealing (T=1.418785),1,1612,546272fd-1817-4d29-a66b-93dc696e41f8,K,-26.29751602800847,2764.584866399408
fisheries,schaefer,Simulated annealing,Annealing (T=1.418785),1,1612,546272fd-1817-4d29-a66b-93dc696e41f8,q,-26.29751602800847,0.00046688351368114885
fisheries,schaefer,Simulated annealing,Annealing (T=1.418785),1,1612,546272fd-1817-4d29-a66b-93dc696e41f8,r,-26.29751602800847,0.3760588762151379
fisheries,schaefer,Simulated annealing,Annealing (T=1.418785),1,1612,546272fd-1817-4d29-a66b-93dc696e41f8,sigma_v,-26.29751602800847,0.1416140251203043
fisheries,schaefer,Simulated annealing,Annealing (T=1.418785),1,1812,546272fd-1817-4d29-a66b-93dc696e41f8,K,-29.339732866605736,2825.1451334121007
fisheries,schaefer,Simulated annealing,Annealing (T=1.418785),1,1812,546272fd-1817-4d29-a66b-93dc696e41f8,q,-29.339732866605736,0.0004294057657669683
fisheries,schaefer,Simulated annealing,Annealing (T=1.418785),1,1812,546272fd-1817-4d29-a66b-93dc696e41f8,r,-29.339732866605736,0.3662600465481171
fisheries,schaefer,Simulated annealing,Annealing (T=1.418785),1,1812,546272fd-1817-4d29-a66b-93dc696e41f8,sigma_v,-29.339732866605736,0.09563780982947204
fisheries,schaefer,Simulated annealing,Annealing (T=1.418785),1,2012,546272fd-1817-4d29-a66b-93dc696e41f8,K,-29.007319766002972,2791.154713756079
fisheries,schaefer,Simulated annealing,Annealing (T=1.418785),1,2012,546272fd-1817-4d29-a66b-93dc696e41f8,q,-29.007319766002972,0.0004349440778148715
fisheries,schaefer,Simulated annealing,Annealing (T=1.418785),1,2012,546272fd-1817-4d29-a66b-93dc696e41f8,r,-29.007319766002972,0.36993287641549194
fisheries,schaefer,Simulated annealing,Annealing (T=1.418785),1,2012,546272fd-1817-4d29-a66b-93dc696e41f8,sigma_v,-29.007319766002972,0.10478953566043468
fisheries,schaefer,Simulated annealing,Annealing (T=1.418785),1,2212,546272fd-1817-4d29-a66b-93dc696e41f8,K,-25.60568263692076,2770.342539427403
fisheries,schaefer,Simulated annealing,Annealing (T=1.418785),1,2212,546272fd-1817-4d29-a66b-93dc696e41f8,q,-25.60568263692076,0.00046484244361004207
fisheries,schaefer,Simulated annealing,Annealing (T=1.418785),1,2212,546272fd-1817-4d29-a66b-93dc696e41f8,r,-25.60568263692076,0.36656962162543744
fisheries,schaefer,Simulated annealing,Annealing (T=1.418785),1,2212,546272fd-1817-4d29-a66b-93dc696e41f8,sigma_v,-25.60568263692076,0.07942651384866789
fisheries,schaefer,Simulated annealing,Annealing (T=1.418785),1,2412,546272fd-1817-4d29-a66b-93dc696e41f8,K,-28.175531222879677,2763.162297531968
fisheries,schaefer,Simulated annealing,Annealing (T=1.418785),1,2412,546272fd-1817-4d29-a66b-93dc696e41f8,q,-28.175531222879677,0.0004309949660890277
fisheries,schaefer,Simulated annealing,Annealing (T=1.418785),1,2412,546272fd-1817-4d29-a66b-93dc696e41f8,r,-28.175531222879677,0.38124251142346494
fisheries,schaefer,Simulated annealing,Annealing (T=1.418785),1,2412,546272fd-1817-4d29-a66b-93dc696e41f8,sigma_v,-28.175531222879677,0.09784067277271713
fisheries,schaefer,Simulated annealing,Annealing (T=1.418785),1,2612,546272fd-1817-4d29-a66b-93dc696e41f8,K,-25.417218750235786,2745.300953553215
fisheries,schaefer,Simulated annealing,Annealing (T=1.418785),1,2612,546272fd-1817-4d29-a66b-93dc696e41f8,q,-25.417218750235786,0.0005071369466963474
fisheries,schaefer,Simulated annealing,Annealing (T=1.418785),1,2612,546272fd-1817-4d29-a66b-93dc696e41f8,r,-25.417218750235786,0.37110829348850344
fisheries,schaefer,Simulated annealing,Annealing (T=1.418785),1,2612,546272fd-1817-4d29-a66b-93dc696e41f8,sigma_v,-25.417218750235786,0.139293216170343
fisheries,schaefer,Simulated annealing,Annealing (T=1.418785),1,2812,546272fd-1817-4d29-a66b-93dc696e41f8,K,-28.469811734648708,2769.280015491924
fisheries,schaefer,Simulated annealing,Annealing (T=1.418785),1,2812,546272fd-1817-4d29-a66b-93dc696e41f8,q,-28.469811734648708,0.00046099248636624114
fisheries,schaefer,Simulated annealing,Annealing (T=1.418785),1,2812,546272fd-1817-4d29-a66b-93dc696e41f8,r,-28.469811734648708,0.37292682587740855
fisheries,schaefer,Simulated annealing,Annealing (T=1.418785),1,2812,546272fd-1817-4d29-a66b-93dc696e41f8,sigma_v,-28.469811734648708,0.12254094478119876
fisheries,schaefer,Simulated annealing,Annealing (T=1.418785),1,3012,546272fd-1817-4d29-a66b-93dc696e41f8,K,-28.192708018131427,2797.093645680237
fisheries,schaefer,Simulated annealing,Annealing (T=1.418785),1,3012,546272fd-1817-4d29-a66b-93dc696e41f8,q,-28.192708018131427,0.00047160397733486074
fisheries,schaefer,Simulated annealing,Annealing (T=1.418785),1,3012,546272fd-1817-4d29-a66b-93dc696e41f8,r,-28.192708018131427,0.3610774234778068
fisheries,schaefer,Simulated annealing,Annealing (T=1.418785),1,3012,546272fd-1817-4d29-a66b-93dc696e41f8,sigma_v,-28.192708018131427,0.10851314438615925
fisheries,schaefer,Simulated annealing,Annealing (T=1.418785),1,3212,546272fd-1817-4d29-a66b-93dc696e41f8,K,-27.28847642599272,2763.517291599977
fisheries,schaefer,Simulated annealing,Annealing (T=1.418785),1,3212,546272fd-1817-4d29-a66b-93dc696e41f8,q,-27.28847642599272,0.00044353833451583327
fisheries,schaefer,Simulated annealing,Annealing (T=1.418785),1,3212,546272fd-1817-4d29-a66b-93dc696e41f8,r,-27.28847642599272,0.37276391981484613
fisheries,schaefer,Simulated annealing,Annealing (T=1.418785),1,3212,546272fd-1817-4d29-a66b-93dc696e41f8,sigma_v,-27.28847642599272,0.1330520282931
fisheries,schaefer,Simulated annealing,Annealing (T=1.418785),1,3412,546272fd-1817-4d29-a66b-93dc696e41f8,K,-28.52273731756445,2756.158269980814
fisheries,schaefer,Simulated annealing,Annealing (T=1.418785),1,3412,546272fd-1817-4d29-a66b-93dc696e41f8,q,-28.52273731756445,0.0004648649041723463
fisheries,schaefer,Simulated annealing,Annealing (T=1.418785),1,3412,546272fd-1817-4d29-a66b-93dc696e41f8,r,-28.52273731756445,0.3755794523961623
fisheries,schaefer,Simulated annealing,Annealing (T=1.418785),1,3412,546272fd-1817-4d29-a66b-93dc696e41f8,sigma_v,-28.52273731756445,0.11929777906757144
fisheries,schaefer,Simulated annealing,Annealing (T=1.418785),1,3612,546272fd-1817-4d29-a66b-93dc696e41f8,K,-27.267889861634842,2692.993992181635
fisheries,schaefer,Simulated annealing,Annealing (T=1.418785),1,3612,546272fd-1817-4d29-a66b-93dc696e41f8,q,-27.267889861634842,0.0005011767560201294
fisheries,schaefer,Simulated annealing,Annealing (T=1.418785),1,3612,546272fd-1817-4d29-a66b-93dc696e41f8,r,-27.267889861634842,0.3808014767520112
fisheries,schaefer,Simulated annealing,Annealing (T=1.418785),1,3612,546272fd-1817-4d29-a66b-93dc696e41f8,sigma_v,-27.267889861634842,0.11943722485134567
fisheries,schaefer,Simulated annealing,Annealing (T=1.418785),1,3812,546272fd-1817-4d29-a66b-93dc696e41f8,K,-28.64936740939357,2711.5619768880633
fisheries,schaefer,Simulated annealing,Annealing (T=1.418785),1,3812,546272fd-1817-4d29-a66b-93dc696e41f8,q,-28.64936740939357,0.000453973309482271
fisheries,schaefer,Simulated annealing,Annealing (T=1.418785),1,3812,546272fd-1817-4d29-a66b-93dc696e41f8,r,-28.64936740939357,0.3864869423154723
fisheries,schaefer,Simulated annealing,Annealing (T=1.418785),1,3812,546272fd-1817-4d29-a66b-93dc696e41f8,sigma_v,-28.64936740939357,0.09152937018950377
fisheries,schaefer,Simulated annealing,Annealing (T=1.418785),1,4012,546272fd-1817-4d29-a66b-93dc696e41f8,K,-28.283626097030655,2662.9177591325074
fisheries,schaefer,Simulated annealing,Annealing (T=1.418785),1,4012,546272fd-1817-4d29-a66b-93dc696e41f8,q,-28.283626097030655,0.0004983197964346767
fisheries,schaefer,Simulated annealing,Annealing (T=1.418785),1,4012,546272fd-1817-4d29-a66b-93dc696e41f8,r,-28.283626097030655,0.3899232523445569
fisheries,schaefer,Simulated annealing,Annealing (T=1.418785),1,4012,546272fd-1817-4d29-a66b-93dc696e41f8,sigma_v,-28.283626097030655,0.10974485229116351
fisheries,schaefer,Simulated annealing,Annealing (T=1.418785),1,4212,546272fd-1817-4d29-a66b-93dc696e41f8,K,-23.233933629609908,2696.2341679590127
fisheries,schaefer,Simulated annealing,Annealing (T=1.418785),1,4212,546272fd-1817-4d29-a66b-93dc696e41f8,q,-23.233933629609908,0.0004492712595278456
fisheries,schaefer,Simulated annealing,Annealing (T=1.418785),1,4212,546272fd-1817-4d29-a66b-93dc696e41f8,r,-23.233933629609908,0.3864145629765812
fisheries,schaefer,Simulated annealing,Annealing (T=1.418785),1,4212,546272fd-1817-4d29-a66b-93dc696e41f8,sigma_v,-23.233933629609908,0.1806162105896405
fisheries,schaefer,Simulated annealing,Annealing (T=1.418785),1,4412,546272fd-1817-4d29-a66b-93dc696e41f8,K,-27.721440606196186,2587.9816556220153
fisheries,schaefer,Simulated annealing,Annealing (T=1.418785),1,4412,546272fd-1817-4d29-a66b-93dc696e41f8,q,-27.721440606196186,0.000488813980343414
fisheries,schaefer,Simulated annealing,Annealing (T=1.418785),1,4412,546272fd-1817-4d29-a66b-93dc696e41f8,r,-27.721440606196186,0.4098104280929318
fisheries,schaefer,Simulated annealing,Annealing (T=1.418785),1,4412,546272fd-1817-4d29-a66b-93dc696e41f8,sigma_v,-27.721440606196186,0.10809064721547942
fisheries,schaefer,Simulated annealing,Annealing (T=1.418785),1,4612,546272fd-1817-4d29-a66b-93dc696e41f8,K,-23.616187853746997,2581.4385983411744
fisheries,schaefer,Simulated annealing,Annealing (T=1.418785),1,4612,546272fd-1817-4d29-a66b-93dc696e41f8,q,-23.616187853746997,0.00046322164844929696
fisheries,schaefer,Simulated annealing,Annealing (T=1.418785),1,4612,546272fd-1817-4d29-a66b-93dc696e41f8,r,-23.616187853746997,0.4230984316991352
fisheries,schaefer,Simulated annealing,Annealing (T=1.418785),1,4612,546272fd-1817-4d29-a66b-93dc696e41f8,sigma_v,-23.616187853746997,0.09248103273562233
fisheries,schaefer,Simulated annealing,Annealing (T=1.418785),1,4812,546272fd-1817-4d29-a66b-93dc696e41f8,K,-27.226154598253448,2591.8538899968116
fisheries,schaefer,Simulated annealing,Annealing (T=1.418785),1,4812,546272fd-1817-4d29-a66b-93dc696e41f8,q,-27.226154598253448,0.0005235003728489717
fisheries,schaefer,Simulated annealing,Annealing (T=1.418785),1,4812,546272fd-1817-4d29-a66b-93dc696e41f8,r,-27.226154598253448,0.40684109386900547
fisheries,schaefer,Simulated annealing,Annealing (T=1.418785),1,4812,546272fd-1817-4d29-a66b-93dc696e41f8,sigma_v,-27.226154598253448,0.11163350525677684
fisheries,schaefer,Simulated annealing,Annealing (T=1.371493),1,11,546272fd-1817-4d29-a66b-93dc696e41f8,K,-28.185577673430252,2914.331610841212
fisheries,schaefer,Simulated annealing,Annealing (T=1.371493),1,11,546272fd-1817-4d29-a66b-93dc696e41f8,q,-28.185577673430252,0.0004086540002564032
fisheries,schaefer,Simulated annealing,Annealing (T=1.371493),1,11,546272fd-1817-4d29-a66b-93dc696e41f8,r,-28.185577673430252,0.34994348501934036
fisheries,schaefer,Simulated annealing,Annealing (T=1.371493),1,11,546272fd-1817-4d29-a66b-93dc696e41f8,sigma_v,-28.185577673430252,0.07936770428868103
fisheries,schaefer,Simulated annealing,Annealing (T=1.371493),1,211,546272fd-1817-4d29-a66b-93dc696e41f8,K,-27.649170825227294,2991.2765871776455
fisheries,schaefer,Simulated annealing,Annealing (T=1.371493),1,211,546272fd-1817-4d29-a66b-93dc696e41f8,q,-27.649170825227294,0.00038861881100500385
fisheries,schaefer,Simulated annealing,Annealing (T=1.371493),1,211,546272fd-1817-4d29-a66b-93dc696e41f8,r,-27.649170825227294,0.3403483635617655
fisheries,schaefer,Simulated annealing,Annealing (T=1.371493),1,211,546272fd-1817-4d29-a66b-93dc696e41f8,sigma_v,-27.649170825227294,0.13418990801749758
fisheries,schaefer,Simulated annealing,Annealing (T=1.371493),1,411,546272fd-1817-4d29-a66b-93dc696e41f8,K,-26.822495302265942,3019.543434964642
fisheries,schaefer,Simulated annealing,Annealing (T=1.371493),1,411,546272fd-1817-4d29-a66b-93dc696e41f8,q,-26.822495302265942,0.0004211313943208567
fisheries,schaefer,Simulated annealing,Annealing (T=1.371493),1,411,546272fd-1817-4d29-a66b-93dc696e41f8,r,-26.822495302265942,0.3232304894746027
fisheries,schaefer,Simulated annealing,Annealing (T=1.371493),1,411,546272fd-1817-4d29-a66b-93dc696e41f8,sigma_v,-26.822495302265942,0.08303505791701501
fisheries,schaefer,Simulated annealing,Annealing (T=1.371493),1,611,546272fd-1817-4d29-a66b-93dc696e41f8,K,-28.246425670720427,3154.402729056074
fisheries,schaefer,Simulated annealing,Annealing (T=1.371493),1,611,546272fd-1817-4d29-a66b-93dc696e41f8,q,-28.246425670720427,0.0003764831110043741
fisheries,schaefer,Simulated annealing,Annealing (T=1.371493),1,611,546272fd-1817-4d29-a66b-93dc696e41f8,r,-28.246425670720427,0.3159956852373725
fisheries,schaefer,Simulated annealing,Annealing (T=1.371493),1,611,546272fd-1817-4d29-a66b-93dc696e41f8,sigma_v,-28.246425670720427,0.11497898739905321
fisheries,schaefer,Simulated annealing,Annealing (T=1.371493),1,811,546272fd-1817-4d29-a66b-93dc696e41f8,K,-28.30859143517512,3277.737788633963
fisheries,schaefer,Simulated annealing,Annealing (T=1.371493),1,811,546272fd-1817-4d29-a66b-93dc696e41f8,q,-28.30859143517512,0.0003551463403395679
fisheries,schaefer,Simulated annealing,Annealing (T=1.371493),1,811,546272fd-1817-4d29-a66b-93dc696e41f8,r,-28.30859143517512,0.29934337996785226
fisheries,schaefer,Simulated annealing,Annealing (T=1.371493),1,811,546272fd-1817-4d29-a66b-93dc696e41f8,sigma_v,-28.30859143517512,0.1013925399992565
fisheries,schaefer,Simulated annealing,Annealing (T=1.371493),1,1011,546272fd-1817-4d29-a66b-93dc696e41f8,K,-25.088549189851125,3294.0760637301887
fisheries,schaefer,Simulated annealing,Annealing (T=1.371493),1,1011,546272fd-1817-4d29-a66b-93dc696e41f8,q,-25.088549189851125,0.0003354941098872641
fisheries,schaefer,Simulated annealing,Annealing (T=1.371493),1,1011,546272fd-1817-4d29-a66b-93dc696e41f8,r,-25.088549189851125,0.31119608297180607
fisheries,schaefer,Simulated annealing,Annealing (T=1.371493),1,1011,546272fd-1817-4d29-a66b-93dc696e41f8,sigma_v,-25.088549189851125,0.10734283735816416
fisheries,schaefer,Simulated annealing,Annealing (T=1.371493),1,1211,546272fd-1817-4d29-a66b-93dc696e41f8,K,-25.4898380221163,3257.1760633078247
fisheries,schaefer,Simulated annealing,Annealing (T=1.371493),1,1211,546272fd-1817-4d29-a66b-93dc696e41f8,q,-25.4898380221163,0.0003311974222141402
fisheries,schaefer,Simulated annealing,Annealing (T=1.371493),1,1211,546272fd-1817-4d29-a66b-93dc696e41f8,r,-25.4898380221163,0.3092057066853821
fisheries,schaefer,Simulated annealing,Annealing (T=1.371493),1,1211,546272fd-1817-4d29-a66b-93dc696e41f8,sigma_v,-25.4898380221163,0.0906024499976875
fisheries,schaefer,Simulated annealing,Annealing (T=1.371493),1,1411,546272fd-1817-4d29-a66b-93dc696e41f8,K,-27.516590434674022,3256.059110192155
fisheries,schaefer,Simulated annealing,Annealing (T=1.371493),1,1411,546272fd-1817-4d29-a66b-93dc696e41f8,q,-27.516590434674022,0.00038141644943759585
fisheries,schaefer,Simulated annealing,Annealing (T=1.371493),1,1411,546272fd-1817-4d29-a66b-93dc696e41f8,r,-27.516590434674022,0.29242247193182064
fisheries,schaefer,Simulated annealing,Annealing (T=1.371493),1,1411,546272fd-1817-4d29-a66b-93dc696e41f8,sigma_v,-27.516590434674022,0.11285061093326122
fisheries,schaefer,Simulated annealing,Annealing (T=1.371493),1,1611,546272fd-1817-4d29-a66b-93dc696e41f8,K,-27.027335039889245,3373.9883535692993
fisheries,schaefer,Simulated annealing,Annealing (T=1.371493),1,1611,546272fd-1817-4d29-a66b-93dc696e41f8,q,-27.027335039889245,0.0003528920562154939
fisheries,schaefer,Simulated annealing,Annealing (T=1.371493),1,1611,546272fd-1817-4d29-a66b-93dc696e41f8,r,-27.027335039889245,0.28285717532135907
fisheries,schaefer,Simulated annealing,Annealing (T=1.371493),1,1611,546272fd-1817-4d29-a66b-93dc696e41f8,sigma_v,-27.027335039889245,0.09227003538386053
fisheries,schaefer,Simulated annealing,Annealing (T=1.371493),1,1811,546272fd-1817-4d29-a66b-93dc696e41f8,K,-26.412667968646105,3497.1256186368796
fisheries,schaefer,Simulated annealing,Annealing (T=1.371493),1,1811,546272fd-1817-4d29-a66b-93dc696e41f8,q,-26.412667968646105,0.0003201919305141655
fisheries,schaefer,Simulated annealing,Annealing (T=1.371493),1,1811,546272fd-1817-4d29-a66b-93dc696e41f8,r,-26.412667968646105,0.27794255890604086
fisheries,schaefer,Simulated annealing,Annealing (T=1.371493),1,1811,546272fd-1817-4d29-a66b-93dc696e41f8,sigma_v,-26.412667968646105,0.09797751141616201
fisheries,schaefer,Simulated annealing,Annealing (T=1.371493),1,2011,546272fd-1817-4d29-a66b-93dc696e41f8,K,-27.090465319661593,3442.8791811065184
fisheries,schaefer,Simulated annealing,Annealing (T=1.371493),1,2011,546272fd-1817-4d29-a66b-93dc696e41f8,q,-27.090465319661593,0.0003204063955819875
fisheries,schaefer,Simulated annealing,Annealing (T=1.371493),1,2011,546272fd-1817-4d29-a66b-93dc696e41f8,r,-27.090465319661593,0.27964873866328904
fisheries,schaefer,Simulated annealing,Annealing (T=1.371493),1,2011,546272fd-1817-4d29-a66b-93dc696e41f8,sigma_v,-27.090465319661593,0.11396612046909389
fisheries,schaefer,Simulated annealing,Annealing (T=1.371493),1,2211,546272fd-1817-4d29-a66b-93dc696e41f8,K,-26.057485957571142,3484.907581990326
fisheries,schaefer,Simulated annealing,Annealing (T=1.371493),1,2211,546272fd-1817-4d29-a66b-93dc696e41f8,q,-26.057485957571142,0.00032957595676080635
fisheries,schaefer,Simulated annealing,Annealing (T=1.371493),1,2211,546272fd-1817-4d29-a66b-93dc696e41f8,r,-26.057485957571142,0.26731100451537865
fisheries,schaefer,Simulated annealing,Annealing (T=1.371493),1,2211,546272fd-1817-4d29-a66b-93dc696e41f8,sigma_v,-26.057485957571142,0.13654467050498123
fisheries,schaefer,Simulated annealing,Annealing (T=1.371493),1,2411,546272fd-1817-4d29-a66b-93dc696e41f8,K,-24.53583535906551,3640.214695898113
fisheries,schaefer,Simulated annealing,Annealing (T=1.371493),1,2411,546272fd-1817-4d29-a66b-93dc696e41f8,q,-24.53583535906551,0.00031386333521920705
fisheries,schaefer,Simulated annealing,Annealing (T=1.371493),1,2411,546272fd-1817-4d29-a66b-93dc696e41f8,r,-24.53583535906551,0.2622049455247283
fisheries,schaefer,Simulated annealing,Annealing (T=1.371493),1,2411,546272fd-1817-4d29-a66b-93dc696e41f8,sigma_v,-24.53583535906551,0.10544962358649357
fisheries,schaefer,Simulated annealing,Annealing (T=1.371493),1,2611,546272fd-1817-4d29-a66b-93dc696e41f8,K,-26.617658079530546,3575.66867501844
fisheries,schaefer,Simulated annealing,Annealing (T=1.371493),1,2611,546272fd-1817-4d29-a66b-93dc696e41f8,q,-26.617658079530546,0.00031974363739018473
fisheries,schaefer,Simulated annealing,Annealing (T=1.371493),1,2611,546272fd-1817-4d29-a66b-93dc696e41f8,r,-26.617658079530546,0.2594041927332236
fisheries,schaefer,Simulated annealing,Annealing (T=1.371493),1,2611,546272fd-1817-4d29-a66b-93dc696e41f8,sigma_v,-26.617658079530546,0.10975209061041395
fisheries,schaefer,Simulated annealing,Annealing (T=1.371493),1,2811,546272fd-1817-4d29-a66b-93dc696e41f8,K,-18.439814669687305,3686.3023512710824
fisheries,schaefer,Simulated annealing,Annealing (T=1.371493),1,2811,546272fd-1817-4d29-a66b-93dc696e41f8,q,-18.439814669687305,0.000306849461019461
fisheries,schaefer,Simulated annealing,Annealing (T=1.371493),1,2811,546272fd-1817-4d29-a66b-93dc696e41f8,r,-18.439814669687305,0.2715967569244121
fisheries,schaefer,Simulated annealing,Annealing (T=1.371493),1,2811,546272fd-1817-4d29-a66b-93dc696e41f8,sigma_v,-18.439814669687305,0.2107778639284431
fisheries,schaefer,Simulated annealing,Annealing (T=1.371493),1,3011,546272fd-1817-4d29-a66b-93dc696e41f8,K,-21.461583376605113,3798.4293341010607
fisheries,schaefer,Simulated annealing,Annealing (T=1.371493),1,3011,546272fd-1817-4d29-a66b-93dc696e41f8,q,-21.461583376605113,0.0003204673608719939
fisheries,schaefer,Simulated annealing,Annealing (T=1.371493),1,3011,546272fd-1817-4d29-a66b-93dc696e41f8,r,-21.461583376605113,0.23886431182166265
fisheries,schaefer,Simulated annealing,Annealing (T=1.371493),1,3011,546272fd-1817-4d29-a66b-93dc696e41f8,sigma_v,-21.461583376605113,0.1425653173590664
fisheries,schaefer,Simulated annealing,Annealing (T=1.371493),1,3211,546272fd-1817-4d29-a66b-93dc696e41f8,K,-23.586746705455678,3880.5466093876853
fisheries,schaefer,Simulated annealing,Annealing (T=1.371493),1,3211,546272fd-1817-4d29-a66b-93dc696e41f8,q,-23.586746705455678,0.0002810063687600436
fisheries,schaefer,Simulated annealing,Annealing (T=1.371493),1,3211,546272fd-1817-4d29-a66b-93dc696e41f8,r,-23.586746705455678,0.22967839696886866
fisheries,schaefer,Simulated annealing,Annealing (T=1.371493),1,3211,546272fd-1817-4d29-a66b-93dc696e41f8,sigma_v,-23.586746705455678,0.11203432953640971
fisheries,schaefer,Simulated annealing,Annealing (T=1.371493),1,3411,546272fd-1817-4d29-a66b-93dc696e41f8,K,-23.987977927261564,3830.217520638568
fisheries,schaefer,Simulated annealing,Annealing (T=1.371493),1,3411,546272fd-1817-4d29-a66b-93dc696e41f8,q,-23.987977927261564,0.00030596078745849975
fisheries,schaefer,Simulated annealing,Annealing (T=1.371493),1,3411,546272fd-1817-4d29-a66b-93dc696e41f8,r,-23.987977927261564,0.23478998624725483
fisheries,schaefer,Simulated annealing,Annealing (T=1.371493),1,3411,546272fd-1817-4d29-a66b-93dc696e41f8,sigma_v,-23.987977927261564,0.1314923061294191
fisheries,schaefer,Simulated annealing,Annealing (T=1.371493),1,3611,546272fd-1817-4d29-a66b-93dc696e41f8,K,-19.052481943002135,3840.25609376018
fisheries,schaefer,Simulated annealing,Annealing (T=1.371493),1,3611,546272fd-1817-4d29-a66b-93dc696e41f8,q,-19.052481943002135,0.000315445819576264
fisheries,schaefer,Simulated annealing,Annealing (T=1.371493),1,3611,546272fd-1817-4d29-a66b-93dc696e41f8,r,-19.052481943002135,0.22207148665041604
fisheries,schaefer,Simulated annealing,Annealing (T=1.371493),1,3611,546272fd-1817-4d29-a66b-93dc696e41f8,sigma_v,-19.052481943002135,0.21825454035566572
fisheries,schaefer,Simulated annealing,Annealing (T=1.371493),1,3811,546272fd-1817-4d29-a66b-93dc696e41f8,K,-24.704743742950363,3925.593638296448
fisheries,schaefer,Simulated annealing,Annealing (T=1.371493),1,3811,546272fd-1817-4d29-a66b-93dc696e41f8,q,-24.704743742950363,0.00027264495842660495
fisheries,schaefer,Simulated annealing,Annealing (T=1.371493),1,3811,546272fd-1817-4d29-a66b-93dc696e41f8,r,-24.704743742950363,0.23372385502620796
fisheries,schaefer,Simulated annealing,Annealing (T=1.371493),1,3811,546272fd-1817-4d29-a66b-93dc696e41f8,sigma_v,-24.704743742950363,0.13324407971770538
fisheries,schaefer,Simulated annealing,Annealing (T=1.371493),1,4011,546272fd-1817-4d29-a66b-93dc696e41f8,K,-22.04835003877842,4141.994363733364
fisheries,schaefer,Simulated annealing,Annealing (T=1.371493),1,4011,546272fd-1817-4d29-a66b-93dc696e41f8,q,-22.04835003877842,0.0002565662916020564
fisheries,schaefer,Simulated annealing,Annealing (T=1.371493),1,4011,546272fd-1817-4d29-a66b-93dc696e41f8,r,-22.04835003877842,0.21040474669271536
fisheries,schaefer,Simulated annealing,Annealing (T=1.371493),1,4011,546272fd-1817-4d29-a66b-93dc696e41f8,sigma_v,-22.04835003877842,0.11246494506005314
fisheries,schaefer,Simulated annealing,Annealing (T=1.371493),1,4211,546272fd-1817-4d29-a66b-93dc696e41f8,K,-20.55256418331176,4044.393668601275
fisheries,schaefer,Simulated annealing,Annealing (T=1.371493),1,4211,546272fd-1817-4d29-a66b-93dc696e41f8,q,-20.55256418331176,0.00025110532905909416
fisheries,schaefer,Simulated annealing,Annealing (T=1.371493),1,4211,546272fd-1817-4d29-a66b-93dc696e41f8,r,-20.55256418331176,0.2509643181431484
fisheries,schaefer,Simulated annealing,Annealing (T=1.371493),1,4211,546272fd-1817-4d29-a66b-93dc696e41f8,sigma_v,-20.55256418331176,0.17629504534042184
fisheries,schaefer,Simulated annealing,Annealing (T=1.371493),1,4411,546272fd-1817-4d29-a66b-93dc696e41f8,K,-17.14304566933504,4258.262693031778
fisheries,schaefer,Simulated annealing,Annealing (T=1.371493),1,4411,546272fd-1817-4d29-a66b-93dc696e41f8,q,-17.14304566933504,0.0002524116010119673
fisheries,schaefer,Simulated annealing,Annealing (T=1.371493),1,4411,546272fd-1817-4d29-a66b-93dc696e41f8,r,-17.14304566933504,0.20577305155770856
fisheries,schaefer,Simulated annealing,Annealing (T=1.371493),1,4411,546272fd-1817-4d29-a66b-93dc696e41f8,sigma_v,-17.14304566933504,0.2563972595380297
fisheries,schaefer,Simulated annealing,Annealing (T=1.371493),1,4611,546272fd-1817-4d29-a66b-93dc696e41f8,K,-24.066584200947734,3941.742888410699
fisheries,schaefer,Simulated annealing,Annealing (T=1.371493),1,4611,546272fd-1817-4d29-a66b-93dc696e41f8,q,-24.066584200947734,0.00027642769267992274
fisheries,schaefer,Simulated annealing,Annealing (T=1.371493),1,4611,546272fd-1817-4d29-a66b-93dc696e41f8,r,-24.066584200947734,0.23012311281025136
fisheries,schaefer,Simulated annealing,Annealing (T=1.371493),1,4611,546272fd-1817-4d29-a66b-93dc696e41f8,sigma_v,-24.066584200947734,0.10430364020311146
fisheries,schaefer,Simulated annealing,Annealing (T=1.371493),1,4811,546272fd-1817-4d29-a66b-93dc696e41f8,K,-24.68822114891157,3605.828469631689
fisheries,schaefer,Simulated annealing,Annealing (T=1.371493),1,4811,546272fd-1817-4d29-a66b-93dc696e41f8,q,-24.68822114891157,0.0003152601300342534
fisheries,schaefer,Simulated annealing,Annealing (T=1.371493),1,4811,546272fd-1817-4d29-a66b-93dc696e41f8,r,-24.68822114891157,0.2554643684306483
fisheries,schaefer,Simulated annealing,Annealing (T=1.371493),1,4811,546272fd-1817-4d29-a66b-93dc696e41f8,sigma_v,-24.68822114891157,0.15595278312012933
fisheries,schaefer,Simulated annealing,Annealing (T=1.327251),1,10,546272fd-1817-4d29-a66b-93dc696e41f8,K,-29.778641973295336,2914.6566490026967
fisheries,schaefer,Simulated annealing,Annealing (T=1.327251),1,10,546272fd-1817-4d29-a66b-93dc696e41f8,q,-29.778641973295336,0.00042088021910905
fisheries,schaefer,Simulated annealing,Annealing (T=1.327251),1,10,546272fd-1817-4d29-a66b-93dc696e41f8,r,-29.778641973295336,0.34734977624714675
fisheries,schaefer,Simulated annealing,Annealing (T=1.327251),1,10,546272fd-1817-4d29-a66b-93dc696e41f8,sigma_v,-29.778641973295336,0.10146144503416615
fisheries,schaefer,Simulated annealing,Annealing (T=1.327251),1,210,546272fd-1817-4d29-a66b-93dc696e41f8,K,-27.826016571501285,2828.4613382376588
fisheries,schaefer,Simulated annealing,Annealing (T=1.327251),1,210,546272fd-1817-4d29-a66b-93dc696e41f8,q,-27.826016571501285,0.0004150319367639305
fisheries,schaefer,Simulated annealing,Annealing (T=1.327251),1,210,546272fd-1817-4d29-a66b-93dc696e41f8,r,-27.826016571501285,0.3718642101393486
fisheries,schaefer,Simulated annealing,Annealing (T=1.327251),1,210,546272fd-1817-4d29-a66b-93dc696e41f8,sigma_v,-27.826016571501285,0.10157080951134459
fisheries,schaefer,Simulated annealing,Annealing (T=1.327251),1,410,546272fd-1817-4d29-a66b-93dc696e41f8,K,-27.20563824145245,2792.2398011428845
fisheries,schaefer,Simulated annealing,Annealing (T=1.327251),1,410,546272fd-1817-4d29-a66b-93dc696e41f8,q,-27.20563824145245,0.0004434995340609344
fisheries,schaefer,Simulated annealing,Annealing (T=1.327251),1,410,546272fd-1817-4d29-a66b-93dc696e41f8,r,-27.20563824145245,0.3727673876427995
fisheries,schaefer,Simulated annealing,Annealing (T=1.327251),1,410,546272fd-1817-4d29-a66b-93dc696e41f8,sigma_v,-27.20563824145245,0.13900743842185956
fisheries,schaefer,Simulated annealing,Annealing (T=1.327251),1,610,546272fd-1817-4d29-a66b-93dc696e41f8,K,-27.76502145578833,2659.2022145054652
fisheries,schaefer,Simulated annealing,Annealing (T=1.327251),1,610,546272fd-1817-4d29-a66b-93dc696e41f8,q,-27.76502145578833,0.0004987104500237821
fisheries,schaefer,Simulated annealing,Annealing (T=1.327251),1,610,546272fd-1817-4d29-a66b-93dc696e41f8,r,-27.76502145578833,0.38929495077648635
fisheries,schaefer,Simulated annealing,Annealing (T=1.327251),1,610,546272fd-1817-4d29-a66b-93dc696e41f8,sigma_v,-27.76502145578833,0.1132176619456508
fisheries,schaefer,Simulated annealing,Annealing (T=1.327251),1,810,546272fd-1817-4d29-a66b-93dc696e41f8,K,-27.310161578475093,2726.642967241735
fisheries,schaefer,Simulated annealing,Annealing (T=1.327251),1,810,546272fd-1817-4d29-a66b-93dc696e41f8,q,-27.310161578475093,0.00043479368439246696
fisheries,schaefer,Simulated annealing,Annealing (T=1.327251),1,810,546272fd-1817-4d29-a66b-93dc696e41f8,r,-27.310161578475093,0.3872276886634134
fisheries,schaefer,Simulated annealing,Annealing (T=1.327251),1,810,546272fd-1817-4d29-a66b-93dc696e41f8,sigma_v,-27.310161578475093,0.12818439845980012
fisheries,schaefer,Simulated annealing,Annealing (T=1.327251),1,1010,546272fd-1817-4d29-a66b-93dc696e41f8,K,-15.12321316592451,2798.691860105955
fisheries,schaefer,Simulated annealing,Annealing (T=1.327251),1,1010,546272fd-1817-4d29-a66b-93dc696e41f8,q,-15.12321316592451,0.0004296823443411784
fisheries,schaefer,Simulated annealing,Annealing (T=1.327251),1,1010,546272fd-1817-4d29-a66b-93dc696e41f8,r,-15.12321316592451,0.39775224353298216
fisheries,schaefer,Simulated annealing,Annealing (T=1.327251),1,1010,546272fd-1817-4d29-a66b-93dc696e41f8,sigma_v,-15.12321316592451,0.15443555249237975
fisheries,schaefer,Simulated annealing,Annealing (T=1.327251),1,1210,546272fd-1817-4d29-a66b-93dc696e41f8,K,-26.324048254666227,2722.101023791576
fisheries,schaefer,Simulated annealing,Annealing (T=1.327251),1,1210,546272fd-1817-4d29-a66b-93dc696e41f8,q,-26.324048254666227,0.00042505619019621044
fisheries,schaefer,Simulated annealing,Annealing (T=1.327251),1,1210,546272fd-1817-4d29-a66b-93dc696e41f8,r,-26.324048254666227,0.39030372629184035
fisheries,schaefer,Simulated annealing,Annealing (T=1.327251),1,1210,546272fd-1817-4d29-a66b-93dc696e41f8,sigma_v,-26.324048254666227,0.09721065949529482
fisheries,schaefer,Simulated annealing,Annealing (T=1.327251),1,1410,546272fd-1817-4d29-a66b-93dc696e41f8,K,-20.31730856085854,2720.4808718598233
fisheries,schaefer,Simulated annealing,Annealing (T=1.327251),1,1410,546272fd-1817-4d29-a66b-93dc696e41f8,q,-20.31730856085854,0.0005052996303945717
fisheries,schaefer,Simulated annealing,Annealing (T=1.327251),1,1410,546272fd-1817-4d29-a66b-93dc696e41f8,r,-20.31730856085854,0.368617775216358
fisheries,schaefer,Simulated annealing,Annealing (T=1.327251),1,1410,546272fd-1817-4d29-a66b-93dc696e41f8,sigma_v,-20.31730856085854,0.19055453734181949
fisheries,schaefer,Simulated annealing,Annealing (T=1.327251),1,1610,546272fd-1817-4d29-a66b-93dc696e41f8,K,-28.434884725534744,2725.5622549913364
fisheries,schaefer,Simulated annealing,Annealing (T=1.327251),1,1610,546272fd-1817-4d29-a66b-93dc696e41f8,q,-28.434884725534744,0.0004534697842346047
fisheries,schaefer,Simulated annealing,Annealing (T=1.327251),1,1610,546272fd-1817-4d29-a66b-93dc696e41f8,r,-28.434884725534744,0.3820887672153982
fisheries,schaefer,Simulated annealing,Annealing (T=1.327251),1,1610,546272fd-1817-4d29-a66b-93dc696e41f8,sigma_v,-28.434884725534744,0.08685194569320719
fisheries,schaefer,Simulated annealing,Annealing (T=1.327251),1,1810,546272fd-1817-4d29-a66b-93dc696e41f8,K,-28.174534489550904,2783.428889743124
fisheries,schaefer,Simulated annealing,Annealing (T=1.327251),1,1810,546272fd-1817-4d29-a66b-93dc696e41f8,q,-28.174534489550904,0.00047012761855874283
fisheries,schaefer,Simulated annealing,Annealing (T=1.327251),1,1810,546272fd-1817-4d29-a66b-93dc696e41f8,r,-28.174534489550904,0.36803699463046374
fisheries,schaefer,Simulated annealing,Annealing (T=1.327251),1,1810,546272fd-1817-4d29-a66b-93dc696e41f8,sigma_v,-28.174534489550904,0.120848890048672
fisheries,schaefer,Simulated annealing,Annealing (T=1.327251),1,2010,546272fd-1817-4d29-a66b-93dc696e41f8,K,-28.5158395544528,2847.684817586211
fisheries,schaefer,Simulated annealing,Annealing (T=1.327251),1,2010,546272fd-1817-4d29-a66b-93dc696e41f8,q,-28.5158395544528,0.0004242287182634702
fisheries,schaefer,Simulated annealing,Annealing (T=1.327251),1,2010,546272fd-1817-4d29-a66b-93dc696e41f8,r,-28.5158395544528,0.3596558117476456
fisheries,schaefer,Simulated annealing,Annealing (T=1.327251),1,2010,546272fd-1817-4d29-a66b-93dc696e41f8,sigma_v,-28.5158395544528,0.12280246138675097
fisheries,schaefer,Simulated annealing,Annealing (T=1.327251),1,2210,546272fd-1817-4d29-a66b-93dc696e41f8,K,-29.16242387874159,2766.3698627485073
fisheries,schaefer,Simulated annealing,Annealing (T=1.327251),1,2210,546272fd-1817-4d29-a66b-93dc696e41f8,q,-29.16242387874159,0.0004446010397337511
fisheries,schaefer,Simulated annealing,Annealing (T=1.327251),1,2210,546272fd-1817-4d29-a66b-93dc696e41f8,r,-29.16242387874159,0.37423890376824936
fisheries,schaefer,Simulated annealing,Annealing (T=1.327251),1,2210,546272fd-1817-4d29-a66b-93dc696e41f8,sigma_v,-29.16242387874159,0.09468660096963706
fisheries,schaefer,Simulated annealing,Annealing (T=1.327251),1,2410,546272fd-1817-4d29-a66b-93dc696e41f8,K,-25.880614847214517,2717.084990887706
fisheries,schaefer,Simulated annealing,Annealing (T=1.327251),1,2410,546272fd-1817-4d29-a66b-93dc696e41f8,q,-25.880614847214517,0.0004335690686434607
fisheries,schaefer,Simulated annealing,Annealing (T=1.327251),1,2410,546272fd-1817-4d29-a66b-93dc696e41f8,r,-25.880614847214517,0.3853909462739295
fisheries,schaefer,Simulated annealing,Annealing (T=1.327251),1,2410,546272fd-1817-4d29-a66b-93dc696e41f8,sigma_v,-25.880614847214517,0.13626496192710302
fisheries,schaefer,Simulated annealing,Annealing (T=1.327251),1,2610,546272fd-1817-4d29-a66b-93dc696e41f8,K,-28.375248359300485,2712.4173435459993
fisheries,schaefer,Simulated annealing,Annealing (T=1.327251),1,2610,546272fd-1817-4d29-a66b-93dc696e41f8,q,-28.375248359300485,0.00045164179408660135
fisheries,schaefer,Simulated annealing,Annealing (T=1.327251),1,2610,546272fd-1817-4d29-a66b-93dc696e41f8,r,-28.375248359300485,0.38449558736717826
fisheries,schaefer,Simulated annealing,Annealing (T=1.327251),1,2610,546272fd-1817-4d29-a66b-93dc696e41f8,sigma_v,-28.375248359300485,0.10761866634655151
fisheries,schaefer,Simulated annealing,Annealing (T=1.327251),1,2810,546272fd-1817-4d29-a66b-93dc696e41f8,K,-28.07134149428723,2754.8058560978525
fisheries,schaefer,Simulated annealing,Annealing (T=1.327251),1,2810,546272fd-1817-4d29-a66b-93dc696e41f8,q,-28.07134149428723,0.0004353102894496363
fisheries,schaefer,Simulated annealing,Annealing (T=1.327251),1,2810,546272fd-1817-4d29-a66b-93dc696e41f8,r,-28.07134149428723,0.3817543679438682
fisheries,schaefer,Simulated annealing,Annealing (T=1.327251),1,2810,546272fd-1817-4d29-a66b-93dc696e41f8,sigma_v,-28.07134149428723,0.12075315554195067
fisheries,schaefer,Simulated annealing,Annealing (T=1.327251),1,3010,546272fd-1817-4d29-a66b-93dc696e41f8,K,-29.225831291815886,2760.9792121305973
fisheries,schaefer,Simulated annealing,Annealing (T=1.327251),1,3010,546272fd-1817-4d29-a66b-93dc696e41f8,q,-29.225831291815886,0.0004475514534802508
fisheries,schaefer,Simulated annealing,Annealing (T=1.327251),1,3010,546272fd-1817-4d29-a66b-93dc696e41f8,r,-29.225831291815886,0.3760630790823108
fisheries,schaefer,Simulated annealing,Annealing (T=1.327251),1,3010,546272fd-1817-4d29-a66b-93dc696e41f8,sigma_v,-29.225831291815886,0.1082061909274521
fisheries,schaefer,Simulated annealing,Annealing (T=1.327251),1,3210,546272fd-1817-4d29-a66b-93dc696e41f8,K,-21.773587208586274,2748.9539248659144
fisheries,schaefer,Simulated annealing,Annealing (T=1.327251),1,3210,546272fd-1817-4d29-a66b-93dc696e41f8,q,-21.773587208586274,0.0004429185608196748
fisheries,schaefer,Simulated annealing,Annealing (T=1.327251),1,3210,546272fd-1817-4d29-a66b-93dc696e41f8,r,-21.773587208586274,0.38257911926885135
fisheries,schaefer,Simulated annealing,Annealing (T=1.327251),1,3210,546272fd-1817-4d29-a66b-93dc696e41f8,sigma_v,-21.773587208586274,0.20845629143520675
fisheries,schaefer,Simulated annealing,Annealing (T=1.327251),1,3410,546272fd-1817-4d29-a66b-93dc696e41f8,K,-27.71802595923382,2763.4957747674944
fisheries,schaefer,Simulated annealing,Annealing (T=1.327251),1,3410,546272fd-1817-4d29-a66b-93dc696e41f8,q,-27.71802595923382,0.0004842758711325679
fisheries,schaefer,Simulated annealing,Annealing (T=1.327251),1,3410,546272fd-1817-4d29-a66b-93dc696e41f8,r,-27.71802595923382,0.367787476468982
fisheries,schaefer,Simulated annealing,Annealing (T=1.327251),1,3410,546272fd-1817-4d29-a66b-93dc696e41f8,sigma_v,-27.71802595923382,0.12081918668002191
fisheries,schaefer,Simulated annealing,Annealing (T=1.327251),1,3610,546272fd-1817-4d29-a66b-93dc696e41f8,K,-27.814146376521382,2767.170038397608
fisheries,schaefer,Simulated annealing,Annealing (T=1.327251),1,3610,546272fd-1817-4d29-a66b-93dc696e41f8,q,-27.814146376521382,0.00044244218766295086
fisheries,schaefer,Simulated annealing,Annealing (T=1.327251),1,3610,546272fd-1817-4d29-a66b-93dc696e41f8,r,-27.814146376521382,0.3795930478198711
fisheries,schaefer,Simulated annealing,Annealing (T=1.327251),1,3610,546272fd-1817-4d29-a66b-93dc696e41f8,sigma_v,-27.814146376521382,0.12301893608724221
fisheries,schaefer,Simulated annealing,Annealing (T=1.327251),1,3810,546272fd-1817-4d29-a66b-93dc696e41f8,K,-29.0167215918423,2790.249710879365
fisheries,schaefer,Simulated annealing,Annealing (T=1.327251),1,3810,546272fd-1817-4d29-a66b-93dc696e41f8,q,-29.0167215918423,0.00044795414515638726
fisheries,schaefer,Simulated annealing,Annealing (T=1.327251),1,3810,546272fd-1817-4d29-a66b-93dc696e41f8,r,-29.0167215918423,0.3703470989212042
fisheries,schaefer,Simulated annealing,Annealing (T=1.327251),1,3810,546272fd-1817-4d29-a66b-93dc696e41f8,sigma_v,-29.0167215918423,0.08630931335336901
fisheries,schaefer,Simulated annealing,Annealing (T=1.327251),1,4010,546272fd-1817-4d29-a66b-93dc696e41f8,K,-25.48064326574997,2747.78011339883
fisheries,schaefer,Simulated annealing,Annealing (T=1.327251),1,4010,546272fd-1817-4d29-a66b-93dc696e41f8,q,-25.48064326574997,0.00045627960620583865
fisheries,schaefer,Simulated annealing,Annealing (T=1.327251),1,4010,546272fd-1817-4d29-a66b-93dc696e41f8,r,-25.48064326574997,0.37118570009440693
fisheries,schaefer,Simulated annealing,Annealing (T=1.327251),1,4010,546272fd-1817-4d29-a66b-93dc696e41f8,sigma_v,-25.48064326574997,0.14116746130934837
fisheries,schaefer,Simulated annealing,Annealing (T=1.327251),1,4210,546272fd-1817-4d29-a66b-93dc696e41f8,K,-28.101801721635713,2747.3638857957594
fisheries,schaefer,Simulated annealing,Annealing (T=1.327251),1,4210,546272fd-1817-4d29-a66b-93dc696e41f8,q,-28.101801721635713,0.00043357034992669476
fisheries,schaefer,Simulated annealing,Annealing (T=1.327251),1,4210,546272fd-1817-4d29-a66b-93dc696e41f8,r,-28.101801721635713,0.3845868629890022
fisheries,schaefer,Simulated annealing,Annealing (T=1.327251),1,4210,546272fd-1817-4d29-a66b-93dc696e41f8,sigma_v,-28.101801721635713,0.10672549810522235
fisheries,schaefer,Simulated annealing,Annealing (T=1.327251),1,4410,546272fd-1817-4d29-a66b-93dc696e41f8,K,-26.822337082574467,2771.4796069812674
fisheries,schaefer,Simulated annealing,Annealing (T=1.327251),1,4410,546272fd-1817-4d29-a66b-93dc696e41f8,q,-26.822337082574467,0.0004936417418909567
fisheries,schaefer,Simulated annealing,Annealing (T=1.327251),1,4410,546272fd-1817-4d29-a66b-93dc696e41f8,r,-26.822337082574467,0.3655721975147803
fisheries,schaefer,Simulated annealing,Annealing (T=1.327251),1,4410,546272fd-1817-4d29-a66b-93dc696e41f8,sigma_v,-26.822337082574467,0.10102619043396024
fisheries,schaefer,Simulated annealing,Annealing (T=1.327251),1,4610,546272fd-1817-4d29-a66b-93dc696e41f8,K,-29.119690105141274,2828.0800557816387
fisheries,schaefer,Simulated annealing,Annealing (T=1.327251),1,4610,546272fd-1817-4d29-a66b-93dc696e41f8,q,-29.119690105141274,0.00044135670788599256
fisheries,schaefer,Simulated annealing,Annealing (T=1.327251),1,4610,546272fd-1817-4d29-a66b-93dc696e41f8,r,-29.119690105141274,0.36036402054192496
fisheries,schaefer,Simulated annealing,Annealing (T=1.327251),1,4610,546272fd-1817-4d29-a66b-93dc696e41f8,sigma_v,-29.119690105141274,0.1145384581820969
fisheries,schaefer,Simulated annealing,Annealing (T=1.327251),1,4810,546272fd-1817-4d29-a66b-93dc696e41f8,K,-27.160369006125137,2860.0792140695485
fisheries,schaefer,Simulated annealing,Annealing (T=1.327251),1,4810,546272fd-1817-4d29-a66b-93dc696e41f8,q,-27.160369006125137,0.0004059294499601742
fisheries,schaefer,Simulated annealing,Annealing (T=1.327251),1,4810,546272fd-1817-4d29-a66b-93dc696e41f8,r,-27.160369006125137,0.3654267839822932
fisheries,schaefer,Simulated annealing,Annealing (T=1.327251),1,4810,546272fd-1817-4d29-a66b-93dc696e41f8,sigma_v,-27.160369006125137,0.08607450739988573
fisheries,schaefer,Simulated annealing,Annealing (T=1.285774),1,9,546272fd-1817-4d29-a66b-93dc696e41f8,K,-28.310567279745072,2899.9675284735677
fisheries,schaefer,Simulated annealing,Annealing (T=1.285774),1,9,546272fd-1817-4d29-a66b-93dc696e41f8,q,-28.310567279745072,0.0004482015862934541
fisheries,schaefer,Simulated annealing,Annealing (T=1.285774),1,9,546272fd-1817-4d29-a66b-93dc696e41f8,r,-28.310567279745072,0.3466107175201126
fisheries,schaefer,Simulated annealing,Annealing (T=1.285774),1,9,546272fd-1817-4d29-a66b-93dc696e41f8,sigma_v,-28.310567279745072,0.11271689079149451
fisheries,schaefer,Simulated annealing,Annealing (T=1.285774),1,209,546272fd-1817-4d29-a66b-93dc696e41f8,K,-26.21993491161066,2902.8387469805734
fisheries,schaefer,Simulated annealing,Annealing (T=1.285774),1,209,546272fd-1817-4d29-a66b-93dc696e41f8,q,-26.21993491161066,0.00043635517565540757
fisheries,schaefer,Simulated annealing,Annealing (T=1.285774),1,209,546272fd-1817-4d29-a66b-93dc696e41f8,r,-26.21993491161066,0.35308055688978623
fisheries,schaefer,Simulated annealing,Annealing (T=1.285774),1,209,546272fd-1817-4d29-a66b-93dc696e41f8,sigma_v,-26.21993491161066,0.1353123193476047
fisheries,schaefer,Simulated annealing,Annealing (T=1.285774),1,409,546272fd-1817-4d29-a66b-93dc696e41f8,K,-28.12887746530032,2808.573752480266
fisheries,schaefer,Simulated annealing,Annealing (T=1.285774),1,409,546272fd-1817-4d29-a66b-93dc696e41f8,q,-28.12887746530032,0.0004495436868216271
fisheries,schaefer,Simulated annealing,Annealing (T=1.285774),1,409,546272fd-1817-4d29-a66b-93dc696e41f8,r,-28.12887746530032,0.3691001566649893
fisheries,schaefer,Simulated annealing,Annealing (T=1.285774),1,409,546272fd-1817-4d29-a66b-93dc696e41f8,sigma_v,-28.12887746530032,0.10784533706766387
fisheries,schaefer,Simulated annealing,Annealing (T=1.285774),1,609,546272fd-1817-4d29-a66b-93dc696e41f8,K,-25.391061731415533,2660.37859900968
fisheries,schaefer,Simulated annealing,Annealing (T=1.285774),1,609,546272fd-1817-4d29-a66b-93dc696e41f8,q,-25.391061731415533,0.00048196660747034243
fisheries,schaefer,Simulated annealing,Annealing (T=1.285774),1,609,546272fd-1817-4d29-a66b-93dc696e41f8,r,-25.391061731415533,0.3963042579546029
fisheries,schaefer,Simulated annealing,Annealing (T=1.285774),1,609,546272fd-1817-4d29-a66b-93dc696e41f8,sigma_v,-25.391061731415533,0.16069798276899844
fisheries,schaefer,Simulated annealing,Annealing (T=1.285774),1,809,546272fd-1817-4d29-a66b-93dc696e41f8,K,-28.592746539491106,2697.702977652699
fisheries,schaefer,Simulated annealing,Annealing (T=1.285774),1,809,546272fd-1817-4d29-a66b-93dc696e41f8,q,-28.592746539491106,0.00045565004220174654
fisheries,schaefer,Simulated annealing,Annealing (T=1.285774),1,809,546272fd-1817-4d29-a66b-93dc696e41f8,r,-28.592746539491106,0.3907938768818401
fisheries,schaefer,Simulated annealing,Annealing (T=1.285774),1,809,546272fd-1817-4d29-a66b-93dc696e41f8,sigma_v,-28.592746539491106,0.09775324787918292
fisheries,schaefer,Simulated annealing,Annealing (T=1.285774),1,1009,546272fd-1817-4d29-a66b-93dc696e41f8,K,-28.36196107665891,2609.4784978335783
fisheries,schaefer,Simulated annealing,Annealing (T=1.285774),1,1009,546272fd-1817-4d29-a66b-93dc696e41f8,q,-28.36196107665891,0.0004896274059599559
fisheries,schaefer,Simulated annealing,Annealing (T=1.285774),1,1009,546272fd-1817-4d29-a66b-93dc696e41f8,r,-28.36196107665891,0.4057942408018153
fisheries,schaefer,Simulated annealing,Annealing (T=1.285774),1,1009,546272fd-1817-4d29-a66b-93dc696e41f8,sigma_v,-28.36196107665891,0.10354828372176171
fisheries,schaefer,Simulated annealing,Annealing (T=1.285774),1,1209,546272fd-1817-4d29-a66b-93dc696e41f8,K,-28.200709082149768,2631.9054365410225
fisheries,schaefer,Simulated annealing,Annealing (T=1.285774),1,1209,546272fd-1817-4d29-a66b-93dc696e41f8,q,-28.200709082149768,0.0004776667150565856
fisheries,schaefer,Simulated annealing,Annealing (T=1.285774),1,1209,546272fd-1817-4d29-a66b-93dc696e41f8,r,-28.200709082149768,0.4022969809790132
fisheries,schaefer,Simulated annealing,Annealing (T=1.285774),1,1209,546272fd-1817-4d29-a66b-93dc696e41f8,sigma_v,-28.200709082149768,0.11643217672970627
fisheries,schaefer,Simulated annealing,Annealing (T=1.285774),1,1409,546272fd-1817-4d29-a66b-93dc696e41f8,K,-28.0950815637879,2626.609301570548
fisheries,schaefer,Simulated annealing,Annealing (T=1.285774),1,1409,546272fd-1817-4d29-a66b-93dc696e41f8,q,-28.0950815637879,0.0005075367035927008
fisheries,schaefer,Simulated annealing,Annealing (T=1.285774),1,1409,546272fd-1817-4d29-a66b-93dc696e41f8,r,-28.0950815637879,0.3986019663016042
fisheries,schaefer,Simulated annealing,Annealing (T=1.285774),1,1409,546272fd-1817-4d29-a66b-93dc696e41f8,sigma_v,-28.0950815637879,0.10182303504429976
fisheries,schaefer,Simulated annealing,Annealing (T=1.285774),1,1609,546272fd-1817-4d29-a66b-93dc696e41f8,K,-26.374304592401316,2655.131758029785
fisheries,schaefer,Simulated annealing,Annealing (T=1.285774),1,1609,546272fd-1817-4d29-a66b-93dc696e41f8,q,-26.374304592401316,0.0004472342863363773
fisheries,schaefer,Simulated annealing,Annealing (T=1.285774),1,1609,546272fd-1817-4d29-a66b-93dc696e41f8,r,-26.374304592401316,0.4011426818711169
fisheries,schaefer,Simulated annealing,Annealing (T=1.285774),1,1609,546272fd-1817-4d29-a66b-93dc696e41f8,sigma_v,-26.374304592401316,0.09405436962426565
fisheries,schaefer,Simulated annealing,Annealing (T=1.285774),1,1809,546272fd-1817-4d29-a66b-93dc696e41f8,K,-24.825979795857826,2648.6110452980915
fisheries,schaefer,Simulated annealing,Annealing (T=1.285774),1,1809,546272fd-1817-4d29-a66b-93dc696e41f8,q,-24.825979795857826,0.00046953196263071074
fisheries,schaefer,Simulated annealing,Annealing (T=1.285774),1,1809,546272fd-1817-4d29-a66b-93dc696e41f8,r,-24.825979795857826,0.4040938147653299
fisheries,schaefer,Simulated annealing,Annealing (T=1.285774),1,1809,546272fd-1817-4d29-a66b-93dc696e41f8,sigma_v,-24.825979795857826,0.08359531817706253
fisheries,schaefer,Simulated annealing,Annealing (T=1.285774),1,2009,546272fd-1817-4d29-a66b-93dc696e41f8,K,-23.71154902936351,2669.638582113231
fisheries,schaefer,Simulated annealing,Annealing (T=1.285774),1,2009,546272fd-1817-4d29-a66b-93dc696e41f8,q,-23.71154902936351,0.0005042849657583906
fisheries,schaefer,Simulated annealing,Annealing (T=1.285774),1,2009,546272fd-1817-4d29-a66b-93dc696e41f8,r,-23.71154902936351,0.3955466510067829
fisheries,schaefer,Simulated annealing,Annealing (T=1.285774),1,2009,546272fd-1817-4d29-a66b-93dc696e41f8,sigma_v,-23.71154902936351,0.14395612902277616
fisheries,schaefer,Simulated annealing,Annealing (T=1.285774),1,2209,546272fd-1817-4d29-a66b-93dc696e41f8,K,-26.100389607108838,2660.1726989107037
fisheries,schaefer,Simulated annealing,Annealing (T=1.285774),1,2209,546272fd-1817-4d29-a66b-93dc696e41f8,q,-26.100389607108838,0.00046319570446145647
fisheries,schaefer,Simulated annealing,Annealing (T=1.285774),1,2209,546272fd-1817-4d29-a66b-93dc696e41f8,r,-26.100389607108838,0.4000208588842198
fisheries,schaefer,Simulated annealing,Annealing (T=1.285774),1,2209,546272fd-1817-4d29-a66b-93dc696e41f8,sigma_v,-26.100389607108838,0.14849438757898412
fisheries,schaefer,Simulated annealing,Annealing (T=1.285774),1,2409,546272fd-1817-4d29-a66b-93dc696e41f8,K,-26.11498738573304,2636.433391043714
fisheries,schaefer,Simulated annealing,Annealing (T=1.285774),1,2409,546272fd-1817-4d29-a66b-93dc696e41f8,q,-26.11498738573304,0.0004932473502994089
fisheries,schaefer,Simulated annealing,Annealing (T=1.285774),1,2409,546272fd-1817-4d29-a66b-93dc696e41f8,r,-26.11498738573304,0.3945490306979815
fisheries,schaefer,Simulated annealing,Annealing (T=1.285774),1,2409,546272fd-1817-4d29-a66b-93dc696e41f8,sigma_v,-26.11498738573304,0.14127125736722335
fisheries,schaefer,Simulated annealing,Annealing (T=1.285774),1,2609,546272fd-1817-4d29-a66b-93dc696e41f8,K,-26.467732059548926,2678.3245478689755
fisheries,schaefer,Simulated annealing,Annealing (T=1.285774),1,2609,546272fd-1817-4d29-a66b-93dc696e41f8,q,-26.467732059548926,0.00047583930516329224
fisheries,schaefer,Simulated annealing,Annealing (T=1.285774),1,2609,546272fd-1817-4d29-a66b-93dc696e41f8,r,-26.467732059548926,0.39301928570847644
fisheries,schaefer,Simulated annealing,Annealing (T=1.285774),1,2609,546272fd-1817-4d29-a66b-93dc696e41f8,sigma_v,-26.467732059548926,0.1467204275377038
fisheries,schaefer,Simulated annealing,Annealing (T=1.285774),1,2809,546272fd-1817-4d29-a66b-93dc696e41f8,K,-25.565463841436333,2666.344299765126
fisheries,schaefer,Simulated annealing,Annealing (T=1.285774),1,2809,546272fd-1817-4d29-a66b-93dc696e41f8,q,-25.565463841436333,0.0005099623884878574
fisheries,schaefer,Simulated annealing,Annealing (T=1.285774),1,2809,546272fd-1817-4d29-a66b-93dc696e41f8,r,-25.565463841436333,0.3921313430870135
fisheries,schaefer,Simulated annealing,Annealing (T=1.285774),1,2809,546272fd-1817-4d29-a66b-93dc696e41f8,sigma_v,-25.565463841436333,0.09984052001914595
fisheries,schaefer,Simulated annealing,Annealing (T=1.285774),1,3009,546272fd-1817-4d29-a66b-93dc696e41f8,K,-28.734493142051203,2714.975952152261
fisheries,schaefer,Simulated annealing,Annealing (T=1.285774),1,3009,546272fd-1817-4d29-a66b-93dc696e41f8,q,-28.734493142051203,0.0004719089843609499
fisheries,schaefer,Simulated annealing,Annealing (T=1.285774),1,3009,546272fd-1817-4d29-a66b-93dc696e41f8,r,-28.734493142051203,0.3845142094615214
fisheries,schaefer,Simulated annealing,Annealing (T=1.285774),1,3009,546272fd-1817-4d29-a66b-93dc696e41f8,sigma_v,-28.734493142051203,0.10439080772788467
fisheries,schaefer,Simulated annealing,Annealing (T=1.285774),1,3209,546272fd-1817-4d29-a66b-93dc696e41f8,K,-27.545496915263033,2902.566866501363
fisheries,schaefer,Simulated annealing,Annealing (T=1.285774),1,3209,546272fd-1817-4d29-a66b-93dc696e41f8,q,-27.545496915263033,0.0004056164946057766
fisheries,schaefer,Simulated annealing,Annealing (T=1.285774),1,3209,546272fd-1817-4d29-a66b-93dc696e41f8,r,-27.545496915263033,0.3598039094372001
fisheries,schaefer,Simulated annealing,Annealing (T=1.285774),1,3209,546272fd-1817-4d29-a66b-93dc696e41f8,sigma_v,-27.545496915263033,0.11602034621037698
fisheries,schaefer,Simulated annealing,Annealing (T=1.285774),1,3409,546272fd-1817-4d29-a66b-93dc696e41f8,K,-25.722767052704878,2931.699120308009
fisheries,schaefer,Simulated annealing,Annealing (T=1.285774),1,3409,546272fd-1817-4d29-a66b-93dc696e41f8,q,-25.722767052704878,0.0004268362777555222
fisheries,schaefer,Simulated annealing,Annealing (T=1.285774),1,3409,546272fd-1817-4d29-a66b-93dc696e41f8,r,-25.722767052704878,0.34972743650255295
fisheries,schaefer,Simulated annealing,Annealing (T=1.285774),1,3409,546272fd-1817-4d29-a66b-93dc696e41f8,sigma_v,-25.722767052704878,0.14295435417433397
fisheries,schaefer,Simulated annealing,Annealing (T=1.285774),1,3609,546272fd-1817-4d29-a66b-93dc696e41f8,K,-29.297684450132078,2872.2848127799843
fisheries,schaefer,Simulated annealing,Annealing (T=1.285774),1,3609,546272fd-1817-4d29-a66b-93dc696e41f8,q,-29.297684450132078,0.00042297802904704967
fisheries,schaefer,Simulated annealing,Annealing (T=1.285774),1,3609,546272fd-1817-4d29-a66b-93dc696e41f8,r,-29.297684450132078,0.356435781869679
fisheries,schaefer,Simulated annealing,Annealing (T=1.285774),1,3609,546272fd-1817-4d29-a66b-93dc696e41f8,sigma_v,-29.297684450132078,0.0864994313589981
fisheries,schaefer,Simulated annealing,Annealing (T=1.285774),1,3809,546272fd-1817-4d29-a66b-93dc696e41f8,K,-29.2314247074796,2915.5686416369713
fisheries,schaefer,Simulated annealing,Annealing (T=1.285774),1,3809,546272fd-1817-4d29-a66b-93dc696e41f8,q,-29.2314247074796,0.00040997723610488565
fisheries,schaefer,Simulated annealing,Annealing (T=1.285774),1,3809,546272fd-1817-4d29-a66b-93dc696e41f8,r,-29.2314247074796,0.34793346151684873
fisheries,schaefer,Simulated annealing,Annealing (T=1.285774),1,3809,546272fd-1817-4d29-a66b-93dc696e41f8,sigma_v,-29.2314247074796,0.09654134709896353
fisheries,schaefer,Simulated annealing,Annealing (T=1.285774),1,4009,546272fd-1817-4d29-a66b-93dc696e41f8,K,-26.958109241301052,2990.875646138581
fisheries,schaefer,Simulated annealing,Annealing (T=1.285774),1,4009,546272fd-1817-4d29-a66b-93dc696e41f8,q,-26.958109241301052,0.0004319783043013493
fisheries,schaefer,Simulated annealing,Annealing (T=1.285774),1,4009,546272fd-1817-4d29-a66b-93dc696e41f8,r,-26.958109241301052,0.32939562200783545
fisheries,schaefer,Simulated annealing,Annealing (T=1.285774),1,4009,546272fd-1817-4d29-a66b-93dc696e41f8,sigma_v,-26.958109241301052,0.13852954603876652
fisheries,schaefer,Simulated annealing,Annealing (T=1.285774),1,4209,546272fd-1817-4d29-a66b-93dc696e41f8,K,-28.561341180882916,2895.3129089383733
fisheries,schaefer,Simulated annealing,Annealing (T=1.285774),1,4209,546272fd-1817-4d29-a66b-93dc696e41f8,q,-28.561341180882916,0.0004077879856731283
fisheries,schaefer,Simulated annealing,Annealing (T=1.285774),1,4209,546272fd-1817-4d29-a66b-93dc696e41f8,r,-28.561341180882916,0.35832262298400613
fisheries,schaefer,Simulated annealing,Annealing (T=1.285774),1,4209,546272fd-1817-4d29-a66b-93dc696e41f8,sigma_v,-28.561341180882916,0.10889561728316251
fisheries,schaefer,Simulated annealing,Annealing (T=1.285774),1,4409,546272fd-1817-4d29-a66b-93dc696e41f8,K,-29.441486473650556,2823.631533669246
fisheries,schaefer,Simulated annealing,Annealing (T=1.285774),1,4409,546272fd-1817-4d29-a66b-93dc696e41f8,q,-29.441486473650556,0.00044448372434865074
fisheries,schaefer,Simulated annealing,Annealing (T=1.285774),1,4409,546272fd-1817-4d29-a66b-93dc696e41f8,r,-29.441486473650556,0.36253589061907465
fisheries,schaefer,Simulated annealing,Annealing (T=1.285774),1,4409,546272fd-1817-4d29-a66b-93dc696e41f8,sigma_v,-29.441486473650556,0.08892791982517127
fisheries,schaefer,Simulated annealing,Annealing (T=1.285774),1,4609,546272fd-1817-4d29-a66b-93dc696e41f8,K,-28.84491583559304,2817.3846420656423
fisheries,schaefer,Simulated annealing,Annealing (T=1.285774),1,4609,546272fd-1817-4d29-a66b-93dc696e41f8,q,-28.84491583559304,0.00045979014061708174
fisheries,schaefer,Simulated annealing,Annealing (T=1.285774),1,4609,546272fd-1817-4d29-a66b-93dc696e41f8,r,-28.84491583559304,0.3590447599928759
fisheries,schaefer,Simulated annealing,Annealing (T=1.285774),1,4609,546272fd-1817-4d29-a66b-93dc696e41f8,sigma_v,-28.84491583559304,0.1084173703425445
fisheries,schaefer,Simulated annealing,Annealing (T=1.285774),1,4809,546272fd-1817-4d29-a66b-93dc696e41f8,K,-27.616618505601167,3043.7697002383916
fisheries,schaefer,Simulated annealing,Annealing (T=1.285774),1,4809,546272fd-1817-4d29-a66b-93dc696e41f8,q,-27.616618505601167,0.000373490460160945
fisheries,schaefer,Simulated annealing,Annealing (T=1.285774),1,4809,546272fd-1817-4d29-a66b-93dc696e41f8,r,-27.616618505601167,0.33910856717134086
fisheries,schaefer,Simulated annealing,Annealing (T=1.285774),1,4809,546272fd-1817-4d29-a66b-93dc696e41f8,sigma_v,-27.616618505601167,0.10645051271890624
fisheries,schaefer,Simulated annealing,Annealing (T=1.246811),1,8,546272fd-1817-4d29-a66b-93dc696e41f8,K,-29.778641973295336,2914.6566490026967
fisheries,schaefer,Simulated annealing,Annealing (T=1.246811),1,8,546272fd-1817-4d29-a66b-93dc696e41f8,q,-29.778641973295336,0.00042088021910905
fisheries,schaefer,Simulated annealing,Annealing (T=1.246811),1,8,546272fd-1817-4d29-a66b-93dc696e41f8,r,-29.778641973295336,0.34734977624714675
fisheries,schaefer,Simulated annealing,Annealing (T=1.246811),1,8,546272fd-1817-4d29-a66b-93dc696e41f8,sigma_v,-29.778641973295336,0.10146144503416615
fisheries,schaefer,Simulated annealing,Annealing (T=1.246811),1,208,546272fd-1817-4d29-a66b-93dc696e41f8,K,-28.06667844011507,2928.7294798426633
fisheries,schaefer,Simulated annealing,Annealing (T=1.246811),1,208,546272fd-1817-4d29-a66b-93dc696e41f8,q,-28.06667844011507,0.00041832141470652686
fisheries,schaefer,Simulated annealing,Annealing (T=1.246811),1,208,546272fd-1817-4d29-a66b-93dc696e41f8,r,-28.06667844011507,0.35066141610669677
fisheries,schaefer,Simulated annealing,Annealing (T=1.246811),1,208,546272fd-1817-4d29-a66b-93dc696e41f8,sigma_v,-28.06667844011507,0.10691709756628909
fisheries,schaefer,Simulated annealing,Annealing (T=1.246811),1,408,546272fd-1817-4d29-a66b-93dc696e41f8,K,-27.489391280417614,2981.644921107072
fisheries,schaefer,Simulated annealing,Annealing (T=1.246811),1,408,546272fd-1817-4d29-a66b-93dc696e41f8,q,-27.489391280417614,0.00042990666041952194
fisheries,schaefer,Simulated annealing,Annealing (T=1.246811),1,408,546272fd-1817-4d29-a66b-93dc696e41f8,r,-27.489391280417614,0.3318494522060652
fisheries,schaefer,Simulated annealing,Annealing (T=1.246811),1,408,546272fd-1817-4d29-a66b-93dc696e41f8,sigma_v,-27.489391280417614,0.13376057327579638
fisheries,schaefer,Simulated annealing,Annealing (T=1.246811),1,608,546272fd-1817-4d29-a66b-93dc696e41f8,K,-28.892482878530625,2975.1131449135446
fisheries,schaefer,Simulated annealing,Annealing (T=1.246811),1,608,546272fd-1817-4d29-a66b-93dc696e41f8,q,-28.892482878530625,0.00040302242432025136
fisheries,schaefer,Simulated annealing,Annealing (T=1.246811),1,608,546272fd-1817-4d29-a66b-93dc696e41f8,r,-28.892482878530625,0.3406018337019652
fisheries,schaefer,Simulated annealing,Annealing (T=1.246811),1,608,546272fd-1817-4d29-a66b-93dc696e41f8,sigma_v,-28.892482878530625,0.11967789255413151
fisheries,schaefer,Simulated annealing,Annealing (T=1.246811),1,808,546272fd-1817-4d29-a66b-93dc696e41f8,K,-28.4374715196547,2964.753942379062
fisheries,schaefer,Simulated annealing,Annealing (T=1.246811),1,808,546272fd-1817-4d29-a66b-93dc696e41f8,q,-28.4374715196547,0.00040153760090030585
fisheries,schaefer,Simulated annealing,Annealing (T=1.246811),1,808,546272fd-1817-4d29-a66b-93dc696e41f8,r,-28.4374715196547,0.34293542535053145
fisheries,schaefer,Simulated annealing,Annealing (T=1.246811),1,808,546272fd-1817-4d29-a66b-93dc696e41f8,sigma_v,-28.4374715196547,0.1263452680581109
fisheries,schaefer,Simulated annealing,Annealing (T=1.246811),1,1008,546272fd-1817-4d29-a66b-93dc696e41f8,K,-27.113056832019314,2954.548507744251
fisheries,schaefer,Simulated annealing,Annealing (T=1.246811),1,1008,546272fd-1817-4d29-a66b-93dc696e41f8,q,-27.113056832019314,0.00040037723267360054
fisheries,schaefer,Simulated annealing,Annealing (T=1.246811),1,1008,546272fd-1817-4d29-a66b-93dc696e41f8,r,-27.113056832019314,0.34845944463198225
fisheries,schaefer,Simulated annealing,Annealing (T=1.246811),1,1008,546272fd-1817-4d29-a66b-93dc696e41f8,sigma_v,-27.113056832019314,0.08094749134778018
fisheries,schaefer,Simulated annealing,Annealing (T=1.246811),1,1208,546272fd-1817-4d29-a66b-93dc696e41f8,K,-26.627497048989976,3119.520734419127
fisheries,schaefer,Simulated annealing,Annealing (T=1.246811),1,1208,546272fd-1817-4d29-a66b-93dc696e41f8,q,-26.627497048989976,0.0004056591110896681
fisheries,schaefer,Simulated annealing,Annealing (T=1.246811),1,1208,546272fd-1817-4d29-a66b-93dc696e41f8,r,-26.627497048989976,0.31417085958493834
fisheries,schaefer,Simulated annealing,Annealing (T=1.246811),1,1208,546272fd-1817-4d29-a66b-93dc696e41f8,sigma_v,-26.627497048989976,0.09258434513971017
fisheries,schaefer,Simulated annealing,Annealing (T=1.246811),1,1408,546272fd-1817-4d29-a66b-93dc696e41f8,K,-27.084795627466615,3130.7903917250305
fisheries,schaefer,Simulated annealing,Annealing (T=1.246811),1,1408,546272fd-1817-4d29-a66b-93dc696e41f8,q,-27.084795627466615,0.00040167090050004304
fisheries,schaefer,Simulated annealing,Annealing (T=1.246811),1,1408,546272fd-1817-4d29-a66b-93dc696e41f8,r,-27.084795627466615,0.3066706996405856
fisheries,schaefer,Simulated annealing,Annealing (T=1.246811),1,1408,546272fd-1817-4d29-a66b-93dc696e41f8,sigma_v,-27.084795627466615,0.09003314746213052
fisheries,schaefer,Simulated annealing,Annealing (T=1.246811),1,1608,546272fd-1817-4d29-a66b-93dc696e41f8,K,-28.830925469500208,3181.6511417255606
fisheries,schaefer,Simulated annealing,Annealing (T=1.246811),1,1608,546272fd-1817-4d29-a66b-93dc696e41f8,q,-28.830925469500208,0.0003703560819767798
fisheries,schaefer,Simulated annealing,Annealing (T=1.246811),1,1608,546272fd-1817-4d29-a66b-93dc696e41f8,r,-28.830925469500208,0.3070924550835087
fisheries,schaefer,Simulated annealing,Annealing (T=1.246811),1,1608,546272fd-1817-4d29-a66b-93dc696e41f8,sigma_v,-28.830925469500208,0.09335558511657294
fisheries,schaefer,Simulated annealing,Annealing (T=1.246811),1,1808,546272fd-1817-4d29-a66b-93dc696e41f8,K,-26.118529949543483,3165.0301525050145
fisheries,schaefer,Simulated annealing,Annealing (T=1.246811),1,1808,546272fd-1817-4d29-a66b-93dc696e41f8,q,-26.118529949543483,0.0003598140922199351
fisheries,schaefer,Simulated annealing,Annealing (T=1.246811),1,1808,546272fd-1817-4d29-a66b-93dc696e41f8,r,-26.118529949543483,0.3074720270845219
fisheries,schaefer,Simulated annealing,Annealing (T=1.246811),1,1808,546272fd-1817-4d29-a66b-93dc696e41f8,sigma_v,-26.118529949543483,0.11351465540830606
fisheries,schaefer,Simulated annealing,Annealing (T=1.246811),1,2008,546272fd-1817-4d29-a66b-93dc696e41f8,K,-27.35349983825273,3206.5043983617898
fisheries,schaefer,Simulated annealing,Annealing (T=1.246811),1,2008,546272fd-1817-4d29-a66b-93dc696e41f8,q,-27.35349983825273,0.00034943365105025035
fisheries,schaefer,Simulated annealing,Annealing (T=1.246811),1,2008,546272fd-1817-4d29-a66b-93dc696e41f8,r,-27.35349983825273,0.31621307942197696
fisheries,schaefer,Simulated annealing,Annealing (T=1.246811),1,2008,546272fd-1817-4d29-a66b-93dc696e41f8,sigma_v,-27.35349983825273,0.11736647940146876
fisheries,schaefer,Simulated annealing,Annealing (T=1.246811),1,2208,546272fd-1817-4d29-a66b-93dc696e41f8,K,-28.513018809713685,3217.510901014374
fisheries,schaefer,Simulated annealing,Annealing (T=1.246811),1,2208,546272fd-1817-4d29-a66b-93dc696e41f8,q,-28.513018809713685,0.0003556362793677482
fisheries,schaefer,Simulated annealing,Annealing (T=1.246811),1,2208,546272fd-1817-4d29-a66b-93dc696e41f8,r,-28.513018809713685,0.30518263241399685
fisheries,schaefer,Simulated annealing,Annealing (T=1.246811),1,2208,546272fd-1817-4d29-a66b-93dc696e41f8,sigma_v,-28.513018809713685,0.10614158912122224
fisheries,schaefer,Simulated annealing,Annealing (T=1.246811),1,2408,546272fd-1817-4d29-a66b-93dc696e41f8,K,-28.037150789951703,3128.321754926747
fisheries,schaefer,Simulated annealing,Annealing (T=1.246811),1,2408,546272fd-1817-4d29-a66b-93dc696e41f8,q,-28.037150789951703,0.0003767733090750854
fisheries,schaefer,Simulated annealing,Annealing (T=1.246811),1,2408,546272fd-1817-4d29-a66b-93dc696e41f8,r,-28.037150789951703,0.31765953027539373
fisheries,schaefer,Simulated annealing,Annealing (T=1.246811),1,2408,546272fd-1817-4d29-a66b-93dc696e41f8,sigma_v,-28.037150789951703,0.13011936188257037
fisheries,schaefer,Simulated annealing,Annealing (T=1.246811),1,2608,546272fd-1817-4d29-a66b-93dc696e41f8,K,-28.33739475692679,3045.268881853425
fisheries,schaefer,Simulated annealing,Annealing (T=1.246811),1,2608,546272fd-1817-4d29-a66b-93dc696e41f8,q,-28.33739475692679,0.00040617846524754165
fisheries,schaefer,Simulated annealing,Annealing (T=1.246811),1,2608,546272fd-1817-4d29-a66b-93dc696e41f8,r,-28.33739475692679,0.32109514998040506
fisheries,schaefer,Simulated annealing,Annealing (T=1.246811),1,2608,546272fd-1817-4d29-a66b-93dc696e41f8,sigma_v,-28.33739475692679,0.11650416525237833
fisheries,schaefer,Simulated annealing,Annealing (T=1.246811),1,2808,546272fd-1817-4d29-a66b-93dc696e41f8,K,-21.515223934531356,2993.4493869139706
fisheries,schaefer,Simulated annealing,Annealing (T=1.246811),1,2808,546272fd-1817-4d29-a66b-93dc696e41f8,q,-21.515223934531356,0.00039707033518112517
fisheries,schaefer,Simulated annealing,Annealing (T=1.246811),1,2808,546272fd-1817-4d29-a66b-93dc696e41f8,r,-21.515223934531356,0.34891804203922455
fisheries,schaefer,Simulated annealing,Annealing (T=1.246811),1,2808,546272fd-1817-4d29-a66b-93dc696e41f8,sigma_v,-21.515223934531356,0.19472588482144254
fisheries,schaefer,Simulated annealing,Annealing (T=1.246811),1,3008,546272fd-1817-4d29-a66b-93dc696e41f8,K,-29.258965492894124,3024.0375055940603
fisheries,schaefer,Simulated annealing,Annealing (T=1.246811),1,3008,546272fd-1817-4d29-a66b-93dc696e41f8,q,-29.258965492894124,0.0004113120647727663
fisheries,schaefer,Simulated annealing,Annealing (T=1.246811),1,3008,546272fd-1817-4d29-a66b-93dc696e41f8,r,-29.258965492894124,0.3261558402938589
fisheries,schaefer,Simulated annealing,Annealing (T=1.246811),1,3008,546272fd-1817-4d29-a66b-93dc696e41f8,sigma_v,-29.258965492894124,0.10282409675713339
fisheries,schaefer,Simulated annealing,Annealing (T=1.246811),1,3208,546272fd-1817-4d29-a66b-93dc696e41f8,K,-27.59950843935952,3186.010197054633
fisheries,schaefer,Simulated annealing,Annealing (T=1.246811),1,3208,546272fd-1817-4d29-a66b-93dc696e41f8,q,-27.59950843935952,0.0003711258511787054
fisheries,schaefer,Simulated annealing,Annealing (T=1.246811),1,3208,546272fd-1817-4d29-a66b-93dc696e41f8,r,-27.59950843935952,0.3033271150241204
fisheries,schaefer,Simulated annealing,Annealing (T=1.246811),1,3208,546272fd-1817-4d29-a66b-93dc696e41f8,sigma_v,-27.59950843935952,0.1252017363638959
fisheries,schaefer,Simulated annealing,Annealing (T=1.246811),1,3408,546272fd-1817-4d29-a66b-93dc696e41f8,K,-28.565178216454633,3142.390886698832
fisheries,schaefer,Simulated annealing,Annealing (T=1.246811),1,3408,546272fd-1817-4d29-a66b-93dc696e41f8,q,-28.565178216454633,0.00038315862106791794
fisheries,schaefer,Simulated annealing,Annealing (T=1.246811),1,3408,546272fd-1817-4d29-a66b-93dc696e41f8,r,-28.565178216454633,0.3088606523447818
fisheries,schaefer,Simulated annealing,Annealing (T=1.246811),1,3408,546272fd-1817-4d29-a66b-93dc696e41f8,sigma_v,-28.565178216454633,0.10966346584009394
fisheries,schaefer,Simulated annealing,Annealing (T=1.246811),1,3608,546272fd-1817-4d29-a66b-93dc696e41f8,K,-28.7353043631881,3201.2412562050717
fisheries,schaefer,Simulated annealing,Annealing (T=1.246811),1,3608,546272fd-1817-4d29-a66b-93dc696e41f8,q,-28.7353043631881,0.0003716248438921711
fisheries,schaefer,Simulated annealing,Annealing (T=1.246811),1,3608,546272fd-1817-4d29-a66b-93dc696e41f8,r,-28.7353043631881,0.30571797916760945
fisheries,schaefer,Simulated annealing,Annealing (T=1.246811),1,3608,546272fd-1817-4d29-a66b-93dc696e41f8,sigma_v,-28.7353043631881,0.11281548081283384
fisheries,schaefer,Simulated annealing,Annealing (T=1.246811),1,3808,546272fd-1817-4d29-a66b-93dc696e41f8,K,-26.8291955004954,3162.5506637828967
fisheries,schaefer,Simulated annealing,Annealing (T=1.246811),1,3808,546272fd-1817-4d29-a66b-93dc696e41f8,q,-26.8291955004954,0.0003800976190852231
fisheries,schaefer,Simulated annealing,Annealing (T=1.246811),1,3808,546272fd-1817-4d29-a66b-93dc696e41f8,r,-26.8291955004954,0.31641885439038236
fisheries,schaefer,Simulated annealing,Annealing (T=1.246811),1,3808,546272fd-1817-4d29-a66b-93dc696e41f8,sigma_v,-26.8291955004954,0.10364711075157784
fisheries,schaefer,Simulated annealing,Annealing (T=1.246811),1,4008,546272fd-1817-4d29-a66b-93dc696e41f8,K,-29.10750401107281,3128.544092980192
fisheries,schaefer,Simulated annealing,Annealing (T=1.246811),1,4008,546272fd-1817-4d29-a66b-93dc696e41f8,q,-29.10750401107281,0.00037969032691401123
fisheries,schaefer,Simulated annealing,Annealing (T=1.246811),1,4008,546272fd-1817-4d29-a66b-93dc696e41f8,r,-29.10750401107281,0.31767141680618605
fisheries,schaefer,Simulated annealing,Annealing (T=1.246811),1,4008,546272fd-1817-4d29-a66b-93dc696e41f8,sigma_v,-29.10750401107281,0.10496679293567349
fisheries,schaefer,Simulated annealing,Annealing (T=1.246811),1,4208,546272fd-1817-4d29-a66b-93dc696e41f8,K,-28.173271991876614,3250.4565687334843
fisheries,schaefer,Simulated annealing,Annealing (T=1.246811),1,4208,546272fd-1817-4d29-a66b-93dc696e41f8,q,-28.173271991876614,0.00035350539438481837
fisheries,schaefer,Simulated annealing,Annealing (T=1.246811),1,4208,546272fd-1817-4d29-a66b-93dc696e41f8,r,-28.173271991876614,0.29881430413565024
fisheries,schaefer,Simulated annealing,Annealing (T=1.246811),1,4208,546272fd-1817-4d29-a66b-93dc696e41f8,sigma_v,-28.173271991876614,0.09929993276680062
fisheries,schaefer,Simulated annealing,Annealing (T=1.246811),1,4408,546272fd-1817-4d29-a66b-93dc696e41f8,K,-24.980943200133844,3183.0171835918536
fisheries,schaefer,Simulated annealing,Annealing (T=1.246811),1,4408,546272fd-1817-4d29-a66b-93dc696e41f8,q,-24.980943200133844,0.00033217240810983194
fisheries,schaefer,Simulated annealing,Annealing (T=1.246811),1,4408,546272fd-1817-4d29-a66b-93dc696e41f8,r,-24.980943200133844,0.31843952110889995
fisheries,schaefer,Simulated annealing,Annealing (T=1.246811),1,4408,546272fd-1817-4d29-a66b-93dc696e41f8,sigma_v,-24.980943200133844,0.12513097821099686
fisheries,schaefer,Simulated annealing,Annealing (T=1.246811),1,4608,546272fd-1817-4d29-a66b-93dc696e41f8,K,-26.22023020791938,3155.7347430223585
fisheries,schaefer,Simulated annealing,Annealing (T=1.246811),1,4608,546272fd-1817-4d29-a66b-93dc696e41f8,q,-26.22023020791938,0.0003952789977589928
fisheries,schaefer,Simulated annealing,Annealing (T=1.246811),1,4608,546272fd-1817-4d29-a66b-93dc696e41f8,r,-26.22023020791938,0.3013633438164897
fisheries,schaefer,Simulated annealing,Annealing (T=1.246811),1,4608,546272fd-1817-4d29-a66b-93dc696e41f8,sigma_v,-26.22023020791938,0.13458340809649014
fisheries,schaefer,Simulated annealing,Annealing (T=1.246811),1,4808,546272fd-1817-4d29-a66b-93dc696e41f8,K,-28.64056031720087,3114.498716109623
fisheries,schaefer,Simulated annealing,Annealing (T=1.246811),1,4808,546272fd-1817-4d29-a66b-93dc696e41f8,q,-28.64056031720087,0.0003718477559898249
fisheries,schaefer,Simulated annealing,Annealing (T=1.246811),1,4808,546272fd-1817-4d29-a66b-93dc696e41f8,r,-28.64056031720087,0.318354726881998
fisheries,schaefer,Simulated annealing,Annealing (T=1.246811),1,4808,546272fd-1817-4d29-a66b-93dc696e41f8,sigma_v,-28.64056031720087,0.09440713692931112
fisheries,schaefer,Simulated annealing,Annealing (T=1.210141),1,7,546272fd-1817-4d29-a66b-93dc696e41f8,K,-29.778641973295336,2914.6566490026967
fisheries,schaefer,Simulated annealing,Annealing (T=1.210141),1,7,546272fd-1817-4d29-a66b-93dc696e41f8,q,-29.778641973295336,0.00042088021910905
fisheries,schaefer,Simulated annealing,Annealing (T=1.210141),1,7,546272fd-1817-4d29-a66b-93dc696e41f8,r,-29.778641973295336,0.34734977624714675
fisheries,schaefer,Simulated annealing,Annealing (T=1.210141),1,7,546272fd-1817-4d29-a66b-93dc696e41f8,sigma_v,-29.778641973295336,0.10146144503416615
fisheries,schaefer,Simulated annealing,Annealing (T=1.210141),1,207,546272fd-1817-4d29-a66b-93dc696e41f8,K,-28.89685825778401,2852.514783310455
fisheries,schaefer,Simulated annealing,Annealing (T=1.210141),1,207,546272fd-1817-4d29-a66b-93dc696e41f8,q,-28.89685825778401,0.00045117965500418865
fisheries,schaefer,Simulated annealing,Annealing (T=1.210141),1,207,546272fd-1817-4d29-a66b-93dc696e41f8,r,-28.89685825778401,0.3564173818228209
fisheries,schaefer,Simulated annealing,Annealing (T=1.210141),1,207,546272fd-1817-4d29-a66b-93dc696e41f8,sigma_v,-28.89685825778401,0.10370594173578344
fisheries,schaefer,Simulated annealing,Annealing (T=1.210141),1,407,546272fd-1817-4d29-a66b-93dc696e41f8,K,-27.47040392930546,2743.1800229325468
fisheries,schaefer,Simulated annealing,Annealing (T=1.210141),1,407,546272fd-1817-4d29-a66b-93dc696e41f8,q,-27.47040392930546,0.0004944150740304503
fisheries,schaefer,Simulated annealing,Annealing (T=1.210141),1,407,546272fd-1817-4d29-a66b-93dc696e41f8,r,-27.47040392930546,0.370829858143119
fisheries,schaefer,Simulated annealing,Annealing (T=1.210141),1,407,546272fd-1817-4d29-a66b-93dc696e41f8,sigma_v,-27.47040392930546,0.10638516517711588
fisheries,schaefer,Simulated annealing,Annealing (T=1.210141),1,607,546272fd-1817-4d29-a66b-93dc696e41f8,K,-26.42482207834572,2690.82781458433
fisheries,schaefer,Simulated annealing,Annealing (T=1.210141),1,607,546272fd-1817-4d29-a66b-93dc696e41f8,q,-26.42482207834572,0.000478610519178186
fisheries,schaefer,Simulated annealing,Annealing (T=1.210141),1,607,546272fd-1817-4d29-a66b-93dc696e41f8,r,-26.42482207834572,0.3928110423290021
fisheries,schaefer,Simulated annealing,Annealing (T=1.210141),1,607,546272fd-1817-4d29-a66b-93dc696e41f8,sigma_v,-26.42482207834572,0.10624290365131928
fisheries,schaefer,Simulated annealing,Annealing (T=1.210141),1,807,546272fd-1817-4d29-a66b-93dc696e41f8,K,-26.59347679363058,2697.9777085756946
fisheries,schaefer,Simulated annealing,Annealing (T=1.210141),1,807,546272fd-1817-4d29-a66b-93dc696e41f8,q,-26.59347679363058,0.0004990881991257472
fisheries,schaefer,Simulated annealing,Annealing (T=1.210141),1,807,546272fd-1817-4d29-a66b-93dc696e41f8,r,-26.59347679363058,0.3852078996741638
fisheries,schaefer,Simulated annealing,Annealing (T=1.210141),1,807,546272fd-1817-4d29-a66b-93dc696e41f8,sigma_v,-26.59347679363058,0.09834394344412113
fisheries,schaefer,Simulated annealing,Annealing (T=1.210141),1,1007,546272fd-1817-4d29-a66b-93dc696e41f8,K,-27.716986822228534,2749.9964525402784
fisheries,schaefer,Simulated annealing,Annealing (T=1.210141),1,1007,546272fd-1817-4d29-a66b-93dc696e41f8,q,-27.716986822228534,0.00044990606087657567
fisheries,schaefer,Simulated annealing,Annealing (T=1.210141),1,1007,546272fd-1817-4d29-a66b-93dc696e41f8,r,-27.716986822228534,0.38098853544225014
fisheries,schaefer,Simulated annealing,Annealing (T=1.210141),1,1007,546272fd-1817-4d29-a66b-93dc696e41f8,sigma_v,-27.716986822228534,0.08371009398037792
fisheries,schaefer,Simulated annealing,Annealing (T=1.210141),1,1207,546272fd-1817-4d29-a66b-93dc696e41f8,K,-27.476270364990366,2804.4172004514853
fisheries,schaefer,Simulated annealing,Annealing (T=1.210141),1,1207,546272fd-1817-4d29-a66b-93dc696e41f8,q,-27.476270364990366,0.00046248595912189584
fisheries,schaefer,Simulated annealing,Annealing (T=1.210141),1,1207,546272fd-1817-4d29-a66b-93dc696e41f8,r,-27.476270364990366,0.3666062380462726
fisheries,schaefer,Simulated annealing,Annealing (T=1.210141),1,1207,546272fd-1817-4d29-a66b-93dc696e41f8,sigma_v,-27.476270364990366,0.1266920860300836
fisheries,schaefer,Simulated annealing,Annealing (T=1.210141),1,1407,546272fd-1817-4d29-a66b-93dc696e41f8,K,-27.60139435523348,2760.146752833612
fisheries,schaefer,Simulated annealing,Annealing (T=1.210141),1,1407,546272fd-1817-4d29-a66b-93dc696e41f8,q,-27.60139435523348,0.00043053818800050086
fisheries,schaefer,Simulated annealing,Annealing (T=1.210141),1,1407,546272fd-1817-4d29-a66b-93dc696e41f8,r,-27.60139435523348,0.38411405203358967
fisheries,schaefer,Simulated annealing,Annealing (T=1.210141),1,1407,546272fd-1817-4d29-a66b-93dc696e41f8,sigma_v,-27.60139435523348,0.11037345695473728
fisheries,schaefer,Simulated annealing,Annealing (T=1.210141),1,1607,546272fd-1817-4d29-a66b-93dc696e41f8,K,-27.95450970674389,2840.3506485212192
fisheries,schaefer,Simulated annealing,Annealing (T=1.210141),1,1607,546272fd-1817-4d29-a66b-93dc696e41f8,q,-27.95450970674389,0.0004445288911087819
fisheries,schaefer,Simulated annealing,Annealing (T=1.210141),1,1607,546272fd-1817-4d29-a66b-93dc696e41f8,r,-27.95450970674389,0.36294613969065914
fisheries,schaefer,Simulated annealing,Annealing (T=1.210141),1,1607,546272fd-1817-4d29-a66b-93dc696e41f8,sigma_v,-27.95450970674389,0.11788955695934879
fisheries,schaefer,Simulated annealing,Annealing (T=1.210141),1,1807,546272fd-1817-4d29-a66b-93dc696e41f8,K,-29.057534930147373,2729.7256737104517
fisheries,schaefer,Simulated annealing,Annealing (T=1.210141),1,1807,546272fd-1817-4d29-a66b-93dc696e41f8,q,-29.057534930147373,0.0004663368843286743
fisheries,schaefer,Simulated annealing,Annealing (T=1.210141),1,1807,546272fd-1817-4d29-a66b-93dc696e41f8,r,-29.057534930147373,0.3812511655034906
fisheries,schaefer,Simulated annealing,Annealing (T=1.210141),1,1807,546272fd-1817-4d29-a66b-93dc696e41f8,sigma_v,-29.057534930147373,0.10518991212828595
fisheries,schaefer,Simulated annealing,Annealing (T=1.210141),1,2007,546272fd-1817-4d29-a66b-93dc696e41f8,K,-26.84147378955279,2710.9853684077666
fisheries,schaefer,Simulated annealing,Annealing (T=1.210141),1,2007,546272fd-1817-4d29-a66b-93dc696e41f8,q,-26.84147378955279,0.00047721246401522666
fisheries,schaefer,Simulated annealing,Annealing (T=1.210141),1,2007,546272fd-1817-4d29-a66b-93dc696e41f8,r,-26.84147378955279,0.3840747541962945
fisheries,schaefer,Simulated annealing,Annealing (T=1.210141),1,2007,546272fd-1817-4d29-a66b-93dc696e41f8,sigma_v,-26.84147378955279,0.14355615984565656
fisheries,schaefer,Simulated annealing,Annealing (T=1.210141),1,2207,546272fd-1817-4d29-a66b-93dc696e41f8,K,-25.67564886495581,2721.824152716142
fisheries,schaefer,Simulated annealing,Annealing (T=1.210141),1,2207,546272fd-1817-4d29-a66b-93dc696e41f8,q,-25.67564886495581,0.0005049836727016567
fisheries,schaefer,Simulated annealing,Annealing (T=1.210141),1,2207,546272fd-1817-4d29-a66b-93dc696e41f8,r,-25.67564886495581,0.3791316087681483
fisheries,schaefer,Simulated annealing,Annealing (T=1.210141),1,2207,546272fd-1817-4d29-a66b-93dc696e41f8,sigma_v,-25.67564886495581,0.1253244979874473
fisheries,schaefer,Simulated annealing,Annealing (T=1.210141),1,2407,546272fd-1817-4d29-a66b-93dc696e41f8,K,-25.92898716187937,2828.8875857744615
fisheries,schaefer,Simulated annealing,Annealing (T=1.210141),1,2407,546272fd-1817-4d29-a66b-93dc696e41f8,q,-25.92898716187937,0.00044719159287222196
fisheries,schaefer,Simulated annealing,Annealing (T=1.210141),1,2407,546272fd-1817-4d29-a66b-93dc696e41f8,r,-25.92898716187937,0.36522458479896286
fisheries,schaefer,Simulated annealing,Annealing (T=1.210141),1,2407,546272fd-1817-4d29-a66b-93dc696e41f8,sigma_v,-25.92898716187937,0.1510565244330365
fisheries,schaefer,Simulated annealing,Annealing (T=1.210141),1,2607,546272fd-1817-4d29-a66b-93dc696e41f8,K,-26.60631950025335,2826.2973636805045
fisheries,schaefer,Simulated annealing,Annealing (T=1.210141),1,2607,546272fd-1817-4d29-a66b-93dc696e41f8,q,-26.60631950025335,0.0004081851631033269
fisheries,schaefer,Simulated annealing,Annealing (T=1.210141),1,2607,546272fd-1817-4d29-a66b-93dc696e41f8,r,-26.60631950025335,0.374956370960897
fisheries,schaefer,Simulated annealing,Annealing (T=1.210141),1,2607,546272fd-1817-4d29-a66b-93dc696e41f8,sigma_v,-26.60631950025335,0.12964626575890056
fisheries,schaefer,Simulated annealing,Annealing (T=1.210141),1,2807,546272fd-1817-4d29-a66b-93dc696e41f8,K,-23.475855584555482,2630.9544358812245
fisheries,schaefer,Simulated annealing,Annealing (T=1.210141),1,2807,546272fd-1817-4d29-a66b-93dc696e41f8,q,-23.475855584555482,0.0004872785832902985
fisheries,schaefer,Simulated annealing,Annealing (T=1.210141),1,2807,546272fd-1817-4d29-a66b-93dc696e41f8,r,-23.475855584555482,0.40836852224346076
fisheries,schaefer,Simulated annealing,Annealing (T=1.210141),1,2807,546272fd-1817-4d29-a66b-93dc696e41f8,sigma_v,-23.475855584555482,0.09843287191936687
fisheries,schaefer,Simulated annealing,Annealing (T=1.210141),1,3007,546272fd-1817-4d29-a66b-93dc696e41f8,K,-24.42861971419709,2637.025292075666
fisheries,schaefer,Simulated annealing,Annealing (T=1.210141),1,3007,546272fd-1817-4d29-a66b-93dc696e41f8,q,-24.42861971419709,0.00045616078385910387
fisheries,schaefer,Simulated annealing,Annealing (T=1.210141),1,3007,546272fd-1817-4d29-a66b-93dc696e41f8,r,-24.42861971419709,0.41343638029998075
fisheries,schaefer,Simulated annealing,Annealing (T=1.210141),1,3007,546272fd-1817-4d29-a66b-93dc696e41f8,sigma_v,-24.42861971419709,0.11874835861501983
fisheries,schaefer,Simulated annealing,Annealing (T=1.210141),1,3207,546272fd-1817-4d29-a66b-93dc696e41f8,K,-27.172759502787308,2643.6628966847934
fisheries,schaefer,Simulated annealing,Annealing (T=1.210141),1,3207,546272fd-1817-4d29-a66b-93dc696e41f8,q,-27.172759502787308,0.0005007589404512771
fisheries,schaefer,Simulated annealing,Annealing (T=1.210141),1,3207,546272fd-1817-4d29-a66b-93dc696e41f8,r,-27.172759502787308,0.39715483449395395
fisheries,schaefer,Simulated annealing,Annealing (T=1.210141),1,3207,546272fd-1817-4d29-a66b-93dc696e41f8,sigma_v,-27.172759502787308,0.131055060322126
fisheries,schaefer,Simulated annealing,Annealing (T=1.210141),1,3407,546272fd-1817-4d29-a66b-93dc696e41f8,K,-27.65674529968082,2679.387186089066
fisheries,schaefer,Simulated annealing,Annealing (T=1.210141),1,3407,546272fd-1817-4d29-a66b-93dc696e41f8,q,-27.65674529968082,0.00045545410699573307
fisheries,schaefer,Simulated annealing,Annealing (T=1.210141),1,3407,546272fd-1817-4d29-a66b-93dc696e41f8,r,-27.65674529968082,0.39669196787145633
fisheries,schaefer,Simulated annealing,Annealing (T=1.210141),1,3407,546272fd-1817-4d29-a66b-93dc696e41f8,sigma_v,-27.65674529968082,0.12176101816261517
fisheries,schaefer,Simulated annealing,Annealing (T=1.210141),1,3607,546272fd-1817-4d29-a66b-93dc696e41f8,K,-28.342336963547925,2630.1944261969306
fisheries,schaefer,Simulated annealing,Annealing (T=1.210141),1,3607,546272fd-1817-4d29-a66b-93dc696e41f8,q,-28.342336963547925,0.000493946873298511
fisheries,schaefer,Simulated annealing,Annealing (T=1.210141),1,3607,546272fd-1817-4d29-a66b-93dc696e41f8,r,-28.342336963547925,0.3984303424198864
fisheries,schaefer,Simulated annealing,Annealing (T=1.210141),1,3607,546272fd-1817-4d29-a66b-93dc696e41f8,sigma_v,-28.342336963547925,0.09942928591381878
fisheries,schaefer,Simulated annealing,Annealing (T=1.210141),1,3807,546272fd-1817-4d29-a66b-93dc696e41f8,K,-27.950503598497814,2572.5092876054737
fisheries,schaefer,Simulated annealing,Annealing (T=1.210141),1,3807,546272fd-1817-4d29-a66b-93dc696e41f8,q,-27.950503598497814,0.0005015383683079954
fisheries,schaefer,Simulated annealing,Annealing (T=1.210141),1,3807,546272fd-1817-4d29-a66b-93dc696e41f8,r,-27.950503598497814,0.4139615124243879
fisheries,schaefer,Simulated annealing,Annealing (T=1.210141),1,3807,546272fd-1817-4d29-a66b-93dc696e41f8,sigma_v,-27.950503598497814,0.10226138402219621
fisheries,schaefer,Simulated annealing,Annealing (T=1.210141),1,4007,546272fd-1817-4d29-a66b-93dc696e41f8,K,-28.248211138436865,2606.1095726057783
fisheries,schaefer,Simulated annealing,Annealing (T=1.210141),1,4007,546272fd-1817-4d29-a66b-93dc696e41f8,q,-28.248211138436865,0.0004954266370261861
fisheries,schaefer,Simulated annealing,Annealing (T=1.210141),1,4007,546272fd-1817-4d29-a66b-93dc696e41f8,r,-28.248211138436865,0.4059365911920239
fisheries,schaefer,Simulated annealing,Annealing (T=1.210141),1,4007,546272fd-1817-4d29-a66b-93dc696e41f8,sigma_v,-28.248211138436865,0.11236355707044157
fisheries,schaefer,Simulated annealing,Annealing (T=1.210141),1,4207,546272fd-1817-4d29-a66b-93dc696e41f8,K,-25.052984797606037,2569.3861758513235
fisheries,schaefer,Simulated annealing,Annealing (T=1.210141),1,4207,546272fd-1817-4d29-a66b-93dc696e41f8,q,-25.052984797606037,0.0005252141274434421
fisheries,schaefer,Simulated annealing,Annealing (T=1.210141),1,4207,546272fd-1817-4d29-a66b-93dc696e41f8,r,-25.052984797606037,0.40709632121354866
fisheries,schaefer,Simulated annealing,Annealing (T=1.210141),1,4207,546272fd-1817-4d29-a66b-93dc696e41f8,sigma_v,-25.052984797606037,0.10280483659253219
fisheries,schaefer,Simulated annealing,Annealing (T=1.210141),1,4407,546272fd-1817-4d29-a66b-93dc696e41f8,K,-26.43049351826199,2662.410650730657
fisheries,schaefer,Simulated annealing,Annealing (T=1.210141),1,4407,546272fd-1817-4d29-a66b-93dc696e41f8,q,-26.43049351826199,0.0004997285217556565
fisheries,schaefer,Simulated annealing,Annealing (T=1.210141),1,4407,546272fd-1817-4d29-a66b-93dc696e41f8,r,-26.43049351826199,0.38689943374037455
fisheries,schaefer,Simulated annealing,Annealing (T=1.210141),1,4407,546272fd-1817-4d29-a66b-93dc696e41f8,sigma_v,-26.43049351826199,0.09974123755472768
fisheries,schaefer,Simulated annealing,Annealing (T=1.210141),1,4607,546272fd-1817-4d29-a66b-93dc696e41f8,K,-27.016042570582655,2642.2247770739255
fisheries,schaefer,Simulated annealing,Annealing (T=1.210141),1,4607,546272fd-1817-4d29-a66b-93dc696e41f8,q,-27.016042570582655,0.00047118873969907217
fisheries,schaefer,Simulated annealing,Annealing (T=1.210141),1,4607,546272fd-1817-4d29-a66b-93dc696e41f8,r,-27.016042570582655,0.39993927486052855
fisheries,schaefer,Simulated annealing,Annealing (T=1.210141),1,4607,546272fd-1817-4d29-a66b-93dc696e41f8,sigma_v,-27.016042570582655,0.13793726292246072
fisheries,schaefer,Simulated annealing,Annealing (T=1.210141),1,4807,546272fd-1817-4d29-a66b-93dc696e41f8,K,-26.481624449888095,2689.509538933034
fisheries,schaefer,Simulated annealing,Annealing (T=1.210141),1,4807,546272fd-1817-4d29-a66b-93dc696e41f8,q,-26.481624449888095,0.00044831388432764387
fisheries,schaefer,Simulated annealing,Annealing (T=1.210141),1,4807,546272fd-1817-4d29-a66b-93dc696e41f8,r,-26.481624449888095,0.39908308237453344
fisheries,schaefer,Simulated annealing,Annealing (T=1.210141),1,4807,546272fd-1817-4d29-a66b-93dc696e41f8,sigma_v,-26.481624449888095,0.11605967753749762
fisheries,schaefer,Simulated annealing,Annealing (T=1.175565),1,6,546272fd-1817-4d29-a66b-93dc696e41f8,K,-29.778641973295336,2914.6566490026967
fisheries,schaefer,Simulated annealing,Annealing (T=1.175565),1,6,546272fd-1817-4d29-a66b-93dc696e41f8,q,-29.778641973295336,0.00042088021910905
fisheries,schaefer,Simulated annealing,Annealing (T=1.175565),1,6,546272fd-1817-4d29-a66b-93dc696e41f8,r,-29.778641973295336,0.34734977624714675
fisheries,schaefer,Simulated annealing,Annealing (T=1.175565),1,6,546272fd-1817-4d29-a66b-93dc696e41f8,sigma_v,-29.778641973295336,0.10146144503416615
fisheries,schaefer,Simulated annealing,Annealing (T=1.175565),1,206,546272fd-1817-4d29-a66b-93dc696e41f8,K,-28.022088482526787,2802.8099601912027
fisheries,schaefer,Simulated annealing,Annealing (T=1.175565),1,206,546272fd-1817-4d29-a66b-93dc696e41f8,q,-28.022088482526787,0.0004380188035152177
fisheries,schaefer,Simulated annealing,Annealing (T=1.175565),1,206,546272fd-1817-4d29-a66b-93dc696e41f8,r,-28.022088482526787,0.3647770014756403
fisheries,schaefer,Simulated annealing,Annealing (T=1.175565),1,206,546272fd-1817-4d29-a66b-93dc696e41f8,sigma_v,-28.022088482526787,0.12271659298629765
fisheries,schaefer,Simulated annealing,Annealing (T=1.175565),1,406,546272fd-1817-4d29-a66b-93dc696e41f8,K,-26.101914114973653,2767.1289287869736
fisheries,schaefer,Simulated annealing,Annealing (T=1.175565),1,406,546272fd-1817-4d29-a66b-93dc696e41f8,q,-26.101914114973653,0.0004148444301294193
fisheries,schaefer,Simulated annealing,Annealing (T=1.175565),1,406,546272fd-1817-4d29-a66b-93dc696e41f8,r,-26.101914114973653,0.38161012810865574
fisheries,schaefer,Simulated annealing,Annealing (T=1.175565),1,406,546272fd-1817-4d29-a66b-93dc696e41f8,sigma_v,-26.101914114973653,0.1383016154880289
fisheries,schaefer,Simulated annealing,Annealing (T=1.175565),1,606,546272fd-1817-4d29-a66b-93dc696e41f8,K,-24.280403570952693,2712.5962291162327
fisheries,schaefer,Simulated annealing,Annealing (T=1.175565),1,606,546272fd-1817-4d29-a66b-93dc696e41f8,q,-24.280403570952693,0.0004677143413141413
fisheries,schaefer,Simulated annealing,Annealing (T=1.175565),1,606,546272fd-1817-4d29-a66b-93dc696e41f8,r,-24.280403570952693,0.3770118602161772
fisheries,schaefer,Simulated annealing,Annealing (T=1.175565),1,606,546272fd-1817-4d29-a66b-93dc696e41f8,sigma_v,-24.280403570952693,0.15385076288763125
fisheries,schaefer,Simulated annealing,Annealing (T=1.175565),1,806,546272fd-1817-4d29-a66b-93dc696e41f8,K,-28.30708748656254,2712.9005441717995
fisheries,schaefer,Simulated annealing,Annealing (T=1.175565),1,806,546272fd-1817-4d29-a66b-93dc696e41f8,q,-28.30708748656254,0.0004605020588572728
fisheries,schaefer,Simulated annealing,Annealing (T=1.175565),1,806,546272fd-1817-4d29-a66b-93dc696e41f8,r,-28.30708748656254,0.38280363051785715
fisheries,schaefer,Simulated annealing,Annealing (T=1.175565),1,806,546272fd-1817-4d29-a66b-93dc696e41f8,sigma_v,-28.30708748656254,0.08902800627562099
fisheries,schaefer,Simulated annealing,Annealing (T=1.175565),1,1006,546272fd-1817-4d29-a66b-93dc696e41f8,K,-28.311384157457127,2769.249877702932
fisheries,schaefer,Simulated annealing,Annealing (T=1.175565),1,1006,546272fd-1817-4d29-a66b-93dc696e41f8,q,-28.311384157457127,0.00043450330836728926
fisheries,schaefer,Simulated annealing,Annealing (T=1.175565),1,1006,546272fd-1817-4d29-a66b-93dc696e41f8,r,-28.311384157457127,0.377941923454197
fisheries,schaefer,Simulated annealing,Annealing (T=1.175565),1,1006,546272fd-1817-4d29-a66b-93dc696e41f8,sigma_v,-28.311384157457127,0.08836003149704588
fisheries,schaefer,Simulated annealing,Annealing (T=1.175565),1,1206,546272fd-1817-4d29-a66b-93dc696e41f8,K,-27.437167935484165,2818.522554730424
fisheries,schaefer,Simulated annealing,Annealing (T=1.175565),1,1206,546272fd-1817-4d29-a66b-93dc696e41f8,q,-27.437167935484165,0.00043480405902772916
fisheries,schaefer,Simulated annealing,Annealing (T=1.175565),1,1206,546272fd-1817-4d29-a66b-93dc696e41f8,r,-27.437167935484165,0.3646523638651018
fisheries,schaefer,Simulated annealing,Annealing (T=1.175565),1,1206,546272fd-1817-4d29-a66b-93dc696e41f8,sigma_v,-27.437167935484165,0.07430020577364925
fisheries,schaefer,Simulated annealing,Annealing (T=1.175565),1,1406,546272fd-1817-4d29-a66b-93dc696e41f8,K,-28.424246694610368,2698.001407512844
fisheries,schaefer,Simulated annealing,Annealing (T=1.175565),1,1406,546272fd-1817-4d29-a66b-93dc696e41f8,q,-28.424246694610368,0.000490976724132704
fisheries,schaefer,Simulated annealing,Annealing (T=1.175565),1,1406,546272fd-1817-4d29-a66b-93dc696e41f8,r,-28.424246694610368,0.38410215280212456
fisheries,schaefer,Simulated annealing,Annealing (T=1.175565),1,1406,546272fd-1817-4d29-a66b-93dc696e41f8,sigma_v,-28.424246694610368,0.10256983859866686
fisheries,schaefer,Simulated annealing,Annealing (T=1.175565),1,1606,546272fd-1817-4d29-a66b-93dc696e41f8,K,-25.426409847279384,2690.3392221307704
fisheries,schaefer,Simulated annealing,Annealing (T=1.175565),1,1606,546272fd-1817-4d29-a66b-93dc696e41f8,q,-25.426409847279384,0.0004428495059255089
fisheries,schaefer,Simulated annealing,Annealing (T=1.175565),1,1606,546272fd-1817-4d29-a66b-93dc696e41f8,r,-25.426409847279384,0.3901488003993918
fisheries,schaefer,Simulated annealing,Annealing (T=1.175565),1,1606,546272fd-1817-4d29-a66b-93dc696e41f8,sigma_v,-25.426409847279384,0.14738965267938206
fisheries,schaefer,Simulated annealing,Annealing (T=1.175565),1,1806,546272fd-1817-4d29-a66b-93dc696e41f8,K,-25.509473546664903,2748.730637531449
fisheries,schaefer,Simulated annealing,Annealing (T=1.175565),1,1806,546272fd-1817-4d29-a66b-93dc696e41f8,q,-25.509473546664903,0.00043259398335844144
fisheries,schaefer,Simulated annealing,Annealing (T=1.175565),1,1806,546272fd-1817-4d29-a66b-93dc696e41f8,r,-25.509473546664903,0.38970184014625686
fisheries,schaefer,Simulated annealing,Annealing (T=1.175565),1,1806,546272fd-1817-4d29-a66b-93dc696e41f8,sigma_v,-25.509473546664903,0.10066554669482938
fisheries,schaefer,Simulated annealing,Annealing (T=1.175565),1,2006,546272fd-1817-4d29-a66b-93dc696e41f8,K,-26.653168902601255,2703.6246907130417
fisheries,schaefer,Simulated annealing,Annealing (T=1.175565),1,2006,546272fd-1817-4d29-a66b-93dc696e41f8,q,-26.653168902601255,0.00046253168278146995
fisheries,schaefer,Simulated annealing,Annealing (T=1.175565),1,2006,546272fd-1817-4d29-a66b-93dc696e41f8,r,-26.653168902601255,0.3816755025524349
fisheries,schaefer,Simulated annealing,Annealing (T=1.175565),1,2006,546272fd-1817-4d29-a66b-93dc696e41f8,sigma_v,-26.653168902601255,0.12430704326022618
fisheries,schaefer,Simulated annealing,Annealing (T=1.175565),1,2206,546272fd-1817-4d29-a66b-93dc696e41f8,K,-26.782865004788626,2826.543722248784
fisheries,schaefer,Simulated annealing,Annealing (T=1.175565),1,2206,546272fd-1817-4d29-a66b-93dc696e41f8,q,-26.782865004788626,0.00040723122874600963
fisheries,schaefer,Simulated annealing,Annealing (T=1.175565),1,2206,546272fd-1817-4d29-a66b-93dc696e41f8,r,-26.782865004788626,0.3718999424009473
fisheries,schaefer,Simulated annealing,Annealing (T=1.175565),1,2206,546272fd-1817-4d29-a66b-93dc696e41f8,sigma_v,-26.782865004788626,0.08954202715759134
fisheries,schaefer,Simulated annealing,Annealing (T=1.175565),1,2406,546272fd-1817-4d29-a66b-93dc696e41f8,K,-28.342734054087835,2794.9594648852235
fisheries,schaefer,Simulated annealing,Annealing (T=1.175565),1,2406,546272fd-1817-4d29-a66b-93dc696e41f8,q,-28.342734054087835,0.00043606761517031687
fisheries,schaefer,Simulated annealing,Annealing (T=1.175565),1,2406,546272fd-1817-4d29-a66b-93dc696e41f8,r,-28.342734054087835,0.3738826755806434
fisheries,schaefer,Simulated annealing,Annealing (T=1.175565),1,2406,546272fd-1817-4d29-a66b-93dc696e41f8,sigma_v,-28.342734054087835,0.09108299756271258
fisheries,schaefer,Simulated annealing,Annealing (T=1.175565),1,2606,546272fd-1817-4d29-a66b-93dc696e41f8,K,-28.113415966916932,2766.452974641544
fisheries,schaefer,Simulated annealing,Annealing (T=1.175565),1,2606,546272fd-1817-4d29-a66b-93dc696e41f8,q,-28.113415966916932,0.00047264308555626186
fisheries,schaefer,Simulated annealing,Annealing (T=1.175565),1,2606,546272fd-1817-4d29-a66b-93dc696e41f8,r,-28.113415966916932,0.37170358968730266
fisheries,schaefer,Simulated annealing,Annealing (T=1.175565),1,2606,546272fd-1817-4d29-a66b-93dc696e41f8,sigma_v,-28.113415966916932,0.12179708387563512
fisheries,schaefer,Simulated annealing,Annealing (T=1.175565),1,2806,546272fd-1817-4d29-a66b-93dc696e41f8,K,-26.480681035006004,2822.7089125572443
fisheries,schaefer,Simulated annealing,Annealing (T=1.175565),1,2806,546272fd-1817-4d29-a66b-93dc696e41f8,q,-26.480681035006004,0.0004605126037353286
fisheries,schaefer,Simulated annealing,Annealing (T=1.175565),1,2806,546272fd-1817-4d29-a66b-93dc696e41f8,r,-26.480681035006004,0.3591823558622436
fisheries,schaefer,Simulated annealing,Annealing (T=1.175565),1,2806,546272fd-1817-4d29-a66b-93dc696e41f8,sigma_v,-26.480681035006004,0.1501411539069979
fisheries,schaefer,Simulated annealing,Annealing (T=1.175565),1,3006,546272fd-1817-4d29-a66b-93dc696e41f8,K,-28.91530841121316,2770.440523230689
fisheries,schaefer,Simulated annealing,Annealing (T=1.175565),1,3006,546272fd-1817-4d29-a66b-93dc696e41f8,q,-28.91530841121316,0.0004486713997168154
fisheries,schaefer,Simulated annealing,Annealing (T=1.175565),1,3006,546272fd-1817-4d29-a66b-93dc696e41f8,r,-28.91530841121316,0.3709254118296525
fisheries,schaefer,Simulated annealing,Annealing (T=1.175565),1,3006,546272fd-1817-4d29-a66b-93dc696e41f8,sigma_v,-28.91530841121316,0.10312240926720248
fisheries,schaefer,Simulated annealing,Annealing (T=1.175565),1,3206,546272fd-1817-4d29-a66b-93dc696e41f8,K,-29.003748847401738,2847.842289702376
fisheries,schaefer,Simulated annealing,Annealing (T=1.175565),1,3206,546272fd-1817-4d29-a66b-93dc696e41f8,q,-29.003748847401738,0.0004437065746921005
fisheries,schaefer,Simulated annealing,Annealing (T=1.175565),1,3206,546272fd-1817-4d29-a66b-93dc696e41f8,r,-29.003748847401738,0.35422245547837566
fisheries,schaefer,Simulated annealing,Annealing (T=1.175565),1,3206,546272fd-1817-4d29-a66b-93dc696e41f8,sigma_v,-29.003748847401738,0.10118691188824304
fisheries,schaefer,Simulated annealing,Annealing (T=1.175565),1,3406,546272fd-1817-4d29-a66b-93dc696e41f8,K,-26.992180788901297,2832.0145065854786
fisheries,schaefer,Simulated annealing,Annealing (T=1.175565),1,3406,546272fd-1817-4d29-a66b-93dc696e41f8,q,-26.992180788901297,0.0004591335798789039
fisheries,schaefer,Simulated annealing,Annealing (T=1.175565),1,3406,546272fd-1817-4d29-a66b-93dc696e41f8,r,-26.992180788901297,0.3612688274940926
fisheries,schaefer,Simulated annealing,Annealing (T=1.175565),1,3406,546272fd-1817-4d29-a66b-93dc696e41f8,sigma_v,-26.992180788901297,0.13282369055747106
fisheries,schaefer,Simulated annealing,Annealing (T=1.175565),1,3606,546272fd-1817-4d29-a66b-93dc696e41f8,K,-28.626784756315818,2768.3981664532207
fisheries,schaefer,Simulated annealing,Annealing (T=1.175565),1,3606,546272fd-1817-4d29-a66b-93dc696e41f8,q,-28.626784756315818,0.00043969658982457606
fisheries,schaefer,Simulated annealing,Annealing (T=1.175565),1,3606,546272fd-1817-4d29-a66b-93dc696e41f8,r,-28.626784756315818,0.37676361167775463
fisheries,schaefer,Simulated annealing,Annealing (T=1.175565),1,3606,546272fd-1817-4d29-a66b-93dc696e41f8,sigma_v,-28.626784756315818,0.11836000475041154
fisheries,schaefer,Simulated annealing,Annealing (T=1.175565),1,3806,546272fd-1817-4d29-a66b-93dc696e41f8,K,-28.8003671804854,2785.62582591168
fisheries,schaefer,Simulated annealing,Annealing (T=1.175565),1,3806,546272fd-1817-4d29-a66b-93dc696e41f8,q,-28.8003671804854,0.0004383116018847024
fisheries,schaefer,Simulated annealing,Annealing (T=1.175565),1,3806,546272fd-1817-4d29-a66b-93dc696e41f8,r,-28.8003671804854,0.3700114209972199
fisheries,schaefer,Simulated annealing,Annealing (T=1.175565),1,3806,546272fd-1817-4d29-a66b-93dc696e41f8,sigma_v,-28.8003671804854,0.11142271498920632
fisheries,schaefer,Simulated annealing,Annealing (T=1.175565),1,4006,546272fd-1817-4d29-a66b-93dc696e41f8,K,-27.148892146157078,2734.429905493348
fisheries,schaefer,Simulated annealing,Annealing (T=1.175565),1,4006,546272fd-1817-4d29-a66b-93dc696e41f8,q,-27.148892146157078,0.0004990703905446926
fisheries,schaefer,Simulated annealing,Annealing (T=1.175565),1,4006,546272fd-1817-4d29-a66b-93dc696e41f8,r,-27.148892146157078,0.3735769956217878
fisheries,schaefer,Simulated annealing,Annealing (T=1.175565),1,4006,546272fd-1817-4d29-a66b-93dc696e41f8,sigma_v,-27.148892146157078,0.1008190659169533
fisheries,schaefer,Simulated annealing,Annealing (T=1.175565),1,4206,546272fd-1817-4d29-a66b-93dc696e41f8,K,-26.63049796542023,2734.5432361875555
fisheries,schaefer,Simulated annealing,Annealing (T=1.175565),1,4206,546272fd-1817-4d29-a66b-93dc696e41f8,q,-26.63049796542023,0.0004990250881538069
fisheries,schaefer,Simulated annealing,Annealing (T=1.175565),1,4206,546272fd-1817-4d29-a66b-93dc696e41f8,r,-26.63049796542023,0.3707054896638451
fisheries,schaefer,Simulated annealing,Annealing (T=1.175565),1,4206,546272fd-1817-4d29-a66b-93dc696e41f8,sigma_v,-26.63049796542023,0.11094222148482215
fisheries,schaefer,Simulated annealing,Annealing (T=1.175565),1,4406,546272fd-1817-4d29-a66b-93dc696e41f8,K,-28.237070553411964,2733.9715106445165
fisheries,schaefer,Simulated annealing,Annealing (T=1.175565),1,4406,546272fd-1817-4d29-a66b-93dc696e41f8,q,-28.237070553411964,0.0004820496293414222
fisheries,schaefer,Simulated annealing,Annealing (T=1.175565),1,4406,546272fd-1817-4d29-a66b-93dc696e41f8,r,-28.237070553411964,0.3738410068836092
fisheries,schaefer,Simulated annealing,Annealing (T=1.175565),1,4406,546272fd-1817-4d29-a66b-93dc696e41f8,sigma_v,-28.237070553411964,0.10741243872187849
fisheries,schaefer,Simulated annealing,Annealing (T=1.175565),1,4606,546272fd-1817-4d29-a66b-93dc696e41f8,K,-25.960940252561876,2707.2836804052436
fisheries,schaefer,Simulated annealing,Annealing (T=1.175565),1,4606,546272fd-1817-4d29-a66b-93dc696e41f8,q,-25.960940252561876,0.000472138425730736
fisheries,schaefer,Simulated annealing,Annealing (T=1.175565),1,4606,546272fd-1817-4d29-a66b-93dc696e41f8,r,-25.960940252561876,0.38004482736890755
fisheries,schaefer,Simulated annealing,Annealing (T=1.175565),1,4606,546272fd-1817-4d29-a66b-93dc696e41f8,sigma_v,-25.960940252561876,0.1475284099949019
fisheries,schaefer,Simulated annealing,Annealing (T=1.175565),1,4806,546272fd-1817-4d29-a66b-93dc696e41f8,K,-26.652499194013775,2673.628967148934
fisheries,schaefer,Simulated annealing,Annealing (T=1.175565),1,4806,546272fd-1817-4d29-a66b-93dc696e41f8,q,-26.652499194013775,0.0005059389162203004
fisheries,schaefer,Simulated annealing,Annealing (T=1.175565),1,4806,546272fd-1817-4d29-a66b-93dc696e41f8,r,-26.652499194013775,0.38651619564920925
fisheries,schaefer,Simulated annealing,Annealing (T=1.175565),1,4806,546272fd-1817-4d29-a66b-93dc696e41f8,sigma_v,-26.652499194013775,0.138227789141237
fisheries,schaefer,Simulated annealing,Annealing (T=1.142910),1,5,546272fd-1817-4d29-a66b-93dc696e41f8,K,-29.778641973295336,2914.6566490026967
fisheries,schaefer,Simulated annealing,Annealing (T=1.142910),1,5,546272fd-1817-4d29-a66b-93dc696e41f8,q,-29.778641973295336,0.00042088021910905
fisheries,schaefer,Simulated annealing,Annealing (T=1.142910),1,5,546272fd-1817-4d29-a66b-93dc696e41f8,r,-29.778641973295336,0.34734977624714675
fisheries,schaefer,Simulated annealing,Annealing (T=1.142910),1,5,546272fd-1817-4d29-a66b-93dc696e41f8,sigma_v,-29.778641973295336,0.10146144503416615
fisheries,schaefer,Simulated annealing,Annealing (T=1.142910),1,205,546272fd-1817-4d29-a66b-93dc696e41f8,K,-28.597617473391676,2889.8807368209473
fisheries,schaefer,Simulated annealing,Annealing (T=1.142910),1,205,546272fd-1817-4d29-a66b-93dc696e41f8,q,-28.597617473391676,0.0004260740004459882
fisheries,schaefer,Simulated annealing,Annealing (T=1.142910),1,205,546272fd-1817-4d29-a66b-93dc696e41f8,r,-28.597617473391676,0.3533821244988296
fisheries,schaefer,Simulated annealing,Annealing (T=1.142910),1,205,546272fd-1817-4d29-a66b-93dc696e41f8,sigma_v,-28.597617473391676,0.08063616113153552
fisheries,schaefer,Simulated annealing,Annealing (T=1.142910),1,405,546272fd-1817-4d29-a66b-93dc696e41f8,K,-25.373390998023154,2832.667231023477
fisheries,schaefer,Simulated annealing,Annealing (T=1.142910),1,405,546272fd-1817-4d29-a66b-93dc696e41f8,q,-25.373390998023154,0.0004549340473081473
fisheries,schaefer,Simulated annealing,Annealing (T=1.142910),1,405,546272fd-1817-4d29-a66b-93dc696e41f8,r,-25.373390998023154,0.35466243462880337
fisheries,schaefer,Simulated annealing,Annealing (T=1.142910),1,405,546272fd-1817-4d29-a66b-93dc696e41f8,sigma_v,-25.373390998023154,0.15988566931161013
fisheries,schaefer,Simulated annealing,Annealing (T=1.142910),1,605,546272fd-1817-4d29-a66b-93dc696e41f8,K,-27.026476470352076,2822.1809861765505
fisheries,schaefer,Simulated annealing,Annealing (T=1.142910),1,605,546272fd-1817-4d29-a66b-93dc696e41f8,q,-27.026476470352076,0.0004202917764287564
fisheries,schaefer,Simulated annealing,Annealing (T=1.142910),1,605,546272fd-1817-4d29-a66b-93dc696e41f8,r,-27.026476470352076,0.3686441724274242
fisheries,schaefer,Simulated annealing,Annealing (T=1.142910),1,605,546272fd-1817-4d29-a66b-93dc696e41f8,sigma_v,-27.026476470352076,0.0782527219677303
fisheries,schaefer,Simulated annealing,Annealing (T=1.142910),1,805,546272fd-1817-4d29-a66b-93dc696e41f8,K,-25.934725920117813,2799.186623014289
fisheries,schaefer,Simulated annealing,Annealing (T=1.142910),1,805,546272fd-1817-4d29-a66b-93dc696e41f8,q,-25.934725920117813,0.0004079908058254628
fisheries,schaefer,Simulated annealing,Annealing (T=1.142910),1,805,546272fd-1817-4d29-a66b-93dc696e41f8,r,-25.934725920117813,0.37347699050994876
fisheries,schaefer,Simulated annealing,Annealing (T=1.142910),1,805,546272fd-1817-4d29-a66b-93dc696e41f8,sigma_v,-25.934725920117813,0.13639201156928327
fisheries,schaefer,Simulated annealing,Annealing (T=1.142910),1,1005,546272fd-1817-4d29-a66b-93dc696e41f8,K,-25.075705700371824,2757.618791998914
fisheries,schaefer,Simulated annealing,Annealing (T=1.142910),1,1005,546272fd-1817-4d29-a66b-93dc696e41f8,q,-25.075705700371824,0.00045350738848763656
fisheries,schaefer,Simulated annealing,Annealing (T=1.142910),1,1005,546272fd-1817-4d29-a66b-93dc696e41f8,r,-25.075705700371824,0.37166973329701825
fisheries,schaefer,Simulated annealing,Annealing (T=1.142910),1,1005,546272fd-1817-4d29-a66b-93dc696e41f8,sigma_v,-25.075705700371824,0.16370025966031973
fisheries,schaefer,Simulated annealing,Annealing (T=1.142910),1,1205,546272fd-1817-4d29-a66b-93dc696e41f8,K,-29.370770763384716,2814.2820241455734
fisheries,schaefer,Simulated annealing,Annealing (T=1.142910),1,1205,546272fd-1817-4d29-a66b-93dc696e41f8,q,-29.370770763384716,0.00043972003677282307
fisheries,schaefer,Simulated annealing,Annealing (T=1.142910),1,1205,546272fd-1817-4d29-a66b-93dc696e41f8,r,-29.370770763384716,0.36612833320490634
fisheries,schaefer,Simulated annealing,Annealing (T=1.142910),1,1205,546272fd-1817-4d29-a66b-93dc696e41f8,sigma_v,-29.370770763384716,0.10974490832248754
fisheries,schaefer,Simulated annealing,Annealing (T=1.142910),1,1405,546272fd-1817-4d29-a66b-93dc696e41f8,K,-24.33671930630196,2764.9342335244505
fisheries,schaefer,Simulated annealing,Annealing (T=1.142910),1,1405,546272fd-1817-4d29-a66b-93dc696e41f8,q,-24.33671930630196,0.0004854163048609154
fisheries,schaefer,Simulated annealing,Annealing (T=1.142910),1,1405,546272fd-1817-4d29-a66b-93dc696e41f8,r,-24.33671930630196,0.37170525634092266
fisheries,schaefer,Simulated annealing,Annealing (T=1.142910),1,1405,546272fd-1817-4d29-a66b-93dc696e41f8,sigma_v,-24.33671930630196,0.16633553124293843
fisheries,schaefer,Simulated annealing,Annealing (T=1.142910),1,1605,546272fd-1817-4d29-a66b-93dc696e41f8,K,-25.205998083769803,2684.838269888362
fisheries,schaefer,Simulated annealing,Annealing (T=1.142910),1,1605,546272fd-1817-4d29-a66b-93dc696e41f8,q,-25.205998083769803,0.00042980901324194044
fisheries,schaefer,Simulated annealing,Annealing (T=1.142910),1,1605,546272fd-1817-4d29-a66b-93dc696e41f8,r,-25.205998083769803,0.39498016741061687
fisheries,schaefer,Simulated annealing,Annealing (T=1.142910),1,1605,546272fd-1817-4d29-a66b-93dc696e41f8,sigma_v,-25.205998083769803,0.10707054974549637
fisheries,schaefer,Simulated annealing,Annealing (T=1.142910),1,1805,546272fd-1817-4d29-a66b-93dc696e41f8,K,-25.497090802141486,2601.659554228504
fisheries,schaefer,Simulated annealing,Annealing (T=1.142910),1,1805,546272fd-1817-4d29-a66b-93dc696e41f8,q,-25.497090802141486,0.00045822107381916023
fisheries,schaefer,Simulated annealing,Annealing (T=1.142910),1,1805,546272fd-1817-4d29-a66b-93dc696e41f8,r,-25.497090802141486,0.40986514636070276
fisheries,schaefer,Simulated annealing,Annealing (T=1.142910),1,1805,546272fd-1817-4d29-a66b-93dc696e41f8,sigma_v,-25.497090802141486,0.12513745356370726
fisheries,schaefer,Simulated annealing,Annealing (T=1.142910),1,2005,546272fd-1817-4d29-a66b-93dc696e41f8,K,-24.111322671323045,2568.128494135294
fisheries,schaefer,Simulated annealing,Annealing (T=1.142910),1,2005,546272fd-1817-4d29-a66b-93dc696e41f8,q,-24.111322671323045,0.0005164775896007751
fisheries,schaefer,Simulated annealing,Annealing (T=1.142910),1,2005,546272fd-1817-4d29-a66b-93dc696e41f8,r,-24.111322671323045,0.4159014644043651
fisheries,schaefer,Simulated annealing,Annealing (T=1.142910),1,2005,546272fd-1817-4d29-a66b-93dc696e41f8,sigma_v,-24.111322671323045,0.1688220501998873
fisheries,schaefer,Simulated annealing,Annealing (T=1.142910),1,2205,546272fd-1817-4d29-a66b-93dc696e41f8,K,-23.08735671194667,2563.4478470690983
fisheries,schaefer,Simulated annealing,Annealing (T=1.142910),1,2205,546272fd-1817-4d29-a66b-93dc696e41f8,q,-23.08735671194667,0.00044857279846896684
fisheries,schaefer,Simulated annealing,Annealing (T=1.142910),1,2205,546272fd-1817-4d29-a66b-93dc696e41f8,r,-23.08735671194667,0.42827242389368886
fisheries,schaefer,Simulated annealing,Annealing (T=1.142910),1,2205,546272fd-1817-4d29-a66b-93dc696e41f8,sigma_v,-23.08735671194667,0.10181746207459924
fisheries,schaefer,Simulated annealing,Annealing (T=1.142910),1,2405,546272fd-1817-4d29-a66b-93dc696e41f8,K,-27.442343531560418,2633.2318757000835
fisheries,schaefer,Simulated annealing,Annealing (T=1.142910),1,2405,546272fd-1817-4d29-a66b-93dc696e41f8,q,-27.442343531560418,0.000501836588043584
fisheries,schaefer,Simulated annealing,Annealing (T=1.142910),1,2405,546272fd-1817-4d29-a66b-93dc696e41f8,r,-27.442343531560418,0.399244522267504
fisheries,schaefer,Simulated annealing,Annealing (T=1.142910),1,2405,546272fd-1817-4d29-a66b-93dc696e41f8,sigma_v,-27.442343531560418,0.0897925915399184
fisheries,schaefer,Simulated annealing,Annealing (T=1.142910),1,2605,546272fd-1817-4d29-a66b-93dc696e41f8,K,-26.63144518842627,2636.9131037735997
fisheries,schaefer,Simulated annealing,Annealing (T=1.142910),1,2605,546272fd-1817-4d29-a66b-93dc696e41f8,q,-26.63144518842627,0.0004875513515510944
fisheries,schaefer,Simulated annealing,Annealing (T=1.142910),1,2605,546272fd-1817-4d29-a66b-93dc696e41f8,r,-26.63144518842627,0.4000402233094572
fisheries,schaefer,Simulated annealing,Annealing (T=1.142910),1,2605,546272fd-1817-4d29-a66b-93dc696e41f8,sigma_v,-26.63144518842627,0.14492218025080053
fisheries,schaefer,Simulated annealing,Annealing (T=1.142910),1,2805,546272fd-1817-4d29-a66b-93dc696e41f8,K,-27.754487989395805,2593.9768303299265
fisheries,schaefer,Simulated annealing,Annealing (T=1.142910),1,2805,546272fd-1817-4d29-a66b-93dc696e41f8,q,-27.754487989395805,0.0005054342745279022
fisheries,schaefer,Simulated annealing,Annealing (T=1.142910),1,2805,546272fd-1817-4d29-a66b-93dc696e41f8,r,-27.754487989395805,0.40576688247951115
fisheries,schaefer,Simulated annealing,Annealing (T=1.142910),1,2805,546272fd-1817-4d29-a66b-93dc696e41f8,sigma_v,-27.754487989395805,0.11685780203194644
fisheries,schaefer,Simulated annealing,Annealing (T=1.142910),1,3005,546272fd-1817-4d29-a66b-93dc696e41f8,K,-27.486052008068544,2599.782300025689
fisheries,schaefer,Simulated annealing,Annealing (T=1.142910),1,3005,546272fd-1817-4d29-a66b-93dc696e41f8,q,-27.486052008068544,0.0005032780321664933
fisheries,schaefer,Simulated annealing,Annealing (T=1.142910),1,3005,546272fd-1817-4d29-a66b-93dc696e41f8,r,-27.486052008068544,0.40792005720638563
fisheries,schaefer,Simulated annealing,Annealing (T=1.142910),1,3005,546272fd-1817-4d29-a66b-93dc696e41f8,sigma_v,-27.486052008068544,0.12414411191866478
fisheries,schaefer,Simulated annealing,Annealing (T=1.142910),1,3205,546272fd-1817-4d29-a66b-93dc696e41f8,K,-26.58652316466948,2676.926984669112
fisheries,schaefer,Simulated annealing,Annealing (T=1.142910),1,3205,546272fd-1817-4d29-a66b-93dc696e41f8,q,-26.58652316466948,0.00044735366111897114
fisheries,schaefer,Simulated annealing,Annealing (T=1.142910),1,3205,546272fd-1817-4d29-a66b-93dc696e41f8,r,-26.58652316466948,0.3927019038555465
fisheries,schaefer,Simulated annealing,Annealing (T=1.142910),1,3205,546272fd-1817-4d29-a66b-93dc696e41f8,sigma_v,-26.58652316466948,0.1231024244035046
fisheries,schaefer,Simulated annealing,Annealing (T=1.142910),1,3405,546272fd-1817-4d29-a66b-93dc696e41f8,K,-28.80819151405275,2786.790719042769
fisheries,schaefer,Simulated annealing,Annealing (T=1.142910),1,3405,546272fd-1817-4d29-a66b-93dc696e41f8,q,-28.80819151405275,0.0004440347875038276
fisheries,schaefer,Simulated annealing,Annealing (T=1.142910),1,3405,546272fd-1817-4d29-a66b-93dc696e41f8,r,-28.80819151405275,0.3678892519368404
fisheries,schaefer,Simulated annealing,Annealing (T=1.142910),1,3405,546272fd-1817-4d29-a66b-93dc696e41f8,sigma_v,-28.80819151405275,0.10882543555654817
fisheries,schaefer,Simulated annealing,Annealing (T=1.142910),1,3605,546272fd-1817-4d29-a66b-93dc696e41f8,K,-28.561868762047535,2806.322927291368
fisheries,schaefer,Simulated annealing,Annealing (T=1.142910),1,3605,546272fd-1817-4d29-a66b-93dc696e41f8,q,-28.561868762047535,0.0004257923002105845
fisheries,schaefer,Simulated annealing,Annealing (T=1.142910),1,3605,546272fd-1817-4d29-a66b-93dc696e41f8,r,-28.561868762047535,0.37058407613209265
fisheries,schaefer,Simulated annealing,Annealing (T=1.142910),1,3605,546272fd-1817-4d29-a66b-93dc696e41f8,sigma_v,-28.561868762047535,0.11729630502290908
fisheries,schaefer,Simulated annealing,Annealing (T=1.142910),1,3805,546272fd-1817-4d29-a66b-93dc696e41f8,K,-28.922592279469033,2939.2418713248812
fisheries,schaefer,Simulated annealing,Annealing (T=1.142910),1,3805,546272fd-1817-4d29-a66b-93dc696e41f8,q,-28.922592279469033,0.0004357946096275204
fisheries,schaefer,Simulated annealing,Annealing (T=1.142910),1,3805,546272fd-1817-4d29-a66b-93dc696e41f8,r,-28.922592279469033,0.3378654104791649
fisheries,schaefer,Simulated annealing,Annealing (T=1.142910),1,3805,546272fd-1817-4d29-a66b-93dc696e41f8,sigma_v,-28.922592279469033,0.10122012739427214
fisheries,schaefer,Simulated annealing,Annealing (T=1.142910),1,4005,546272fd-1817-4d29-a66b-93dc696e41f8,K,-24.784529975273532,2999.8167142276475
fisheries,schaefer,Simulated annealing,Annealing (T=1.142910),1,4005,546272fd-1817-4d29-a66b-93dc696e41f8,q,-24.784529975273532,0.00035644074576466386
fisheries,schaefer,Simulated annealing,Annealing (T=1.142910),1,4005,546272fd-1817-4d29-a66b-93dc696e41f8,r,-24.784529975273532,0.3542031041926535
fisheries,schaefer,Simulated annealing,Annealing (T=1.142910),1,4005,546272fd-1817-4d29-a66b-93dc696e41f8,sigma_v,-24.784529975273532,0.11686192740288118
fisheries,schaefer,Simulated annealing,Annealing (T=1.142910),1,4205,546272fd-1817-4d29-a66b-93dc696e41f8,K,-28.344435500835566,3041.976555797758
fisheries,schaefer,Simulated annealing,Annealing (T=1.142910),1,4205,546272fd-1817-4d29-a66b-93dc696e41f8,q,-28.344435500835566,0.0004016978868334465
fisheries,schaefer,Simulated annealing,Annealing (T=1.142910),1,4205,546272fd-1817-4d29-a66b-93dc696e41f8,r,-28.344435500835566,0.32188096387842274
fisheries,schaefer,Simulated annealing,Annealing (T=1.142910),1,4205,546272fd-1817-4d29-a66b-93dc696e41f8,sigma_v,-28.344435500835566,0.10567944563771457
fisheries,schaefer,Simulated annealing,Annealing (T=1.142910),1,4405,546272fd-1817-4d29-a66b-93dc696e41f8,K,-28.97884209306468,3103.2726619097557
fisheries,schaefer,Simulated annealing,Annealing (T=1.142910),1,4405,546272fd-1817-4d29-a66b-93dc696e41f8,q,-28.97884209306468,0.0003749780761055806
fisheries,schaefer,Simulated annealing,Annealing (T=1.142910),1,4405,546272fd-1817-4d29-a66b-93dc696e41f8,r,-28.97884209306468,0.3211383546202071
fisheries,schaefer,Simulated annealing,Annealing (T=1.142910),1,4405,546272fd-1817-4d29-a66b-93dc696e41f8,sigma_v,-28.97884209306468,0.09232718576355012
fisheries,schaefer,Simulated annealing,Annealing (T=1.142910),1,4605,546272fd-1817-4d29-a66b-93dc696e41f8,K,-27.07349823676294,3078.1359666970666
fisheries,schaefer,Simulated annealing,Annealing (T=1.142910),1,4605,546272fd-1817-4d29-a66b-93dc696e41f8,q,-27.07349823676294,0.00042238356584747963
fisheries,schaefer,Simulated annealing,Annealing (T=1.142910),1,4605,546272fd-1817-4d29-a66b-93dc696e41f8,r,-27.07349823676294,0.3131165025354644
fisheries,schaefer,Simulated annealing,Annealing (T=1.142910),1,4605,546272fd-1817-4d29-a66b-93dc696e41f8,sigma_v,-27.07349823676294,0.11737573430950676
fisheries,schaefer,Simulated annealing,Annealing (T=1.142910),1,4805,546272fd-1817-4d29-a66b-93dc696e41f8,K,-28.824718026675757,2950.0921454742875
fisheries,schaefer,Simulated annealing,Annealing (T=1.142910),1,4805,546272fd-1817-4d29-a66b-93dc696e41f8,q,-28.824718026675757,0.0004216304469746412
fisheries,schaefer,Simulated annealing,Annealing (T=1.142910),1,4805,546272fd-1817-4d29-a66b-93dc696e41f8,r,-28.824718026675757,0.33709565530239055
fisheries,schaefer,Simulated annealing,Annealing (T=1.142910),1,4805,546272fd-1817-4d29-a66b-93dc696e41f8,sigma_v,-28.824718026675757,0.11378737566343318
fisheries,schaefer,Simulated annealing,Annealing (T=1.112021),1,4,546272fd-1817-4d29-a66b-93dc696e41f8,K,-29.778641973295336,2914.6566490026967
fisheries,schaefer,Simulated annealing,Annealing (T=1.112021),1,4,546272fd-1817-4d29-a66b-93dc696e41f8,q,-29.778641973295336,0.00042088021910905
fisheries,schaefer,Simulated annealing,Annealing (T=1.112021),1,4,546272fd-1817-4d29-a66b-93dc696e41f8,r,-29.778641973295336,0.34734977624714675
fisheries,schaefer,Simulated annealing,Annealing (T=1.112021),1,4,546272fd-1817-4d29-a66b-93dc696e41f8,sigma_v,-29.778641973295336,0.10146144503416615
fisheries,schaefer,Simulated annealing,Annealing (T=1.112021),1,204,546272fd-1817-4d29-a66b-93dc696e41f8,K,-25.58878032734589,2928.45206615366
fisheries,schaefer,Simulated annealing,Annealing (T=1.112021),1,204,546272fd-1817-4d29-a66b-93dc696e41f8,q,-25.58878032734589,0.00040417699854168864
fisheries,schaefer,Simulated annealing,Annealing (T=1.112021),1,204,546272fd-1817-4d29-a66b-93dc696e41f8,r,-25.58878032734589,0.34533050951571687
fisheries,schaefer,Simulated annealing,Annealing (T=1.112021),1,204,546272fd-1817-4d29-a66b-93dc696e41f8,sigma_v,-25.58878032734589,0.07358408472004804
fisheries,schaefer,Simulated annealing,Annealing (T=1.112021),1,404,546272fd-1817-4d29-a66b-93dc696e41f8,K,-28.897999875493287,2952.1730474297387
fisheries,schaefer,Simulated annealing,Annealing (T=1.112021),1,404,546272fd-1817-4d29-a66b-93dc696e41f8,q,-28.897999875493287,0.00041623088628239536
fisheries,schaefer,Simulated annealing,Annealing (T=1.112021),1,404,546272fd-1817-4d29-a66b-93dc696e41f8,r,-28.897999875493287,0.3444516367536038
fisheries,schaefer,Simulated annealing,Annealing (T=1.112021),1,404,546272fd-1817-4d29-a66b-93dc696e41f8,sigma_v,-28.897999875493287,0.1049229987369054
fisheries,schaefer,Simulated annealing,Annealing (T=1.112021),1,604,546272fd-1817-4d29-a66b-93dc696e41f8,K,-27.74293202792165,2978.564027522092
fisheries,schaefer,Simulated annealing,Annealing (T=1.112021),1,604,546272fd-1817-4d29-a66b-93dc696e41f8,q,-27.74293202792165,0.0004176449153567265
fisheries,schaefer,Simulated annealing,Annealing (T=1.112021),1,604,546272fd-1817-4d29-a66b-93dc696e41f8,r,-27.74293202792165,0.3394916367478137
fisheries,schaefer,Simulated annealing,Annealing (T=1.112021),1,604,546272fd-1817-4d29-a66b-93dc696e41f8,sigma_v,-27.74293202792165,0.1247019128641638
fisheries,schaefer,Simulated annealing,Annealing (T=1.112021),1,804,546272fd-1817-4d29-a66b-93dc696e41f8,K,-29.234672177777966,3055.4016620644766
fisheries,schaefer,Simulated annealing,Annealing (T=1.112021),1,804,546272fd-1817-4d29-a66b-93dc696e41f8,q,-29.234672177777966,0.0003996878040612164
fisheries,schaefer,Simulated annealing,Annealing (T=1.112021),1,804,546272fd-1817-4d29-a66b-93dc696e41f8,r,-29.234672177777966,0.32211313698822047
fisheries,schaefer,Simulated annealing,Annealing (T=1.112021),1,804,546272fd-1817-4d29-a66b-93dc696e41f8,sigma_v,-29.234672177777966,0.09652700725578103
fisheries,schaefer,Simulated annealing,Annealing (T=1.112021),1,1004,546272fd-1817-4d29-a66b-93dc696e41f8,K,-28.958117576222556,3018.352612102224
fisheries,schaefer,Simulated annealing,Annealing (T=1.112021),1,1004,546272fd-1817-4d29-a66b-93dc696e41f8,q,-28.958117576222556,0.0003918586008642049
fisheries,schaefer,Simulated annealing,Annealing (T=1.112021),1,1004,546272fd-1817-4d29-a66b-93dc696e41f8,r,-28.958117576222556,0.3335830669639576
fisheries,schaefer,Simulated annealing,Annealing (T=1.112021),1,1004,546272fd-1817-4d29-a66b-93dc696e41f8,sigma_v,-28.958117576222556,0.11735998899005895
fisheries,schaefer,Simulated annealing,Annealing (T=1.112021),1,1204,546272fd-1817-4d29-a66b-93dc696e41f8,K,-26.435526800334163,3048.606233898977
fisheries,schaefer,Simulated annealing,Annealing (T=1.112021),1,1204,546272fd-1817-4d29-a66b-93dc696e41f8,q,-26.435526800334163,0.0003946460762750768
fisheries,schaefer,Simulated annealing,Annealing (T=1.112021),1,1204,546272fd-1817-4d29-a66b-93dc696e41f8,r,-26.435526800334163,0.33286185129886625
fisheries,schaefer,Simulated annealing,Annealing (T=1.112021),1,1204,546272fd-1817-4d29-a66b-93dc696e41f8,sigma_v,-26.435526800334163,0.14220316647408437
fisheries,schaefer,Simulated annealing,Annealing (T=1.112021),1,1404,546272fd-1817-4d29-a66b-93dc696e41f8,K,-20.76524976828719,3180.3735963677705
fisheries,schaefer,Simulated annealing,Annealing (T=1.112021),1,1404,546272fd-1817-4d29-a66b-93dc696e41f8,q,-20.76524976828719,0.0003956110662628778
fisheries,schaefer,Simulated annealing,Annealing (T=1.112021),1,1404,546272fd-1817-4d29-a66b-93dc696e41f8,r,-20.76524976828719,0.3131256388324358
fisheries,schaefer,Simulated annealing,Annealing (T=1.112021),1,1404,546272fd-1817-4d29-a66b-93dc696e41f8,sigma_v,-20.76524976828719,0.1953180644863933
fisheries,schaefer,Simulated annealing,Annealing (T=1.112021),1,1604,546272fd-1817-4d29-a66b-93dc696e41f8,K,-27.53560632197641,3191.646460753801
fisheries,schaefer,Simulated annealing,Annealing (T=1.112021),1,1604,546272fd-1817-4d29-a66b-93dc696e41f8,q,-27.53560632197641,0.00035785424991727254
fisheries,schaefer,Simulated annealing,Annealing (T=1.112021),1,1604,546272fd-1817-4d29-a66b-93dc696e41f8,r,-27.53560632197641,0.31686961107014633
fisheries,schaefer,Simulated annealing,Annealing (T=1.112021),1,1604,546272fd-1817-4d29-a66b-93dc696e41f8,sigma_v,-27.53560632197641,0.10635693811185641
fisheries,schaefer,Simulated annealing,Annealing (T=1.112021),1,1804,546272fd-1817-4d29-a66b-93dc696e41f8,K,-27.271526591966577,3187.5034489953973
fisheries,schaefer,Simulated annealing,Annealing (T=1.112021),1,1804,546272fd-1817-4d29-a66b-93dc696e41f8,q,-27.271526591966577,0.0003820085459863447
fisheries,schaefer,Simulated annealing,Annealing (T=1.112021),1,1804,546272fd-1817-4d29-a66b-93dc696e41f8,r,-27.271526591966577,0.30551068280979904
fisheries,schaefer,Simulated annealing,Annealing (T=1.112021),1,1804,546272fd-1817-4d29-a66b-93dc696e41f8,sigma_v,-27.271526591966577,0.08137192036277924
fisheries,schaefer,Simulated annealing,Annealing (T=1.112021),1,2004,546272fd-1817-4d29-a66b-93dc696e41f8,K,-24.133186294440694,3285.9015500364335
fisheries,schaefer,Simulated annealing,Annealing (T=1.112021),1,2004,546272fd-1817-4d29-a66b-93dc696e41f8,q,-24.133186294440694,0.0003366459475588384
fisheries,schaefer,Simulated annealing,Annealing (T=1.112021),1,2004,546272fd-1817-4d29-a66b-93dc696e41f8,r,-24.133186294440694,0.3151800397384704
fisheries,schaefer,Simulated annealing,Annealing (T=1.112021),1,2004,546272fd-1817-4d29-a66b-93dc696e41f8,sigma_v,-24.133186294440694,0.12041261848677028
fisheries,schaefer,Simulated annealing,Annealing (T=1.112021),1,2204,546272fd-1817-4d29-a66b-93dc696e41f8,K,-27.77652797238523,3218.2307755613065
fisheries,schaefer,Simulated annealing,Annealing (T=1.112021),1,2204,546272fd-1817-4d29-a66b-93dc696e41f8,q,-27.77652797238523,0.0003763120293873612
fisheries,schaefer,Simulated annealing,Annealing (T=1.112021),1,2204,546272fd-1817-4d29-a66b-93dc696e41f8,r,-27.77652797238523,0.30284749164231917
fisheries,schaefer,Simulated annealing,Annealing (T=1.112021),1,2204,546272fd-1817-4d29-a66b-93dc696e41f8,sigma_v,-27.77652797238523,0.08989564335797384
fisheries,schaefer,Simulated annealing,Annealing (T=1.112021),1,2404,546272fd-1817-4d29-a66b-93dc696e41f8,K,-26.781587939136834,3301.405630416468
fisheries,schaefer,Simulated annealing,Annealing (T=1.112021),1,2404,546272fd-1817-4d29-a66b-93dc696e41f8,q,-26.781587939136834,0.0003302910818568127
fisheries,schaefer,Simulated annealing,Annealing (T=1.112021),1,2404,546272fd-1817-4d29-a66b-93dc696e41f8,r,-26.781587939136834,0.30309578743743226
fisheries,schaefer,Simulated annealing,Annealing (T=1.112021),1,2404,546272fd-1817-4d29-a66b-93dc696e41f8,sigma_v,-26.781587939136834,0.1275046864385218
fisheries,schaefer,Simulated annealing,Annealing (T=1.112021),1,2604,546272fd-1817-4d29-a66b-93dc696e41f8,K,-27.148597627705954,3140.509367921635
fisheries,schaefer,Simulated annealing,Annealing (T=1.112021),1,2604,546272fd-1817-4d29-a66b-93dc696e41f8,q,-27.148597627705954,0.00040128065077346816
fisheries,schaefer,Simulated annealing,Annealing (T=1.112021),1,2604,546272fd-1817-4d29-a66b-93dc696e41f8,r,-27.148597627705954,0.3040602071698925
fisheries,schaefer,Simulated annealing,Annealing (T=1.112021),1,2604,546272fd-1817-4d29-a66b-93dc696e41f8,sigma_v,-27.148597627705954,0.11956396835762173
fisheries,schaefer,Simulated annealing,Annealing (T=1.112021),1,2804,546272fd-1817-4d29-a66b-93dc696e41f8,K,-28.687517006380425,3248.5404903661124
fisheries,schaefer,Simulated annealing,Annealing (T=1.112021),1,2804,546272fd-1817-4d29-a66b-93dc696e41f8,q,-28.687517006380425,0.000356953386183748
fisheries,schaefer,Simulated annealing,Annealing (T=1.112021),1,2804,546272fd-1817-4d29-a66b-93dc696e41f8,r,-28.687517006380425,0.30192772015066494
fisheries,schaefer,Simulated annealing,Annealing (T=1.112021),1,2804,546272fd-1817-4d29-a66b-93dc696e41f8,sigma_v,-28.687517006380425,0.10718313013766775
fisheries,schaefer,Simulated annealing,Annealing (T=1.112021),1,3004,546272fd-1817-4d29-a66b-93dc696e41f8,K,-28.783279144695985,3221.931339154709
fisheries,schaefer,Simulated annealing,Annealing (T=1.112021),1,3004,546272fd-1817-4d29-a66b-93dc696e41f8,q,-28.783279144695985,0.0003709520396536501
fisheries,schaefer,Simulated annealing,Annealing (T=1.112021),1,3004,546272fd-1817-4d29-a66b-93dc696e41f8,r,-28.783279144695985,0.30054711154466945
fisheries,schaefer,Simulated annealing,Annealing (T=1.112021),1,3004,546272fd-1817-4d29-a66b-93dc696e41f8,sigma_v,-28.783279144695985,0.09922560304576952
fisheries,schaefer,Simulated annealing,Annealing (T=1.112021),1,3204,546272fd-1817-4d29-a66b-93dc696e41f8,K,-27.256933234375328,3115.3103563801365
fisheries,schaefer,Simulated annealing,Annealing (T=1.112021),1,3204,546272fd-1817-4d29-a66b-93dc696e41f8,q,-27.256933234375328,0.0003587347284862476
fisheries,schaefer,Simulated annealing,Annealing (T=1.112021),1,3204,546272fd-1817-4d29-a66b-93dc696e41f8,r,-27.256933234375328,0.32216455551565853
fisheries,schaefer,Simulated annealing,Annealing (T=1.112021),1,3204,546272fd-1817-4d29-a66b-93dc696e41f8,sigma_v,-27.256933234375328,0.12394595727100609
fisheries,schaefer,Simulated annealing,Annealing (T=1.112021),1,3404,546272fd-1817-4d29-a66b-93dc696e41f8,K,-25.816770703128,3334.6068771753535
fisheries,schaefer,Simulated annealing,Annealing (T=1.112021),1,3404,546272fd-1817-4d29-a66b-93dc696e41f8,q,-25.816770703128,0.0003295135932618452
fisheries,schaefer,Simulated annealing,Annealing (T=1.112021),1,3404,546272fd-1817-4d29-a66b-93dc696e41f8,r,-25.816770703128,0.30413972558188124
fisheries,schaefer,Simulated annealing,Annealing (T=1.112021),1,3404,546272fd-1817-4d29-a66b-93dc696e41f8,sigma_v,-25.816770703128,0.1318528483586897
fisheries,schaefer,Simulated annealing,Annealing (T=1.112021),1,3604,546272fd-1817-4d29-a66b-93dc696e41f8,K,-27.03964323786732,3276.8998834243075
fisheries,schaefer,Simulated annealing,Annealing (T=1.112021),1,3604,546272fd-1817-4d29-a66b-93dc696e41f8,q,-27.03964323786732,0.00037941185997915014
fisheries,schaefer,Simulated annealing,Annealing (T=1.112021),1,3604,546272fd-1817-4d29-a66b-93dc696e41f8,r,-27.03964323786732,0.29003601347366753
fisheries,schaefer,Simulated annealing,Annealing (T=1.112021),1,3604,546272fd-1817-4d29-a66b-93dc696e41f8,sigma_v,-27.03964323786732,0.12261795211695883
fisheries,schaefer,Simulated annealing,Annealing (T=1.112021),1,3804,546272fd-1817-4d29-a66b-93dc696e41f8,K,-20.785808644879843,3471.6737852943015
fisheries,schaefer,Simulated annealing,Annealing (T=1.112021),1,3804,546272fd-1817-4d29-a66b-93dc696e41f8,q,-20.785808644879843,0.00029209982034650577
fisheries,schaefer,Simulated annealing,Annealing (T=1.112021),1,3804,546272fd-1817-4d29-a66b-93dc696e41f8,r,-20.785808644879843,0.2784357941107443
fisheries,schaefer,Simulated annealing,Annealing (T=1.112021),1,3804,546272fd-1817-4d29-a66b-93dc696e41f8,sigma_v,-20.785808644879843,0.12686053965884098
fisheries,schaefer,Simulated annealing,Annealing (T=1.112021),1,4004,546272fd-1817-4d29-a66b-93dc696e41f8,K,-23.674391637504243,3436.651693518311
fisheries,schaefer,Simulated annealing,Annealing (T=1.112021),1,4004,546272fd-1817-4d29-a66b-93dc696e41f8,q,-23.674391637504243,0.0003475341794352408
fisheries,schaefer,Simulated annealing,Annealing (T=1.112021),1,4004,546272fd-1817-4d29-a66b-93dc696e41f8,r,-23.674391637504243,0.2832121338947992
fisheries,schaefer,Simulated annealing,Annealing (T=1.112021),1,4004,546272fd-1817-4d29-a66b-93dc696e41f8,sigma_v,-23.674391637504243,0.14825806427009336
fisheries,schaefer,Simulated annealing,Annealing (T=1.112021),1,4204,546272fd-1817-4d29-a66b-93dc696e41f8,K,-27.17434162836073,3005.8363472932906
fisheries,schaefer,Simulated annealing,Annealing (T=1.112021),1,4204,546272fd-1817-4d29-a66b-93dc696e41f8,q,-27.17434162836073,0.0004328560277087628
fisheries,schaefer,Simulated annealing,Annealing (T=1.112021),1,4204,546272fd-1817-4d29-a66b-93dc696e41f8,r,-27.17434162836073,0.3274773970373364
fisheries,schaefer,Simulated annealing,Annealing (T=1.112021),1,4204,546272fd-1817-4d29-a66b-93dc696e41f8,sigma_v,-27.17434162836073,0.12852031454911791
fisheries,schaefer,Simulated annealing,Annealing (T=1.112021),1,4404,546272fd-1817-4d29-a66b-93dc696e41f8,K,-26.168443780469744,3049.6309448791553
fisheries,schaefer,Simulated annealing,Annealing (T=1.112021),1,4404,546272fd-1817-4d29-a66b-93dc696e41f8,q,-26.168443780469744,0.00042162621071072467
fisheries,schaefer,Simulated annealing,Annealing (T=1.112021),1,4404,546272fd-1817-4d29-a66b-93dc696e41f8,r,-26.168443780469744,0.3165570851248362
fisheries,schaefer,Simulated annealing,Annealing (T=1.112021),1,4404,546272fd-1817-4d29-a66b-93dc696e41f8,sigma_v,-26.168443780469744,0.0896313508692747
fisheries,schaefer,Simulated annealing,Annealing (T=1.112021),1,4604,546272fd-1817-4d29-a66b-93dc696e41f8,K,-22.799249232114185,3014.9591012319606
fisheries,schaefer,Simulated annealing,Annealing (T=1.112021),1,4604,546272fd-1817-4d29-a66b-93dc696e41f8,q,-22.799249232114185,0.00044863266608527463
fisheries,schaefer,Simulated annealing,Annealing (T=1.112021),1,4604,546272fd-1817-4d29-a66b-93dc696e41f8,r,-22.799249232114185,0.3220551314811494
fisheries,schaefer,Simulated annealing,Annealing (T=1.112021),1,4604,546272fd-1817-4d29-a66b-93dc696e41f8,sigma_v,-22.799249232114185,0.18072432751537057
fisheries,schaefer,Simulated annealing,Annealing (T=1.112021),1,4804,546272fd-1817-4d29-a66b-93dc696e41f8,K,-26.87112549457875,3017.852276281185
fisheries,schaefer,Simulated annealing,Annealing (T=1.112021),1,4804,546272fd-1817-4d29-a66b-93dc696e41f8,q,-26.87112549457875,0.0004124282080212363
fisheries,schaefer,Simulated annealing,Annealing (T=1.112021),1,4804,546272fd-1817-4d29-a66b-93dc696e41f8,r,-26.87112549457875,0.3349087510502258
fisheries,schaefer,Simulated annealing,Annealing (T=1.112021),1,4804,546272fd-1817-4d29-a66b-93dc696e41f8,sigma_v,-26.87112549457875,0.10215599595493682
fisheries,schaefer,Simulated annealing,Annealing (T=1.082757),1,3,546272fd-1817-4d29-a66b-93dc696e41f8,K,-29.778641973295336,2914.6566490026967
fisheries,schaefer,Simulated annealing,Annealing (T=1.082757),1,3,546272fd-1817-4d29-a66b-93dc696e41f8,q,-29.778641973295336,0.00042088021910905
fisheries,schaefer,Simulated annealing,Annealing (T=1.082757),1,3,546272fd-1817-4d29-a66b-93dc696e41f8,r,-29.778641973295336,0.34734977624714675
fisheries,schaefer,Simulated annealing,Annealing (T=1.082757),1,3,546272fd-1817-4d29-a66b-93dc696e41f8,sigma_v,-29.778641973295336,0.10146144503416615
fisheries,schaefer,Simulated annealing,Annealing (T=1.082757),1,203,546272fd-1817-4d29-a66b-93dc696e41f8,K,-27.628814373167604,2897.1917283024313
fisheries,schaefer,Simulated annealing,Annealing (T=1.082757),1,203,546272fd-1817-4d29-a66b-93dc696e41f8,q,-27.628814373167604,0.0004542471579283436
fisheries,schaefer,Simulated annealing,Annealing (T=1.082757),1,203,546272fd-1817-4d29-a66b-93dc696e41f8,r,-27.628814373167604,0.34673244501656636
fisheries,schaefer,Simulated annealing,Annealing (T=1.082757),1,203,546272fd-1817-4d29-a66b-93dc696e41f8,sigma_v,-27.628814373167604,0.11452949437627497
fisheries,schaefer,Simulated annealing,Annealing (T=1.082757),1,403,546272fd-1817-4d29-a66b-93dc696e41f8,K,-29.67161940674061,2887.0528577998684
fisheries,schaefer,Simulated annealing,Annealing (T=1.082757),1,403,546272fd-1817-4d29-a66b-93dc696e41f8,q,-29.67161940674061,0.00043342250598235816
fisheries,schaefer,Simulated annealing,Annealing (T=1.082757),1,403,546272fd-1817-4d29-a66b-93dc696e41f8,r,-29.67161940674061,0.35112208946005347
fisheries,schaefer,Simulated annealing,Annealing (T=1.082757),1,403,546272fd-1817-4d29-a66b-93dc696e41f8,sigma_v,-29.67161940674061,0.10151514550595185
fisheries,schaefer,Simulated annealing,Annealing (T=1.082757),1,603,546272fd-1817-4d29-a66b-93dc696e41f8,K,-26.84690019374164,2925.0762168983256
fisheries,schaefer,Simulated annealing,Annealing (T=1.082757),1,603,546272fd-1817-4d29-a66b-93dc696e41f8,q,-26.84690019374164,0.0004103792823640886
fisheries,schaefer,Simulated annealing,Annealing (T=1.082757),1,603,546272fd-1817-4d29-a66b-93dc696e41f8,r,-26.84690019374164,0.3460293804214888
fisheries,schaefer,Simulated annealing,Annealing (T=1.082757),1,603,546272fd-1817-4d29-a66b-93dc696e41f8,sigma_v,-26.84690019374164,0.14768049221791607
fisheries,schaefer,Simulated annealing,Annealing (T=1.082757),1,803,546272fd-1817-4d29-a66b-93dc696e41f8,K,-29.280839227893658,2929.3901463818925
fisheries,schaefer,Simulated annealing,Annealing (T=1.082757),1,803,546272fd-1817-4d29-a66b-93dc696e41f8,q,-29.280839227893658,0.00042032842199191
fisheries,schaefer,Simulated annealing,Annealing (T=1.082757),1,803,546272fd-1817-4d29-a66b-93dc696e41f8,r,-29.280839227893658,0.34716701918307674
fisheries,schaefer,Simulated annealing,Annealing (T=1.082757),1,803,546272fd-1817-4d29-a66b-93dc696e41f8,sigma_v,-29.280839227893658,0.09519458262775152
fisheries,schaefer,Simulated annealing,Annealing (T=1.082757),1,1003,546272fd-1817-4d29-a66b-93dc696e41f8,K,-28.184180689021527,2924.5425553929035
fisheries,schaefer,Simulated annealing,Annealing (T=1.082757),1,1003,546272fd-1817-4d29-a66b-93dc696e41f8,q,-28.184180689021527,0.00042981561499362087
fisheries,schaefer,Simulated annealing,Annealing (T=1.082757),1,1003,546272fd-1817-4d29-a66b-93dc696e41f8,r,-28.184180689021527,0.34203357338231877
fisheries,schaefer,Simulated annealing,Annealing (T=1.082757),1,1003,546272fd-1817-4d29-a66b-93dc696e41f8,sigma_v,-28.184180689021527,0.1296707113262049
fisheries,schaefer,Simulated annealing,Annealing (T=1.082757),1,1203,546272fd-1817-4d29-a66b-93dc696e41f8,K,-29.064595995687277,2909.5851492340717
fisheries,schaefer,Simulated annealing,Annealing (T=1.082757),1,1203,546272fd-1817-4d29-a66b-93dc696e41f8,q,-29.064595995687277,0.0004172131800203646
fisheries,schaefer,Simulated annealing,Annealing (T=1.082757),1,1203,546272fd-1817-4d29-a66b-93dc696e41f8,r,-29.064595995687277,0.3480297725230228
fisheries,schaefer,Simulated annealing,Annealing (T=1.082757),1,1203,546272fd-1817-4d29-a66b-93dc696e41f8,sigma_v,-29.064595995687277,0.08452246559075856
fisheries,schaefer,Simulated annealing,Annealing (T=1.082757),1,1403,546272fd-1817-4d29-a66b-93dc696e41f8,K,-29.550211085396395,2860.158465779573
fisheries,schaefer,Simulated annealing,Annealing (T=1.082757),1,1403,546272fd-1817-4d29-a66b-93dc696e41f8,q,-29.550211085396395,0.00044047062059758167
fisheries,schaefer,Simulated annealing,Annealing (T=1.082757),1,1403,546272fd-1817-4d29-a66b-93dc696e41f8,r,-29.550211085396395,0.35405303871855665
fisheries,schaefer,Simulated annealing,Annealing (T=1.082757),1,1403,546272fd-1817-4d29-a66b-93dc696e41f8,sigma_v,-29.550211085396395,0.10388291280009876
fisheries,schaefer,Simulated annealing,Annealing (T=1.082757),1,1603,546272fd-1817-4d29-a66b-93dc696e41f8,K,-28.98234457779581,2873.688976908978
fisheries,schaefer,Simulated annealing,Annealing (T=1.082757),1,1603,546272fd-1817-4d29-a66b-93dc696e41f8,q,-28.98234457779581,0.0004162535238723638
fisheries,schaefer,Simulated annealing,Annealing (T=1.082757),1,1603,546272fd-1817-4d29-a66b-93dc696e41f8,r,-28.98234457779581,0.3551873537336395
fisheries,schaefer,Simulated annealing,Annealing (T=1.082757),1,1603,546272fd-1817-4d29-a66b-93dc696e41f8,sigma_v,-28.98234457779581,0.09609408836253308
fisheries,schaefer,Simulated annealing,Annealing (T=1.082757),1,1803,546272fd-1817-4d29-a66b-93dc696e41f8,K,-29.539966182873922,2896.6624040111315
fisheries,schaefer,Simulated annealing,Annealing (T=1.082757),1,1803,546272fd-1817-4d29-a66b-93dc696e41f8,q,-29.539966182873922,0.00041507535754725937
fisheries,schaefer,Simulated annealing,Annealing (T=1.082757),1,1803,546272fd-1817-4d29-a66b-93dc696e41f8,r,-29.539966182873922,0.35362069260452944
fisheries,schaefer,Simulated annealing,Annealing (T=1.082757),1,1803,546272fd-1817-4d29-a66b-93dc696e41f8,sigma_v,-29.539966182873922,0.09683952761948933
fisheries,schaefer,Simulated annealing,Annealing (T=1.082757),1,2003,546272fd-1817-4d29-a66b-93dc696e41f8,K,-29.361856420915174,2893.938795560318
fisheries,schaefer,Simulated annealing,Annealing (T=1.082757),1,2003,546272fd-1817-4d29-a66b-93dc696e41f8,q,-29.361856420915174,0.00041960797720012226
fisheries,schaefer,Simulated annealing,Annealing (T=1.082757),1,2003,546272fd-1817-4d29-a66b-93dc696e41f8,r,-29.361856420915174,0.35128716157716855
fisheries,schaefer,Simulated annealing,Annealing (T=1.082757),1,2003,546272fd-1817-4d29-a66b-93dc696e41f8,sigma_v,-29.361856420915174,0.11126145235875962
fisheries,schaefer,Simulated annealing,Annealing (T=1.082757),1,2203,546272fd-1817-4d29-a66b-93dc696e41f8,K,-28.83309819725298,2941.976819023232
fisheries,schaefer,Simulated annealing,Annealing (T=1.082757),1,2203,546272fd-1817-4d29-a66b-93dc696e41f8,q,-28.83309819725298,0.0003993189728200094
fisheries,schaefer,Simulated annealing,Annealing (T=1.082757),1,2203,546272fd-1817-4d29-a66b-93dc696e41f8,r,-28.83309819725298,0.3485215122552584
fisheries,schaefer,Simulated annealing,Annealing (T=1.082757),1,2203,546272fd-1817-4d29-a66b-93dc696e41f8,sigma_v,-28.83309819725298,0.11410579344142148
fisheries,schaefer,Simulated annealing,Annealing (T=1.082757),1,2403,546272fd-1817-4d29-a66b-93dc696e41f8,K,-29.680065926442627,2984.619170148884
fisheries,schaefer,Simulated annealing,Annealing (T=1.082757),1,2403,546272fd-1817-4d29-a66b-93dc696e41f8,q,-29.680065926442627,0.0004050451475675306
fisheries,schaefer,Simulated annealing,Annealing (T=1.082757),1,2403,546272fd-1817-4d29-a66b-93dc696e41f8,r,-29.680065926442627,0.3361488732233844
fisheries,schaefer,Simulated annealing,Annealing (T=1.082757),1,2403,546272fd-1817-4d29-a66b-93dc696e41f8,sigma_v,-29.680065926442627,0.09414596967655858
fisheries,schaefer,Simulated annealing,Annealing (T=1.082757),1,2603,546272fd-1817-4d29-a66b-93dc696e41f8,K,-27.44912966901005,3066.670864668985
fisheries,schaefer,Simulated annealing,Annealing (T=1.082757),1,2603,546272fd-1817-4d29-a66b-93dc696e41f8,q,-27.44912966901005,0.0003636886930960127
fisheries,schaefer,Simulated annealing,Annealing (T=1.082757),1,2603,546272fd-1817-4d29-a66b-93dc696e41f8,r,-27.44912966901005,0.3348317982651493
fisheries,schaefer,Simulated annealing,Annealing (T=1.082757),1,2603,546272fd-1817-4d29-a66b-93dc696e41f8,sigma_v,-27.44912966901005,0.09884841929421119
fisheries,schaefer,Simulated annealing,Annealing (T=1.082757),1,2803,546272fd-1817-4d29-a66b-93dc696e41f8,K,-25.30695036826094,3077.4904704941077
fisheries,schaefer,Simulated annealing,Annealing (T=1.082757),1,2803,546272fd-1817-4d29-a66b-93dc696e41f8,q,-25.30695036826094,0.00036597949964359066
fisheries,schaefer,Simulated annealing,Annealing (T=1.082757),1,2803,546272fd-1817-4d29-a66b-93dc696e41f8,r,-25.30695036826094,0.3336748622372192
fisheries,schaefer,Simulated annealing,Annealing (T=1.082757),1,2803,546272fd-1817-4d29-a66b-93dc696e41f8,sigma_v,-25.30695036826094,0.15810855202019333
fisheries,schaefer,Simulated annealing,Annealing (T=1.082757),1,3003,546272fd-1817-4d29-a66b-93dc696e41f8,K,-28.911244417579866,3104.3114695756467
fisheries,schaefer,Simulated annealing,Annealing (T=1.082757),1,3003,546272fd-1817-4d29-a66b-93dc696e41f8,q,-28.911244417579866,0.0003777829202627863
fisheries,schaefer,Simulated annealing,Annealing (T=1.082757),1,3003,546272fd-1817-4d29-a66b-93dc696e41f8,r,-28.911244417579866,0.3238132749661867
fisheries,schaefer,Simulated annealing,Annealing (T=1.082757),1,3003,546272fd-1817-4d29-a66b-93dc696e41f8,sigma_v,-28.911244417579866,0.1010843324557964
fisheries,schaefer,Simulated annealing,Annealing (T=1.082757),1,3203,546272fd-1817-4d29-a66b-93dc696e41f8,K,-26.351941358382017,3116.461520602085
fisheries,schaefer,Simulated annealing,Annealing (T=1.082757),1,3203,546272fd-1817-4d29-a66b-93dc696e41f8,q,-26.351941358382017,0.0003479464972559868
fisheries,schaefer,Simulated annealing,Annealing (T=1.082757),1,3203,546272fd-1817-4d29-a66b-93dc696e41f8,r,-26.351941358382017,0.32686763465403845
fisheries,schaefer,Simulated annealing,Annealing (T=1.082757),1,3203,546272fd-1817-4d29-a66b-93dc696e41f8,sigma_v,-26.351941358382017,0.12020762459292113
fisheries,schaefer,Simulated annealing,Annealing (T=1.082757),1,3403,546272fd-1817-4d29-a66b-93dc696e41f8,K,-28.13279064437628,3058.0147732091705
fisheries,schaefer,Simulated annealing,Annealing (T=1.082757),1,3403,546272fd-1817-4d29-a66b-93dc696e41f8,q,-28.13279064437628,0.0003817265325373107
fisheries,schaefer,Simulated annealing,Annealing (T=1.082757),1,3403,546272fd-1817-4d29-a66b-93dc696e41f8,r,-28.13279064437628,0.3291020266016374
fisheries,schaefer,Simulated annealing,Annealing (T=1.082757),1,3403,546272fd-1817-4d29-a66b-93dc696e41f8,sigma_v,-28.13279064437628,0.12865824898752362
fisheries,schaefer,Simulated annealing,Annealing (T=1.082757),1,3603,546272fd-1817-4d29-a66b-93dc696e41f8,K,-23.905457408811305,3080.1954178416154
fisheries,schaefer,Simulated annealing,Annealing (T=1.082757),1,3603,546272fd-1817-4d29-a66b-93dc696e41f8,q,-23.905457408811305,0.00042562431982757284
fisheries,schaefer,Simulated annealing,Annealing (T=1.082757),1,3603,546272fd-1817-4d29-a66b-93dc696e41f8,r,-23.905457408811305,0.30678666398024984
fisheries,schaefer,Simulated annealing,Annealing (T=1.082757),1,3603,546272fd-1817-4d29-a66b-93dc696e41f8,sigma_v,-23.905457408811305,0.1289301157000811
fisheries,schaefer,Simulated annealing,Annealing (T=1.082757),1,3803,546272fd-1817-4d29-a66b-93dc696e41f8,K,-27.96407805564877,3160.052128743392
fisheries,schaefer,Simulated annealing,Annealing (T=1.082757),1,3803,546272fd-1817-4d29-a66b-93dc696e41f8,q,-27.96407805564877,0.00036271101271536293
fisheries,schaefer,Simulated annealing,Annealing (T=1.082757),1,3803,546272fd-1817-4d29-a66b-93dc696e41f8,r,-27.96407805564877,0.3117990001874429
fisheries,schaefer,Simulated annealing,Annealing (T=1.082757),1,3803,546272fd-1817-4d29-a66b-93dc696e41f8,sigma_v,-27.96407805564877,0.09303502893535734
fisheries,schaefer,Simulated annealing,Annealing (T=1.082757),1,4003,546272fd-1817-4d29-a66b-93dc696e41f8,K,-28.40637378757979,3291.5379645028706
fisheries,schaefer,Simulated annealing,Annealing (T=1.082757),1,4003,546272fd-1817-4d29-a66b-93dc696e41f8,q,-28.40637378757979,0.0003477923568001291
fisheries,schaefer,Simulated annealing,Annealing (T=1.082757),1,4003,546272fd-1817-4d29-a66b-93dc696e41f8,r,-28.40637378757979,0.29582164201706573
fisheries,schaefer,Simulated annealing,Annealing (T=1.082757),1,4003,546272fd-1817-4d29-a66b-93dc696e41f8,sigma_v,-28.40637378757979,0.10122777028841676
fisheries,schaefer,Simulated annealing,Annealing (T=1.082757),1,4203,546272fd-1817-4d29-a66b-93dc696e41f8,K,-28.285860731468844,3206.717842799996
fisheries,schaefer,Simulated annealing,Annealing (T=1.082757),1,4203,546272fd-1817-4d29-a66b-93dc696e41f8,q,-28.285860731468844,0.0003774836942901179
fisheries,schaefer,Simulated annealing,Annealing (T=1.082757),1,4203,546272fd-1817-4d29-a66b-93dc696e41f8,r,-28.285860731468844,0.30288209843204894
fisheries,schaefer,Simulated annealing,Annealing (T=1.082757),1,4203,546272fd-1817-4d29-a66b-93dc696e41f8,sigma_v,-28.285860731468844,0.09007056886920686
fisheries,schaefer,Simulated annealing,Annealing (T=1.082757),1,4403,546272fd-1817-4d29-a66b-93dc696e41f8,K,-28.620146884542535,3245.439334195186
fisheries,schaefer,Simulated annealing,Annealing (T=1.082757),1,4403,546272fd-1817-4d29-a66b-93dc696e41f8,q,-28.620146884542535,0.0003650392709850581
fisheries,schaefer,Simulated annealing,Annealing (T=1.082757),1,4403,546272fd-1817-4d29-a66b-93dc696e41f8,r,-28.620146884542535,0.2976348482574817
fisheries,schaefer,Simulated annealing,Annealing (T=1.082757),1,4403,546272fd-1817-4d29-a66b-93dc696e41f8,sigma_v,-28.620146884542535,0.09745778018225126
fisheries,schaefer,Simulated annealing,Annealing (T=1.082757),1,4603,546272fd-1817-4d29-a66b-93dc696e41f8,K,-27.655337304997918,3257.486920135884
fisheries,schaefer,Simulated annealing,Annealing (T=1.082757),1,4603,546272fd-1817-4d29-a66b-93dc696e41f8,q,-27.655337304997918,0.00034729810525802404
fisheries,schaefer,Simulated annealing,Annealing (T=1.082757),1,4603,546272fd-1817-4d29-a66b-93dc696e41f8,r,-27.655337304997918,0.30514517406683606
fisheries,schaefer,Simulated annealing,Annealing (T=1.082757),1,4603,546272fd-1817-4d29-a66b-93dc696e41f8,sigma_v,-27.655337304997918,0.12484471232896713
fisheries,schaefer,Simulated annealing,Annealing (T=1.082757),1,4803,546272fd-1817-4d29-a66b-93dc696e41f8,K,-27.852875130630835,3314.154805913547
fisheries,schaefer,Simulated annealing,Annealing (T=1.082757),1,4803,546272fd-1817-4d29-a66b-93dc696e41f8,q,-27.852875130630835,0.00035695103834879847
fisheries,schaefer,Simulated annealing,Annealing (T=1.082757),1,4803,546272fd-1817-4d29-a66b-93dc696e41f8,r,-27.852875130630835,0.29311347575686436
fisheries,schaefer,Simulated annealing,Annealing (T=1.082757),1,4803,546272fd-1817-4d29-a66b-93dc696e41f8,sigma_v,-27.852875130630835,0.105804447639449
fisheries,schaefer,Simulated annealing,Annealing (T=1.054994),1,2,546272fd-1817-4d29-a66b-93dc696e41f8,K,-29.778641973295336,2914.6566490026967
fisheries,schaefer,Simulated annealing,Annealing (T=1.054994),1,2,546272fd-1817-4d29-a66b-93dc696e41f8,q,-29.778641973295336,0.00042088021910905
fisheries,schaefer,Simulated annealing,Annealing (T=1.054994),1,2,546272fd-1817-4d29-a66b-93dc696e41f8,r,-29.778641973295336,0.34734977624714675
fisheries,schaefer,Simulated annealing,Annealing (T=1.054994),1,2,546272fd-1817-4d29-a66b-93dc696e41f8,sigma_v,-29.778641973295336,0.10146144503416615
fisheries,schaefer,Simulated annealing,Annealing (T=1.054994),1,202,546272fd-1817-4d29-a66b-93dc696e41f8,K,-27.961646299575875,2813.555350156566
fisheries,schaefer,Simulated annealing,Annealing (T=1.054994),1,202,546272fd-1817-4d29-a66b-93dc696e41f8,q,-27.961646299575875,0.0004543008207466779
fisheries,schaefer,Simulated annealing,Annealing (T=1.054994),1,202,546272fd-1817-4d29-a66b-93dc696e41f8,r,-27.961646299575875,0.36656964617735904
fisheries,schaefer,Simulated annealing,Annealing (T=1.054994),1,202,546272fd-1817-4d29-a66b-93dc696e41f8,sigma_v,-27.961646299575875,0.09550091912276987
fisheries,schaefer,Simulated annealing,Annealing (T=1.054994),1,402,546272fd-1817-4d29-a66b-93dc696e41f8,K,-27.359199933740772,2765.520917404668
fisheries,schaefer,Simulated annealing,Annealing (T=1.054994),1,402,546272fd-1817-4d29-a66b-93dc696e41f8,q,-27.359199933740772,0.00045392187176588467
fisheries,schaefer,Simulated annealing,Annealing (T=1.054994),1,402,546272fd-1817-4d29-a66b-93dc696e41f8,r,-27.359199933740772,0.3714889830004311
fisheries,schaefer,Simulated annealing,Annealing (T=1.054994),1,402,546272fd-1817-4d29-a66b-93dc696e41f8,sigma_v,-27.359199933740772,0.13882271456920417
fisheries,schaefer,Simulated annealing,Annealing (T=1.054994),1,602,546272fd-1817-4d29-a66b-93dc696e41f8,K,-26.220147328489603,2827.7042661312416
fisheries,schaefer,Simulated annealing,Annealing (T=1.054994),1,602,546272fd-1817-4d29-a66b-93dc696e41f8,q,-26.220147328489603,0.0003995437289784068
fisheries,schaefer,Simulated annealing,Annealing (T=1.054994),1,602,546272fd-1817-4d29-a66b-93dc696e41f8,r,-26.220147328489603,0.372356009171505
fisheries,schaefer,Simulated annealing,Annealing (T=1.054994),1,602,546272fd-1817-4d29-a66b-93dc696e41f8,sigma_v,-26.220147328489603,0.13400843305062038
fisheries,schaefer,Simulated annealing,Annealing (T=1.054994),1,802,546272fd-1817-4d29-a66b-93dc696e41f8,K,-26.903695873931685,2795.2350682089946
fisheries,schaefer,Simulated annealing,Annealing (T=1.054994),1,802,546272fd-1817-4d29-a66b-93dc696e41f8,q,-26.903695873931685,0.0004343738417976393
fisheries,schaefer,Simulated annealing,Annealing (T=1.054994),1,802,546272fd-1817-4d29-a66b-93dc696e41f8,r,-26.903695873931685,0.3715372399250484
fisheries,schaefer,Simulated annealing,Annealing (T=1.054994),1,802,546272fd-1817-4d29-a66b-93dc696e41f8,sigma_v,-26.903695873931685,0.1460167485905618
fisheries,schaefer,Simulated annealing,Annealing (T=1.054994),1,1002,546272fd-1817-4d29-a66b-93dc696e41f8,K,-27.641552033279638,2719.726328459189
fisheries,schaefer,Simulated annealing,Annealing (T=1.054994),1,1002,546272fd-1817-4d29-a66b-93dc696e41f8,q,-27.641552033279638,0.0004608971379927349
fisheries,schaefer,Simulated annealing,Annealing (T=1.054994),1,1002,546272fd-1817-4d29-a66b-93dc696e41f8,r,-27.641552033279638,0.37995781586261185
fisheries,schaefer,Simulated annealing,Annealing (T=1.054994),1,1002,546272fd-1817-4d29-a66b-93dc696e41f8,sigma_v,-27.641552033279638,0.08828568965351463
fisheries,schaefer,Simulated annealing,Annealing (T=1.054994),1,1202,546272fd-1817-4d29-a66b-93dc696e41f8,K,-28.971529551233942,2693.223326925882
fisheries,schaefer,Simulated annealing,Annealing (T=1.054994),1,1202,546272fd-1817-4d29-a66b-93dc696e41f8,q,-28.971529551233942,0.0004793931812531434
fisheries,schaefer,Simulated annealing,Annealing (T=1.054994),1,1202,546272fd-1817-4d29-a66b-93dc696e41f8,r,-28.971529551233942,0.3858753185575831
fisheries,schaefer,Simulated annealing,Annealing (T=1.054994),1,1202,546272fd-1817-4d29-a66b-93dc696e41f8,sigma_v,-28.971529551233942,0.10517205713184508
fisheries,schaefer,Simulated annealing,Annealing (T=1.054994),1,1402,546272fd-1817-4d29-a66b-93dc696e41f8,K,-29.117232541568423,2714.971314607959
fisheries,schaefer,Simulated annealing,Annealing (T=1.054994),1,1402,546272fd-1817-4d29-a66b-93dc696e41f8,q,-29.117232541568423,0.0004706795130112226
fisheries,schaefer,Simulated annealing,Annealing (T=1.054994),1,1402,546272fd-1817-4d29-a66b-93dc696e41f8,r,-29.117232541568423,0.3830171463274579
fisheries,schaefer,Simulated annealing,Annealing (T=1.054994),1,1402,546272fd-1817-4d29-a66b-93dc696e41f8,sigma_v,-29.117232541568423,0.1061700230173009
fisheries,schaefer,Simulated annealing,Annealing (T=1.054994),1,1602,546272fd-1817-4d29-a66b-93dc696e41f8,K,-29.086221219228282,2746.9765727597746
fisheries,schaefer,Simulated annealing,Annealing (T=1.054994),1,1602,546272fd-1817-4d29-a66b-93dc696e41f8,q,-29.086221219228282,0.00045821467249721246
fisheries,schaefer,Simulated annealing,Annealing (T=1.054994),1,1602,546272fd-1817-4d29-a66b-93dc696e41f8,r,-29.086221219228282,0.3754134866602422
fisheries,schaefer,Simulated annealing,Annealing (T=1.054994),1,1602,546272fd-1817-4d29-a66b-93dc696e41f8,sigma_v,-29.086221219228282,0.10642825118351609
fisheries,schaefer,Simulated annealing,Annealing (T=1.054994),1,1802,546272fd-1817-4d29-a66b-93dc696e41f8,K,-27.22375692770315,2774.5847609403877
fisheries,schaefer,Simulated annealing,Annealing (T=1.054994),1,1802,546272fd-1817-4d29-a66b-93dc696e41f8,q,-27.22375692770315,0.00044150509943369307
fisheries,schaefer,Simulated annealing,Annealing (T=1.054994),1,1802,546272fd-1817-4d29-a66b-93dc696e41f8,r,-27.22375692770315,0.37147907213836345
fisheries,schaefer,Simulated annealing,Annealing (T=1.054994),1,1802,546272fd-1817-4d29-a66b-93dc696e41f8,sigma_v,-27.22375692770315,0.1383837567286715
fisheries,schaefer,Simulated annealing,Annealing (T=1.054994),1,2002,546272fd-1817-4d29-a66b-93dc696e41f8,K,-26.929948477323183,2736.71933400169
fisheries,schaefer,Simulated annealing,Annealing (T=1.054994),1,2002,546272fd-1817-4d29-a66b-93dc696e41f8,q,-26.929948477323183,0.00043059234236785156
fisheries,schaefer,Simulated annealing,Annealing (T=1.054994),1,2002,546272fd-1817-4d29-a66b-93dc696e41f8,r,-26.929948477323183,0.3862902549684346
fisheries,schaefer,Simulated annealing,Annealing (T=1.054994),1,2002,546272fd-1817-4d29-a66b-93dc696e41f8,sigma_v,-26.929948477323183,0.0886739455307427
fisheries,schaefer,Simulated annealing,Annealing (T=1.054994),1,2202,546272fd-1817-4d29-a66b-93dc696e41f8,K,-27.572358427974596,2809.6228379529484
fisheries,schaefer,Simulated annealing,Annealing (T=1.054994),1,2202,546272fd-1817-4d29-a66b-93dc696e41f8,q,-27.572358427974596,0.00042000813121315415
fisheries,schaefer,Simulated annealing,Annealing (T=1.054994),1,2202,546272fd-1817-4d29-a66b-93dc696e41f8,r,-27.572358427974596,0.37412538447824173
fisheries,schaefer,Simulated annealing,Annealing (T=1.054994),1,2202,546272fd-1817-4d29-a66b-93dc696e41f8,sigma_v,-27.572358427974596,0.09047893713604122
fisheries,schaefer,Simulated annealing,Annealing (T=1.054994),1,2402,546272fd-1817-4d29-a66b-93dc696e41f8,K,-28.99030231313276,2712.088720107701
fisheries,schaefer,Simulated annealing,Annealing (T=1.054994),1,2402,546272fd-1817-4d29-a66b-93dc696e41f8,q,-28.99030231313276,0.00045757465831042585
fisheries,schaefer,Simulated annealing,Annealing (T=1.054994),1,2402,546272fd-1817-4d29-a66b-93dc696e41f8,r,-28.99030231313276,0.38659492472460527
fisheries,schaefer,Simulated annealing,Annealing (T=1.054994),1,2402,546272fd-1817-4d29-a66b-93dc696e41f8,sigma_v,-28.99030231313276,0.10222266413536549
fisheries,schaefer,Simulated annealing,Annealing (T=1.054994),1,2602,546272fd-1817-4d29-a66b-93dc696e41f8,K,-28.71431897515763,2777.488245111317
fisheries,schaefer,Simulated annealing,Annealing (T=1.054994),1,2602,546272fd-1817-4d29-a66b-93dc696e41f8,q,-28.71431897515763,0.0004621780284901998
fisheries,schaefer,Simulated annealing,Annealing (T=1.054994),1,2602,546272fd-1817-4d29-a66b-93dc696e41f8,r,-28.71431897515763,0.37141272655493757
fisheries,schaefer,Simulated annealing,Annealing (T=1.054994),1,2602,546272fd-1817-4d29-a66b-93dc696e41f8,sigma_v,-28.71431897515763,0.11321558180774605
fisheries,schaefer,Simulated annealing,Annealing (T=1.054994),1,2802,546272fd-1817-4d29-a66b-93dc696e41f8,K,-26.27958658390421,2841.881433009179
fisheries,schaefer,Simulated annealing,Annealing (T=1.054994),1,2802,546272fd-1817-4d29-a66b-93dc696e41f8,q,-26.27958658390421,0.000422795978674881
fisheries,schaefer,Simulated annealing,Annealing (T=1.054994),1,2802,546272fd-1817-4d29-a66b-93dc696e41f8,r,-26.27958658390421,0.3589790791821908
fisheries,schaefer,Simulated annealing,Annealing (T=1.054994),1,2802,546272fd-1817-4d29-a66b-93dc696e41f8,sigma_v,-26.27958658390421,0.1479340729331141
fisheries,schaefer,Simulated annealing,Annealing (T=1.054994),1,3002,546272fd-1817-4d29-a66b-93dc696e41f8,K,-25.260074236122374,2793.166679164206
fisheries,schaefer,Simulated annealing,Annealing (T=1.054994),1,3002,546272fd-1817-4d29-a66b-93dc696e41f8,q,-25.260074236122374,0.00046673662994898803
fisheries,schaefer,Simulated annealing,Annealing (T=1.054994),1,3002,546272fd-1817-4d29-a66b-93dc696e41f8,r,-25.260074236122374,0.36605432436425234
fisheries,schaefer,Simulated annealing,Annealing (T=1.054994),1,3002,546272fd-1817-4d29-a66b-93dc696e41f8,sigma_v,-25.260074236122374,0.16489551599187252
fisheries,schaefer,Simulated annealing,Annealing (T=1.054994),1,3202,546272fd-1817-4d29-a66b-93dc696e41f8,K,-27.194732487898623,2760.479018680123
fisheries,schaefer,Simulated annealing,Annealing (T=1.054994),1,3202,546272fd-1817-4d29-a66b-93dc696e41f8,q,-27.194732487898623,0.00045564662606198815
fisheries,schaefer,Simulated annealing,Annealing (T=1.054994),1,3202,546272fd-1817-4d29-a66b-93dc696e41f8,r,-27.194732487898623,0.37108883759534733
fisheries,schaefer,Simulated annealing,Annealing (T=1.054994),1,3202,546272fd-1817-4d29-a66b-93dc696e41f8,sigma_v,-27.194732487898623,0.13611267946945468
fisheries,schaefer,Simulated annealing,Annealing (T=1.054994),1,3402,546272fd-1817-4d29-a66b-93dc696e41f8,K,-28.14968198411486,2688.045352119951
fisheries,schaefer,Simulated annealing,Annealing (T=1.054994),1,3402,546272fd-1817-4d29-a66b-93dc696e41f8,q,-28.14968198411486,0.0004729876085105945
fisheries,schaefer,Simulated annealing,Annealing (T=1.054994),1,3402,546272fd-1817-4d29-a66b-93dc696e41f8,r,-28.14968198411486,0.3889278781407503
fisheries,schaefer,Simulated annealing,Annealing (T=1.054994),1,3402,546272fd-1817-4d29-a66b-93dc696e41f8,sigma_v,-28.14968198411486,0.08340417968562576
fisheries,schaefer,Simulated annealing,Annealing (T=1.054994),1,3602,546272fd-1817-4d29-a66b-93dc696e41f8,K,-26.742594512246853,2729.021775122373
fisheries,schaefer,Simulated annealing,Annealing (T=1.054994),1,3602,546272fd-1817-4d29-a66b-93dc696e41f8,q,-26.742594512246853,0.000454495593552853
fisheries,schaefer,Simulated annealing,Annealing (T=1.054994),1,3602,546272fd-1817-4d29-a66b-93dc696e41f8,r,-26.742594512246853,0.37791994737157764
fisheries,schaefer,Simulated annealing,Annealing (T=1.054994),1,3602,546272fd-1817-4d29-a66b-93dc696e41f8,sigma_v,-26.742594512246853,0.13560101288666385
fisheries,schaefer,Simulated annealing,Annealing (T=1.054994),1,3802,546272fd-1817-4d29-a66b-93dc696e41f8,K,-28.930655965475594,2809.9235729968727
fisheries,schaefer,Simulated annealing,Annealing (T=1.054994),1,3802,546272fd-1817-4d29-a66b-93dc696e41f8,q,-28.930655965475594,0.00043532725610824345
fisheries,schaefer,Simulated annealing,Annealing (T=1.054994),1,3802,546272fd-1817-4d29-a66b-93dc696e41f8,r,-28.930655965475594,0.36451865675894785
fisheries,schaefer,Simulated annealing,Annealing (T=1.054994),1,3802,546272fd-1817-4d29-a66b-93dc696e41f8,sigma_v,-28.930655965475594,0.10362399146713562
fisheries,schaefer,Simulated annealing,Annealing (T=1.054994),1,4002,546272fd-1817-4d29-a66b-93dc696e41f8,K,-27.005974354843644,2870.7329488387263
fisheries,schaefer,Simulated annealing,Annealing (T=1.054994),1,4002,546272fd-1817-4d29-a66b-93dc696e41f8,q,-27.005974354843644,0.00045576062692674987
fisheries,schaefer,Simulated annealing,Annealing (T=1.054994),1,4002,546272fd-1817-4d29-a66b-93dc696e41f8,r,-27.005974354843644,0.3518850186205836
fisheries,schaefer,Simulated annealing,Annealing (T=1.054994),1,4002,546272fd-1817-4d29-a66b-93dc696e41f8,sigma_v,-27.005974354843644,0.136229058740949
fisheries,schaefer,Simulated annealing,Annealing (T=1.054994),1,4202,546272fd-1817-4d29-a66b-93dc696e41f8,K,-26.706038158306395,2869.809011389701
fisheries,schaefer,Simulated annealing,Annealing (T=1.054994),1,4202,546272fd-1817-4d29-a66b-93dc696e41f8,q,-26.706038158306395,0.0004286169385257766
fisheries,schaefer,Simulated annealing,Annealing (T=1.054994),1,4202,546272fd-1817-4d29-a66b-93dc696e41f8,r,-26.706038158306395,0.3489273600489424
fisheries,schaefer,Simulated annealing,Annealing (T=1.054994),1,4202,546272fd-1817-4d29-a66b-93dc696e41f8,sigma_v,-26.706038158306395,0.11457520659854785
fisheries,schaefer,Simulated annealing,Annealing (T=1.054994),1,4402,546272fd-1817-4d29-a66b-93dc696e41f8,K,-28.722946953351897,2857.071048067423
fisheries,schaefer,Simulated annealing,Annealing (T=1.054994),1,4402,546272fd-1817-4d29-a66b-93dc696e41f8,q,-28.722946953351897,0.0004471359196590257
fisheries,schaefer,Simulated annealing,Annealing (T=1.054994),1,4402,546272fd-1817-4d29-a66b-93dc696e41f8,r,-28.722946953351897,0.35245714154362584
fisheries,schaefer,Simulated annealing,Annealing (T=1.054994),1,4402,546272fd-1817-4d29-a66b-93dc696e41f8,sigma_v,-28.722946953351897,0.11703387073370589
fisheries,schaefer,Simulated annealing,Annealing (T=1.054994),1,4602,546272fd-1817-4d29-a66b-93dc696e41f8,K,-28.14871139275232,2911.7511526391017
fisheries,schaefer,Simulated annealing,Annealing (T=1.054994),1,4602,546272fd-1817-4d29-a66b-93dc696e41f8,q,-28.14871139275232,0.00044243187322038686
fisheries,schaefer,Simulated annealing,Annealing (T=1.054994),1,4602,546272fd-1817-4d29-a66b-93dc696e41f8,r,-28.14871139275232,0.3439221888919431
fisheries,schaefer,Simulated annealing,Annealing (T=1.054994),1,4602,546272fd-1817-4d29-a66b-93dc696e41f8,sigma_v,-28.14871139275232,0.08456576974669969
fisheries,schaefer,Simulated annealing,Annealing (T=1.054994),1,4802,546272fd-1817-4d29-a66b-93dc696e41f8,K,-28.69621407225301,2891.0040508894003
fisheries,schaefer,Simulated annealing,Annealing (T=1.054994),1,4802,546272fd-1817-4d29-a66b-93dc696e41f8,q,-28.69621407225301,0.00041092774106621697
fisheries,schaefer,Simulated annealing,Annealing (T=1.054994),1,4802,546272fd-1817-4d29-a66b-93dc696e41f8,r,-28.69621407225301,0.3543011613778291
fisheries,schaefer,Simulated annealing,Annealing (T=1.054994),1,4802,546272fd-1817-4d29-a66b-93dc696e41f8,sigma_v,-28.69621407225301,0.1191322995230418
fisheries,schaefer,Simulated annealing,Annealing (T=1.028619),1,1,546272fd-1817-4d29-a66b-93dc696e41f8,K,-29.778641973295336,2914.6566490026967
fisheries,schaefer,Simulated annealing,Annealing (T=1.028619),1,1,546272fd-1817-4d29-a66b-93dc696e41f8,q,-29.778641973295336,0.00042088021910905
fisheries,schaefer,Simulated annealing,Annealing (T=1.028619),1,1,546272fd-1817-4d29-a66b-93dc696e41f8,r,-29.778641973295336,0.34734977624714675
fisheries,schaefer,Simulated annealing,Annealing (T=1.028619),1,1,546272fd-1817-4d29-a66b-93dc696e41f8,sigma_v,-29.778641973295336,0.10146144503416615
fisheries,schaefer,Simulated annealing,Annealing (T=1.028619),1,201,546272fd-1817-4d29-a66b-93dc696e41f8,K,-27.496353441349765,2954.37907780013
fisheries,schaefer,Simulated annealing,Annealing (T=1.028619),1,201,546272fd-1817-4d29-a66b-93dc696e41f8,q,-27.496353441349765,0.00042170633027490984
fisheries,schaefer,Simulated annealing,Annealing (T=1.028619),1,201,546272fd-1817-4d29-a66b-93dc696e41f8,r,-27.496353441349765,0.3419971610479002
fisheries,schaefer,Simulated annealing,Annealing (T=1.028619),1,201,546272fd-1817-4d29-a66b-93dc696e41f8,sigma_v,-27.496353441349765,0.1361684246433253
fisheries,schaefer,Simulated annealing,Annealing (T=1.028619),1,401,546272fd-1817-4d29-a66b-93dc696e41f8,K,-28.371947631286428,2966.873483733617
fisheries,schaefer,Simulated annealing,Annealing (T=1.028619),1,401,546272fd-1817-4d29-a66b-93dc696e41f8,q,-28.371947631286428,0.00040648332302469636
fisheries,schaefer,Simulated annealing,Annealing (T=1.028619),1,401,546272fd-1817-4d29-a66b-93dc696e41f8,r,-28.371947631286428,0.33929388597842164
fisheries,schaefer,Simulated annealing,Annealing (T=1.028619),1,401,546272fd-1817-4d29-a66b-93dc696e41f8,sigma_v,-28.371947631286428,0.12901451860060348
fisheries,schaefer,Simulated annealing,Annealing (T=1.028619),1,601,546272fd-1817-4d29-a66b-93dc696e41f8,K,-26.241040767640147,2984.0257267770357
fisheries,schaefer,Simulated annealing,Annealing (T=1.028619),1,601,546272fd-1817-4d29-a66b-93dc696e41f8,q,-26.241040767640147,0.00044197827062016087
fisheries,schaefer,Simulated annealing,Annealing (T=1.028619),1,601,546272fd-1817-4d29-a66b-93dc696e41f8,r,-26.241040767640147,0.3275049360803113
fisheries,schaefer,Simulated annealing,Annealing (T=1.028619),1,601,546272fd-1817-4d29-a66b-93dc696e41f8,sigma_v,-26.241040767640147,0.14022362117083478
fisheries,schaefer,Simulated annealing,Annealing (T=1.028619),1,801,546272fd-1817-4d29-a66b-93dc696e41f8,K,-22.23233231970525,3009.7501925951224
fisheries,schaefer,Simulated annealing,Annealing (T=1.028619),1,801,546272fd-1817-4d29-a66b-93dc696e41f8,q,-22.23233231970525,0.00035442193092303115
fisheries,schaefer,Simulated annealing,Annealing (T=1.028619),1,801,546272fd-1817-4d29-a66b-93dc696e41f8,r,-22.23233231970525,0.36128103287022195
fisheries,schaefer,Simulated annealing,Annealing (T=1.028619),1,801,546272fd-1817-4d29-a66b-93dc696e41f8,sigma_v,-22.23233231970525,0.11696826499439744
fisheries,schaefer,Simulated annealing,Annealing (T=1.028619),1,1001,546272fd-1817-4d29-a66b-93dc696e41f8,K,-27.490728187887097,3000.609044232583
fisheries,schaefer,Simulated annealing,Annealing (T=1.028619),1,1001,546272fd-1817-4d29-a66b-93dc696e41f8,q,-27.490728187887097,0.0003988239856940918
fisheries,schaefer,Simulated annealing,Annealing (T=1.028619),1,1001,546272fd-1817-4d29-a66b-93dc696e41f8,r,-27.490728187887097,0.3313029102808347
fisheries,schaefer,Simulated annealing,Annealing (T=1.028619),1,1001,546272fd-1817-4d29-a66b-93dc696e41f8,sigma_v,-27.490728187887097,0.13362189301608304
fisheries,schaefer,Simulated annealing,Annealing (T=1.028619),1,1201,546272fd-1817-4d29-a66b-93dc696e41f8,K,-27.877855792823745,3006.4316106955475
fisheries,schaefer,Simulated annealing,Annealing (T=1.028619),1,1201,546272fd-1817-4d29-a66b-93dc696e41f8,q,-27.877855792823745,0.00042041905825589273
fisheries,schaefer,Simulated annealing,Annealing (T=1.028619),1,1201,546272fd-1817-4d29-a66b-93dc696e41f8,r,-27.877855792823745,0.3275569524881745
fisheries,schaefer,Simulated annealing,Annealing (T=1.028619),1,1201,546272fd-1817-4d29-a66b-93dc696e41f8,sigma_v,-27.877855792823745,0.1298352628080639
fisheries,schaefer,Simulated annealing,Annealing (T=1.028619),1,1401,546272fd-1817-4d29-a66b-93dc696e41f8,K,-26.77887255990764,2973.335335153055
fisheries,schaefer,Simulated annealing,Annealing (T=1.028619),1,1401,546272fd-1817-4d29-a66b-93dc696e41f8,q,-26.77887255990764,0.0003825812008764593
fisheries,schaefer,Simulated annealing,Annealing (T=1.028619),1,1401,546272fd-1817-4d29-a66b-93dc696e41f8,r,-26.77887255990764,0.34416228006093486
fisheries,schaefer,Simulated annealing,Annealing (T=1.028619),1,1401,546272fd-1817-4d29-a66b-93dc696e41f8,sigma_v,-26.77887255990764,0.13886580987419422
fisheries,schaefer,Simulated annealing,Annealing (T=1.028619),1,1601,546272fd-1817-4d29-a66b-93dc696e41f8,K,-29.315321746639146,2861.634297865209
fisheries,schaefer,Simulated annealing,Annealing (T=1.028619),1,1601,546272fd-1817-4d29-a66b-93dc696e41f8,q,-29.315321746639146,0.0004454662466164568
fisheries,schaefer,Simulated annealing,Annealing (T=1.028619),1,1601,546272fd-1817-4d29-a66b-93dc696e41f8,r,-29.315321746639146,0.3523334992353276
fisheries,schaefer,Simulated annealing,Annealing (T=1.028619),1,1601,546272fd-1817-4d29-a66b-93dc696e41f8,sigma_v,-29.315321746639146,0.10294557672045174
fisheries,schaefer,Simulated annealing,Annealing (T=1.028619),1,1801,546272fd-1817-4d29-a66b-93dc696e41f8,K,-29.16619463326789,2851.2042603507225
fisheries,schaefer,Simulated annealing,Annealing (T=1.028619),1,1801,546272fd-1817-4d29-a66b-93dc696e41f8,q,-29.16619463326789,0.00043523090226217317
fisheries,schaefer,Simulated annealing,Annealing (T=1.028619),1,1801,546272fd-1817-4d29-a66b-93dc696e41f8,r,-29.16619463326789,0.36087911939065914
fisheries,schaefer,Simulated annealing,Annealing (T=1.028619),1,1801,546272fd-1817-4d29-a66b-93dc696e41f8,sigma_v,-29.16619463326789,0.10222959889391717
fisheries,schaefer,Simulated annealing,Annealing (T=1.028619),1,2001,546272fd-1817-4d29-a66b-93dc696e41f8,K,-25.71581545852923,2888.663737993162
fisheries,schaefer,Simulated annealing,Annealing (T=1.028619),1,2001,546272fd-1817-4d29-a66b-93dc696e41f8,q,-25.71581545852923,0.0004223903406099692
fisheries,schaefer,Simulated annealing,Annealing (T=1.028619),1,2001,546272fd-1817-4d29-a66b-93dc696e41f8,r,-25.71581545852923,0.3558213173741879
fisheries,schaefer,Simulated annealing,Annealing (T=1.028619),1,2001,546272fd-1817-4d29-a66b-93dc696e41f8,sigma_v,-25.71581545852923,0.16065878540379497
fisheries,schaefer,Simulated annealing,Annealing (T=1.028619),1,2201,546272fd-1817-4d29-a66b-93dc696e41f8,K,-26.726335288144963,2894.6585101276783
fisheries,schaefer,Simulated annealing,Annealing (T=1.028619),1,2201,546272fd-1817-4d29-a66b-93dc696e41f8,q,-26.726335288144963,0.0004456157283484202
fisheries,schaefer,Simulated annealing,Annealing (T=1.028619),1,2201,546272fd-1817-4d29-a66b-93dc696e41f8,r,-26.726335288144963,0.34479245965294536
fisheries,schaefer,Simulated annealing,Annealing (T=1.028619),1,2201,546272fd-1817-4d29-a66b-93dc696e41f8,sigma_v,-26.726335288144963,0.14543782930798504
fisheries,schaefer,Simulated annealing,Annealing (T=1.028619),1,2401,546272fd-1817-4d29-a66b-93dc696e41f8,K,-26.21932160118064,2844.007367464953
fisheries,schaefer,Simulated annealing,Annealing (T=1.028619),1,2401,546272fd-1817-4d29-a66b-93dc696e41f8,q,-26.21932160118064,0.0004393225976248433
fisheries,schaefer,Simulated annealing,Annealing (T=1.028619),1,2401,546272fd-1817-4d29-a66b-93dc696e41f8,r,-26.21932160118064,0.3551029191810782
fisheries,schaefer,Simulated annealing,Annealing (T=1.028619),1,2401,546272fd-1817-4d29-a66b-93dc696e41f8,sigma_v,-26.21932160118064,0.15140973032383748
fisheries,schaefer,Simulated annealing,Annealing (T=1.028619),1,2601,546272fd-1817-4d29-a66b-93dc696e41f8,K,-29.14754120387136,2832.119795149968
fisheries,schaefer,Simulated annealing,Annealing (T=1.028619),1,2601,546272fd-1817-4d29-a66b-93dc696e41f8,q,-29.14754120387136,0.00043266771896751115
fisheries,schaefer,Simulated annealing,Annealing (T=1.028619),1,2601,546272fd-1817-4d29-a66b-93dc696e41f8,r,-29.14754120387136,0.3651010367121726
fisheries,schaefer,Simulated annealing,Annealing (T=1.028619),1,2601,546272fd-1817-4d29-a66b-93dc696e41f8,sigma_v,-29.14754120387136,0.10887761093486767
fisheries,schaefer,Simulated annealing,Annealing (T=1.028619),1,2801,546272fd-1817-4d29-a66b-93dc696e41f8,K,-28.209551677142905,2825.382132853938
fisheries,schaefer,Simulated annealing,Annealing (T=1.028619),1,2801,546272fd-1817-4d29-a66b-93dc696e41f8,q,-28.209551677142905,0.00045756038210716717
fisheries,schaefer,Simulated annealing,Annealing (T=1.028619),1,2801,546272fd-1817-4d29-a66b-93dc696e41f8,r,-28.209551677142905,0.35728615683888254
fisheries,schaefer,Simulated annealing,Annealing (T=1.028619),1,2801,546272fd-1817-4d29-a66b-93dc696e41f8,sigma_v,-28.209551677142905,0.12289168137786147
fisheries,schaefer,Simulated annealing,Annealing (T=1.028619),1,3001,546272fd-1817-4d29-a66b-93dc696e41f8,K,-28.311444916782083,2958.2043194459056
fisheries,schaefer,Simulated annealing,Annealing (T=1.028619),1,3001,546272fd-1817-4d29-a66b-93dc696e41f8,q,-28.311444916782083,0.00042465262172129914
fisheries,schaefer,Simulated annealing,Annealing (T=1.028619),1,3001,546272fd-1817-4d29-a66b-93dc696e41f8,r,-28.311444916782083,0.3378824381419303
fisheries,schaefer,Simulated annealing,Annealing (T=1.028619),1,3001,546272fd-1817-4d29-a66b-93dc696e41f8,sigma_v,-28.311444916782083,0.07986849728446169
fisheries,schaefer,Simulated annealing,Annealing (T=1.028619),1,3201,546272fd-1817-4d29-a66b-93dc696e41f8,K,-28.758065360090843,2983.7716023942894
fisheries,schaefer,Simulated annealing,Annealing (T=1.028619),1,3201,546272fd-1817-4d29-a66b-93dc696e41f8,q,-28.758065360090843,0.0003908452698049418
fisheries,schaefer,Simulated annealing,Annealing (T=1.028619),1,3201,546272fd-1817-4d29-a66b-93dc696e41f8,r,-28.758065360090843,0.3437352990117948
fisheries,schaefer,Simulated annealing,Annealing (T=1.028619),1,3201,546272fd-1817-4d29-a66b-93dc696e41f8,sigma_v,-28.758065360090843,0.09879745282091641
fisheries,schaefer,Simulated annealing,Annealing (T=1.028619),1,3401,546272fd-1817-4d29-a66b-93dc696e41f8,K,-29.46820186060487,3017.1846088393245
fisheries,schaefer,Simulated annealing,Annealing (T=1.028619),1,3401,546272fd-1817-4d29-a66b-93dc696e41f8,q,-29.46820186060487,0.00040741713631597184
fisheries,schaefer,Simulated annealing,Annealing (T=1.028619),1,3401,546272fd-1817-4d29-a66b-93dc696e41f8,r,-29.46820186060487,0.3310406757744868
fisheries,schaefer,Simulated annealing,Annealing (T=1.028619),1,3401,546272fd-1817-4d29-a66b-93dc696e41f8,sigma_v,-29.46820186060487,0.10016163539597416
fisheries,schaefer,Simulated annealing,Annealing (T=1.028619),1,3601,546272fd-1817-4d29-a66b-93dc696e41f8,K,-26.491591117667443,3035.10685712715
fisheries,schaefer,Simulated annealing,Annealing (T=1.028619),1,3601,546272fd-1817-4d29-a66b-93dc696e41f8,q,-26.491591117667443,0.00036467609305409435
fisheries,schaefer,Simulated annealing,Annealing (T=1.028619),1,3601,546272fd-1817-4d29-a66b-93dc696e41f8,r,-26.491591117667443,0.33847117841554764
fisheries,schaefer,Simulated annealing,Annealing (T=1.028619),1,3601,546272fd-1817-4d29-a66b-93dc696e41f8,sigma_v,-26.491591117667443,0.09272998626875169
fisheries,schaefer,Simulated annealing,Annealing (T=1.028619),1,3801,546272fd-1817-4d29-a66b-93dc696e41f8,K,-27.997206251219257,3050.2008783960096
fisheries,schaefer,Simulated annealing,Annealing (T=1.028619),1,3801,546272fd-1817-4d29-a66b-93dc696e41f8,q,-27.997206251219257,0.0003938695034665428
fisheries,schaefer,Simulated annealing,Annealing (T=1.028619),1,3801,546272fd-1817-4d29-a66b-93dc696e41f8,r,-27.997206251219257,0.32157327026761867
fisheries,schaefer,Simulated annealing,Annealing (T=1.028619),1,3801,546272fd-1817-4d29-a66b-93dc696e41f8,sigma_v,-27.997206251219257,0.10179182406700436
fisheries,schaefer,Simulated annealing,Annealing (T=1.028619),1,4001,546272fd-1817-4d29-a66b-93dc696e41f8,K,-29.453799095023157,3057.9290221161705
fisheries,schaefer,Simulated annealing,Annealing (T=1.028619),1,4001,546272fd-1817-4d29-a66b-93dc696e41f8,q,-29.453799095023157,0.0003877618680842659
fisheries,schaefer,Simulated annealing,Annealing (T=1.028619),1,4001,546272fd-1817-4d29-a66b-93dc696e41f8,r,-29.453799095023157,0.3272366164380026
fisheries,schaefer,Simulated annealing,Annealing (T=1.028619),1,4001,546272fd-1817-4d29-a66b-93dc696e41f8,sigma_v,-29.453799095023157,0.104119497899163
fisheries,schaefer,Simulated annealing,Annealing (T=1.028619),1,4201,546272fd-1817-4d29-a66b-93dc696e41f8,K,-28.824542585228258,3003.3739155923695
fisheries,schaefer,Simulated annealing,Annealing (T=1.028619),1,4201,546272fd-1817-4d29-a66b-93dc696e41f8,q,-28.824542585228258,0.0004098345292851248
fisheries,schaefer,Simulated annealing,Annealing (T=1.028619),1,4201,546272fd-1817-4d29-a66b-93dc696e41f8,r,-28.824542585228258,0.32946502928807037
fisheries,schaefer,Simulated annealing,Annealing (T=1.028619),1,4201,546272fd-1817-4d29-a66b-93dc696e41f8,sigma_v,-28.824542585228258,0.08733050530226401
fisheries,schaefer,Simulated annealing,Annealing (T=1.028619),1,4401,546272fd-1817-4d29-a66b-93dc696e41f8,K,-23.34707601873238,2994.799107429426
fisheries,schaefer,Simulated annealing,Annealing (T=1.028619),1,4401,546272fd-1817-4d29-a66b-93dc696e41f8,q,-23.34707601873238,0.00039707581547427284
fisheries,schaefer,Simulated annealing,Annealing (T=1.028619),1,4401,546272fd-1817-4d29-a66b-93dc696e41f8,r,-23.34707601873238,0.329474097539018
fisheries,schaefer,Simulated annealing,Annealing (T=1.028619),1,4401,546272fd-1817-4d29-a66b-93dc696e41f8,sigma_v,-23.34707601873238,0.17761573229541713
fisheries,schaefer,Simulated annealing,Annealing (T=1.028619),1,4601,546272fd-1817-4d29-a66b-93dc696e41f8,K,-28.26589604389191,3056.092198000299
fisheries,schaefer,Simulated annealing,Annealing (T=1.028619),1,4601,546272fd-1817-4d29-a66b-93dc696e41f8,q,-28.26589604389191,0.0003733708023966365
fisheries,schaefer,Simulated annealing,Annealing (T=1.028619),1,4601,546272fd-1817-4d29-a66b-93dc696e41f8,r,-28.26589604389191,0.3291905460952569
fisheries,schaefer,Simulated annealing,Annealing (T=1.028619),1,4601,546272fd-1817-4d29-a66b-93dc696e41f8,sigma_v,-28.26589604389191,0.10991515697776527
fisheries,schaefer,Simulated annealing,Annealing (T=1.028619),1,4801,546272fd-1817-4d29-a66b-93dc696e41f8,K,-26.132131469213366,3026.1368849453547
fisheries,schaefer,Simulated annealing,Annealing (T=1.028619),1,4801,546272fd-1817-4d29-a66b-93dc696e41f8,q,-26.132131469213366,0.00040864999662147407
fisheries,schaefer,Simulated annealing,Annealing (T=1.028619),1,4801,546272fd-1817-4d29-a66b-93dc696e41f8,r,-26.132131469213366,0.3316331120489062
fisheries,schaefer,Simulated annealing,Annealing (T=1.028619),1,4801,546272fd-1817-4d29-a66b-93dc696e41f8,sigma_v,-26.132131469213366,0.15148042957409313
fisheries,schaefer,Simulated annealing,Annealing (T=1.028619),1,5001,546272fd-1817-4d29-a66b-93dc696e41f8,K,-29.033283188554023,2915.6375450556493
fisheries,schaefer,Simulated annealing,Annealing (T=1.028619),1,5001,546272fd-1817-4d29-a66b-93dc696e41f8,q,-29.033283188554023,0.000426669616686277
fisheries,schaefer,Simulated annealing,Annealing (T=1.028619),1,5001,546272fd-1817-4d29-a66b-93dc696e41f8,r,-29.033283188554023,0.3487526009538658
fisheries,schaefer,Simulated annealing,Annealing (T=1.028619),1,5001,546272fd-1817-4d29-a66b-93dc696e41f8,sigma_v,-29.033283188554023,0.092167135365582
fisheries,schaefer,Simulated annealing,Annealing (T=1.003531),1,200,546272fd-1817-4d29-a66b-93dc696e41f8,K,-26.422169525722822,2837.978657182357
fisheries,schaefer,Simulated annealing,Annealing (T=1.003531),1,200,546272fd-1817-4d29-a66b-93dc696e41f8,q,-26.422169525722822,0.00043712786864884523
fisheries,schaefer,Simulated annealing,Annealing (T=1.003531),1,200,546272fd-1817-4d29-a66b-93dc696e41f8,r,-26.422169525722822,0.3543487839574306
fisheries,schaefer,Simulated annealing,Annealing (T=1.003531),1,200,546272fd-1817-4d29-a66b-93dc696e41f8,sigma_v,-26.422169525722822,0.1286924654213904
fisheries,schaefer,Simulated annealing,Annealing (T=1.003531),1,400,546272fd-1817-4d29-a66b-93dc696e41f8,K,-28.032890461392228,2883.3925495008775
fisheries,schaefer,Simulated annealing,Annealing (T=1.003531),1,400,546272fd-1817-4d29-a66b-93dc696e41f8,q,-28.032890461392228,0.0004444683001920155
fisheries,schaefer,Simulated annealing,Annealing (T=1.003531),1,400,546272fd-1817-4d29-a66b-93dc696e41f8,r,-28.032890461392228,0.3515476212363867
fisheries,schaefer,Simulated annealing,Annealing (T=1.003531),1,400,546272fd-1817-4d29-a66b-93dc696e41f8,sigma_v,-28.032890461392228,0.12509297795738072
fisheries,schaefer,Simulated annealing,Annealing (T=1.003531),1,600,546272fd-1817-4d29-a66b-93dc696e41f8,K,-28.97531606545047,2992.03990868807
fisheries,schaefer,Simulated annealing,Annealing (T=1.003531),1,600,546272fd-1817-4d29-a66b-93dc696e41f8,q,-28.97531606545047,0.0004221370159839071
fisheries,schaefer,Simulated annealing,Annealing (T=1.003531),1,600,546272fd-1817-4d29-a66b-93dc696e41f8,r,-28.97531606545047,0.33056857497462694
fisheries,schaefer,Simulated annealing,Annealing (T=1.003531),1,600,546272fd-1817-4d29-a66b-93dc696e41f8,sigma_v,-28.97531606545047,0.0926264711139802
fisheries,schaefer,Simulated annealing,Annealing (T=1.003531),1,800,546272fd-1817-4d29-a66b-93dc696e41f8,K,-28.671980583996813,2984.029932125887
fisheries,schaefer,Simulated annealing,Annealing (T=1.003531),1,800,546272fd-1817-4d29-a66b-93dc696e41f8,q,-28.671980583996813,0.0004208036189670351
fisheries,schaefer,Simulated annealing,Annealing (T=1.003531),1,800,546272fd-1817-4d29-a66b-93dc696e41f8,r,-28.671980583996813,0.33028689354727175
fisheries,schaefer,Simulated annealing,Annealing (T=1.003531),1,800,546272fd-1817-4d29-a66b-93dc696e41f8,sigma_v,-28.671980583996813,0.10996341586192826
fisheries,schaefer,Simulated annealing,Annealing (T=1.003531),1,1000,546272fd-1817-4d29-a66b-93dc696e41f8,K,-27.766041200507587,3026.5210666814387
fisheries,schaefer,Simulated annealing,Annealing (T=1.003531),1,1000,546272fd-1817-4d29-a66b-93dc696e41f8,q,-27.766041200507587,0.0004226903471751313
fisheries,schaefer,Simulated annealing,Annealing (T=1.003531),1,1000,546272fd-1817-4d29-a66b-93dc696e41f8,r,-27.766041200507587,0.3211320009584263
fisheries,schaefer,Simulated annealing,Annealing (T=1.003531),1,1000,546272fd-1817-4d29-a66b-93dc696e41f8,sigma_v,-27.766041200507587,0.10710682867306151
fisheries,schaefer,Simulated annealing,Annealing (T=1.003531),1,1200,546272fd-1817-4d29-a66b-93dc696e41f8,K,-27.00373150089559,2967.2909447133948
fisheries,schaefer,Simulated annealing,Annealing (T=1.003531),1,1200,546272fd-1817-4d29-a66b-93dc696e41f8,q,-27.00373150089559,0.00042802616818090814
fisheries,schaefer,Simulated annealing,Annealing (T=1.003531),1,1200,546272fd-1817-4d29-a66b-93dc696e41f8,r,-27.00373150089559,0.34016935354838285
fisheries,schaefer,Simulated annealing,Annealing (T=1.003531),1,1200,546272fd-1817-4d29-a66b-93dc696e41f8,sigma_v,-27.00373150089559,0.12638889155419863
fisheries,schaefer,Simulated annealing,Annealing (T=1.003531),1,1400,546272fd-1817-4d29-a66b-93dc696e41f8,K,-28.731132314565937,3000.882582140971
fisheries,schaefer,Simulated annealing,Annealing (T=1.003531),1,1400,546272fd-1817-4d29-a66b-93dc696e41f8,q,-28.731132314565937,0.0004238220864252715
fisheries,schaefer,Simulated annealing,Annealing (T=1.003531),1,1400,546272fd-1817-4d29-a66b-93dc696e41f8,r,-28.731132314565937,0.3281119605692974
fisheries,schaefer,Simulated annealing,Annealing (T=1.003531),1,1400,546272fd-1817-4d29-a66b-93dc696e41f8,sigma_v,-28.731132314565937,0.09599490151349677
fisheries,schaefer,Simulated annealing,Annealing (T=1.003531),1,1600,546272fd-1817-4d29-a66b-93dc696e41f8,K,-29.271642207660296,3029.568746184279
fisheries,schaefer,Simulated annealing,Annealing (T=1.003531),1,1600,546272fd-1817-4d29-a66b-93dc696e41f8,q,-29.271642207660296,0.00040955558783975363
fisheries,schaefer,Simulated annealing,Annealing (T=1.003531),1,1600,546272fd-1817-4d29-a66b-93dc696e41f8,r,-29.271642207660296,0.3273551299696791
fisheries,schaefer,Simulated annealing,Annealing (T=1.003531),1,1600,546272fd-1817-4d29-a66b-93dc696e41f8,sigma_v,-29.271642207660296,0.10630628931329822
fisheries,schaefer,Simulated annealing,Annealing (T=1.003531),1,1800,546272fd-1817-4d29-a66b-93dc696e41f8,K,-27.680671042314813,3077.7487380560283
fisheries,schaefer,Simulated annealing,Annealing (T=1.003531),1,1800,546272fd-1817-4d29-a66b-93dc696e41f8,q,-27.680671042314813,0.0003733653156307531
fisheries,schaefer,Simulated annealing,Annealing (T=1.003531),1,1800,546272fd-1817-4d29-a66b-93dc696e41f8,r,-27.680671042314813,0.3257463014650007
fisheries,schaefer,Simulated annealing,Annealing (T=1.003531),1,1800,546272fd-1817-4d29-a66b-93dc696e41f8,sigma_v,-27.680671042314813,0.1308187753861787
fisheries,schaefer,Simulated annealing,Annealing (T=1.003531),1,2000,546272fd-1817-4d29-a66b-93dc696e41f8,K,-29.165147984979402,3022.603931442897
fisheries,schaefer,Simulated annealing,Annealing (T=1.003531),1,2000,546272fd-1817-4d29-a66b-93dc696e41f8,q,-29.165147984979402,0.000397086189463058
fisheries,schaefer,Simulated annealing,Annealing (T=1.003531),1,2000,546272fd-1817-4d29-a66b-93dc696e41f8,r,-29.165147984979402,0.3291520750571316
fisheries,schaefer,Simulated annealing,Annealing (T=1.003531),1,2000,546272fd-1817-4d29-a66b-93dc696e41f8,sigma_v,-29.165147984979402,0.11075779071047114
fisheries,schaefer,Simulated annealing,Annealing (T=1.003531),1,2200,546272fd-1817-4d29-a66b-93dc696e41f8,K,-26.328293946813815,3121.381958894319
fisheries,schaefer,Simulated annealing,Annealing (T=1.003531),1,2200,546272fd-1817-4d29-a66b-93dc696e41f8,q,-26.328293946813815,0.0004123878275315555
fisheries,schaefer,Simulated annealing,Annealing (T=1.003531),1,2200,546272fd-1817-4d29-a66b-93dc696e41f8,r,-26.328293946813815,0.3125960210667999
fisheries,schaefer,Simulated annealing,Annealing (T=1.003531),1,2200,546272fd-1817-4d29-a66b-93dc696e41f8,sigma_v,-26.328293946813815,0.10822403875595454
fisheries,schaefer,Simulated annealing,Annealing (T=1.003531),1,2400,546272fd-1817-4d29-a66b-93dc696e41f8,K,-28.493384192074824,3108.905940646232
fisheries,schaefer,Simulated annealing,Annealing (T=1.003531),1,2400,546272fd-1817-4d29-a66b-93dc696e41f8,q,-28.493384192074824,0.00038608705590586156
fisheries,schaefer,Simulated annealing,Annealing (T=1.003531),1,2400,546272fd-1817-4d29-a66b-93dc696e41f8,r,-28.493384192074824,0.31395876052108346
fisheries,schaefer,Simulated annealing,Annealing (T=1.003531),1,2400,546272fd-1817-4d29-a66b-93dc696e41f8,sigma_v,-28.493384192074824,0.1133853102963967
fisheries,schaefer,Simulated annealing,Annealing (T=1.003531),1,2600,546272fd-1817-4d29-a66b-93dc696e41f8,K,-28.780153197985594,3128.933267498454
fisheries,schaefer,Simulated annealing,Annealing (T=1.003531),1,2600,546272fd-1817-4d29-a66b-93dc696e41f8,q,-28.780153197985594,0.0003673021954263188
fisheries,schaefer,Simulated annealing,Annealing (T=1.003531),1,2600,546272fd-1817-4d29-a66b-93dc696e41f8,r,-28.780153197985594,0.3181630244346995
fisheries,schaefer,Simulated annealing,Annealing (T=1.003531),1,2600,546272fd-1817-4d29-a66b-93dc696e41f8,sigma_v,-28.780153197985594,0.09902599125024142
fisheries,schaefer,Simulated annealing,Annealing (T=1.003531),1,2800,546272fd-1817-4d29-a66b-93dc696e41f8,K,-28.54178234197826,3111.7117923677333
fisheries,schaefer,Simulated annealing,Annealing (T=1.003531),1,2800,546272fd-1817-4d29-a66b-93dc696e41f8,q,-28.54178234197826,0.00039599483019424776
fisheries,schaefer,Simulated annealing,Annealing (T=1.003531),1,2800,546272fd-1817-4d29-a66b-93dc696e41f8,r,-28.54178234197826,0.3120428365828575
fisheries,schaefer,Simulated annealing,Annealing (T=1.003531),1,2800,546272fd-1817-4d29-a66b-93dc696e41f8,sigma_v,-28.54178234197826,0.11302862984650194
fisheries,schaefer,Simulated annealing,Annealing (T=1.003531),1,3000,546272fd-1817-4d29-a66b-93dc696e41f8,K,-26.858147757048943,3225.0512287431757
fisheries,schaefer,Simulated annealing,Annealing (T=1.003531),1,3000,546272fd-1817-4d29-a66b-93dc696e41f8,q,-26.858147757048943,0.0003662375613934013
fisheries,schaefer,Simulated annealing,Annealing (T=1.003531),1,3000,546272fd-1817-4d29-a66b-93dc696e41f8,r,-26.858147757048943,0.29985521338402116
fisheries,schaefer,Simulated annealing,Annealing (T=1.003531),1,3000,546272fd-1817-4d29-a66b-93dc696e41f8,sigma_v,-26.858147757048943,0.1424349405146799
fisheries,schaefer,Simulated annealing,Annealing (T=1.003531),1,3200,546272fd-1817-4d29-a66b-93dc696e41f8,K,-28.50304070914824,3184.3050672783716
fisheries,schaefer,Simulated annealing,Annealing (T=1.003531),1,3200,546272fd-1817-4d29-a66b-93dc696e41f8,q,-28.50304070914824,0.00036067068408797404
fisheries,schaefer,Simulated annealing,Annealing (T=1.003531),1,3200,546272fd-1817-4d29-a66b-93dc696e41f8,r,-28.50304070914824,0.30915214845653216
fisheries,schaefer,Simulated annealing,Annealing (T=1.003531),1,3200,546272fd-1817-4d29-a66b-93dc696e41f8,sigma_v,-28.50304070914824,0.09700298866813445
fisheries,schaefer,Simulated annealing,Annealing (T=1.003531),1,3400,546272fd-1817-4d29-a66b-93dc696e41f8,K,-28.521833275650604,3285.1762459152387
fisheries,schaefer,Simulated annealing,Annealing (T=1.003531),1,3400,546272fd-1817-4d29-a66b-93dc696e41f8,q,-28.521833275650604,0.0003558156420819806
fisheries,schaefer,Simulated annealing,Annealing (T=1.003531),1,3400,546272fd-1817-4d29-a66b-93dc696e41f8,r,-28.521833275650604,0.29396200617511137
fisheries,schaefer,Simulated annealing,Annealing (T=1.003531),1,3400,546272fd-1817-4d29-a66b-93dc696e41f8,sigma_v,-28.521833275650604,0.10022225012844253
fisheries,schaefer,Simulated annealing,Annealing (T=1.003531),1,3600,546272fd-1817-4d29-a66b-93dc696e41f8,K,-27.8633090268778,3336.3001272688243
fisheries,schaefer,Simulated annealing,Annealing (T=1.003531),1,3600,546272fd-1817-4d29-a66b-93dc696e41f8,q,-27.8633090268778,0.0003560958682616741
fisheries,schaefer,Simulated annealing,Annealing (T=1.003531),1,3600,546272fd-1817-4d29-a66b-93dc696e41f8,r,-27.8633090268778,0.2850461682455108
fisheries,schaefer,Simulated annealing,Annealing (T=1.003531),1,3600,546272fd-1817-4d29-a66b-93dc696e41f8,sigma_v,-27.8633090268778,0.11644562958080817
fisheries,schaefer,Simulated annealing,Annealing (T=1.003531),1,3800,546272fd-1817-4d29-a66b-93dc696e41f8,K,-26.411675531258442,3402.2034752810514
fisheries,schaefer,Simulated annealing,Annealing (T=1.003531),1,3800,546272fd-1817-4d29-a66b-93dc696e41f8,q,-26.411675531258442,0.00032966304344376796
fisheries,schaefer,Simulated annealing,Annealing (T=1.003531),1,3800,546272fd-1817-4d29-a66b-93dc696e41f8,r,-26.411675531258442,0.285274075857079
fisheries,schaefer,Simulated annealing,Annealing (T=1.003531),1,3800,546272fd-1817-4d29-a66b-93dc696e41f8,sigma_v,-26.411675531258442,0.08516596963674712
fisheries,schaefer,Simulated annealing,Annealing (T=1.003531),1,4000,546272fd-1817-4d29-a66b-93dc696e41f8,K,-28.263107650710893,3344.3533296044716
fisheries,schaefer,Simulated annealing,Annealing (T=1.003531),1,4000,546272fd-1817-4d29-a66b-93dc696e41f8,q,-28.263107650710893,0.00034474772681477824
fisheries,schaefer,Simulated annealing,Annealing (T=1.003531),1,4000,546272fd-1817-4d29-a66b-93dc696e41f8,r,-28.263107650710893,0.28846567919295335
fisheries,schaefer,Simulated annealing,Annealing (T=1.003531),1,4000,546272fd-1817-4d29-a66b-93dc696e41f8,sigma_v,-28.263107650710893,0.10511714809179921
fisheries,schaefer,Simulated annealing,Annealing (T=1.003531),1,4200,546272fd-1817-4d29-a66b-93dc696e41f8,K,-27.877684731229046,3257.220322576646
fisheries,schaefer,Simulated annealing,Annealing (T=1.003531),1,4200,546272fd-1817-4d29-a66b-93dc696e41f8,q,-27.877684731229046,0.0003638703716188405
fisheries,schaefer,Simulated annealing,Annealing (T=1.003531),1,4200,546272fd-1817-4d29-a66b-93dc696e41f8,r,-27.877684731229046,0.293372518308593
fisheries,schaefer,Simulated annealing,Annealing (T=1.003531),1,4200,546272fd-1817-4d29-a66b-93dc696e41f8,sigma_v,-27.877684731229046,0.09993497336204839
fisheries,schaefer,Simulated annealing,Annealing (T=1.003531),1,4400,546272fd-1817-4d29-a66b-93dc696e41f8,K,-28.090441869406774,3272.2660340504667
fisheries,schaefer,Simulated annealing,Annealing (T=1.003531),1,4400,546272fd-1817-4d29-a66b-93dc696e41f8,q,-28.090441869406774,0.00034555788489378707
fisheries,schaefer,Simulated annealing,Annealing (T=1.003531),1,4400,546272fd-1817-4d29-a66b-93dc696e41f8,r,-28.090441869406774,0.30327166132853506
fisheries,schaefer,Simulated annealing,Annealing (T=1.003531),1,4400,546272fd-1817-4d29-a66b-93dc696e41f8,sigma_v,-28.090441869406774,0.11109853090786395
fisheries,schaefer,Simulated annealing,Annealing (T=1.003531),1,4600,546272fd-1817-4d29-a66b-93dc696e41f8,K,-26.870296987718465,3286.8783344500143
fisheries,schaefer,Simulated annealing,Annealing (T=1.003531),1,4600,546272fd-1817-4d29-a66b-93dc696e41f8,q,-26.870296987718465,0.00037037178970425336
fisheries,schaefer,Simulated annealing,Annealing (T=1.003531),1,4600,546272fd-1817-4d29-a66b-93dc696e41f8,r,-26.870296987718465,0.29148033458346795
fisheries,schaefer,Simulated annealing,Annealing (T=1.003531),1,4600,546272fd-1817-4d29-a66b-93dc696e41f8,sigma_v,-26.870296987718465,0.13521388850574384
fisheries,schaefer,Simulated annealing,Annealing (T=1.003531),1,4800,546272fd-1817-4d29-a66b-93dc696e41f8,K,-27.82870381529408,3178.140637692099
fisheries,schaefer,Simulated annealing,Annealing (T=1.003531),1,4800,546272fd-1817-4d29-a66b-93dc696e41f8,q,-27.82870381529408,0.0003722676491850794
fisheries,schaefer,Simulated annealing,Annealing (T=1.003531),1,4800,546272fd-1817-4d29-a66b-93dc696e41f8,r,-27.82870381529408,0.30608723467871063
fisheries,schaefer,Simulated annealing,Annealing (T=1.003531),1,4800,546272fd-1817-4d29-a66b-93dc696e41f8,sigma_v,-27.82870381529408,0.1287828178623174
fisheries,schaefer,Simulated annealing,Annealing (T=1.003531),1,5000,546272fd-1817-4d29-a66b-93dc696e41f8,K,-22.23483813656578,3297.3316546334445
fisheries,schaefer,Simulated annealing,Annealing (T=1.003531),1,5000,546272fd-1817-4d29-a66b-93dc696e41f8,q,-22.23483813656578,0.0003121584808932474
fisheries,schaefer,Simulated annealing,Annealing (T=1.003531),1,5000,546272fd-1817-4d29-a66b-93dc696e41f8,r,-22.23483813656578,0.3174141502105385
fisheries,schaefer,Simulated annealing,Annealing (T=1.003531),1,5000,546272fd-1817-4d29-a66b-93dc696e41f8,sigma_v,-22.23483813656578,0.17797276146363517
fisheries,schaefer,Simulated annealing,Annealing (T=0.979638),1,199,546272fd-1817-4d29-a66b-93dc696e41f8,K,-25.086888965300222,2947.1845314573
fisheries,schaefer,Simulated annealing,Annealing (T=0.979638),1,199,546272fd-1817-4d29-a66b-93dc696e41f8,q,-25.086888965300222,0.00044591194393168656
fisheries,schaefer,Simulated annealing,Annealing (T=0.979638),1,199,546272fd-1817-4d29-a66b-93dc696e41f8,r,-25.086888965300222,0.3327205893655353
fisheries,schaefer,Simulated annealing,Annealing (T=0.979638),1,199,546272fd-1817-4d29-a66b-93dc696e41f8,sigma_v,-25.086888965300222,0.15842510702797774
fisheries,schaefer,Simulated annealing,Annealing (T=0.979638),1,399,546272fd-1817-4d29-a66b-93dc696e41f8,K,-29.525377593228328,2942.601554274021
fisheries,schaefer,Simulated annealing,Annealing (T=0.979638),1,399,546272fd-1817-4d29-a66b-93dc696e41f8,q,-29.525377593228328,0.00040768951899923614
fisheries,schaefer,Simulated annealing,Annealing (T=0.979638),1,399,546272fd-1817-4d29-a66b-93dc696e41f8,r,-29.525377593228328,0.34627864569372485
fisheries,schaefer,Simulated annealing,Annealing (T=0.979638),1,399,546272fd-1817-4d29-a66b-93dc696e41f8,sigma_v,-29.525377593228328,0.09591680108553274
fisheries,schaefer,Simulated annealing,Annealing (T=0.979638),1,599,546272fd-1817-4d29-a66b-93dc696e41f8,K,-29.162363664273556,2890.973790633792
fisheries,schaefer,Simulated annealing,Annealing (T=0.979638),1,599,546272fd-1817-4d29-a66b-93dc696e41f8,q,-29.162363664273556,0.0004360524516813025
fisheries,schaefer,Simulated annealing,Annealing (T=0.979638),1,599,546272fd-1817-4d29-a66b-93dc696e41f8,r,-29.162363664273556,0.35076123973205586
fisheries,schaefer,Simulated annealing,Annealing (T=0.979638),1,599,546272fd-1817-4d29-a66b-93dc696e41f8,sigma_v,-29.162363664273556,0.11122424166902815
fisheries,schaefer,Simulated annealing,Annealing (T=0.979638),1,799,546272fd-1817-4d29-a66b-93dc696e41f8,K,-28.81883521839131,2905.0339789773366
fisheries,schaefer,Simulated annealing,Annealing (T=0.979638),1,799,546272fd-1817-4d29-a66b-93dc696e41f8,q,-28.81883521839131,0.00041423644412423783
fisheries,schaefer,Simulated annealing,Annealing (T=0.979638),1,799,546272fd-1817-4d29-a66b-93dc696e41f8,r,-28.81883521839131,0.3477941822462926
fisheries,schaefer,Simulated annealing,Annealing (T=0.979638),1,799,546272fd-1817-4d29-a66b-93dc696e41f8,sigma_v,-28.81883521839131,0.09751197627247206
fisheries,schaefer,Simulated annealing,Annealing (T=0.979638),1,999,546272fd-1817-4d29-a66b-93dc696e41f8,K,-28.849099635539336,2935.400637574524
fisheries,schaefer,Simulated annealing,Annealing (T=0.979638),1,999,546272fd-1817-4d29-a66b-93dc696e41f8,q,-28.849099635539336,0.00043415856558153037
fisheries,schaefer,Simulated annealing,Annealing (T=0.979638),1,999,546272fd-1817-4d29-a66b-93dc696e41f8,r,-28.849099635539336,0.3422511862087692
fisheries,schaefer,Simulated annealing,Annealing (T=0.979638),1,999,546272fd-1817-4d29-a66b-93dc696e41f8,sigma_v,-28.849099635539336,0.09902227730683318
fisheries,schaefer,Simulated annealing,Annealing (T=0.979638),1,1199,546272fd-1817-4d29-a66b-93dc696e41f8,K,-29.57852967779321,2932.293319169213
fisheries,schaefer,Simulated annealing,Annealing (T=0.979638),1,1199,546272fd-1817-4d29-a66b-93dc696e41f8,q,-29.57852967779321,0.0004223632614042018
fisheries,schaefer,Simulated annealing,Annealing (T=0.979638),1,1199,546272fd-1817-4d29-a66b-93dc696e41f8,r,-29.57852967779321,0.3449661303541077
fisheries,schaefer,Simulated annealing,Annealing (T=0.979638),1,1199,546272fd-1817-4d29-a66b-93dc696e41f8,sigma_v,-29.57852967779321,0.09633838035253486
fisheries,schaefer,Simulated annealing,Annealing (T=0.979638),1,1399,546272fd-1817-4d29-a66b-93dc696e41f8,K,-29.770145482650456,2895.65201702691
fisheries,schaefer,Simulated annealing,Annealing (T=0.979638),1,1399,546272fd-1817-4d29-a66b-93dc696e41f8,q,-29.770145482650456,0.0004250134970243026
fisheries,schaefer,Simulated annealing,Annealing (T=0.979638),1,1399,546272fd-1817-4d29-a66b-93dc696e41f8,r,-29.770145482650456,0.3512768763564383
fisheries,schaefer,Simulated annealing,Annealing (T=0.979638),1,1399,546272fd-1817-4d29-a66b-93dc696e41f8,sigma_v,-29.770145482650456,0.09696125560177545
fisheries,schaefer,Simulated annealing,Annealing (T=0.979638),1,1599,546272fd-1817-4d29-a66b-93dc696e41f8,K,-29.010042783062215,2955.5232962472764
fisheries,schaefer,Simulated annealing,Annealing (T=0.979638),1,1599,546272fd-1817-4d29-a66b-93dc696e41f8,q,-29.010042783062215,0.0004241399606596052
fisheries,schaefer,Simulated annealing,Annealing (T=0.979638),1,1599,546272fd-1817-4d29-a66b-93dc696e41f8,r,-29.010042783062215,0.34042117077920503
fisheries,schaefer,Simulated annealing,Annealing (T=0.979638),1,1599,546272fd-1817-4d29-a66b-93dc696e41f8,sigma_v,-29.010042783062215,0.09254735654767333
fisheries,schaefer,Simulated annealing,Annealing (T=0.979638),1,1799,546272fd-1817-4d29-a66b-93dc696e41f8,K,-28.963902332722903,2992.1954705391745
fisheries,schaefer,Simulated annealing,Annealing (T=0.979638),1,1799,546272fd-1817-4d29-a66b-93dc696e41f8,q,-28.963902332722903,0.0004138362292465947
fisheries,schaefer,Simulated annealing,Annealing (T=0.979638),1,1799,546272fd-1817-4d29-a66b-93dc696e41f8,r,-28.963902332722903,0.33517868189345
fisheries,schaefer,Simulated annealing,Annealing (T=0.979638),1,1799,546272fd-1817-4d29-a66b-93dc696e41f8,sigma_v,-28.963902332722903,0.11416929672670881
fisheries,schaefer,Simulated annealing,Annealing (T=0.979638),1,1999,546272fd-1817-4d29-a66b-93dc696e41f8,K,-28.18188079023048,2939.8994733527925
fisheries,schaefer,Simulated annealing,Annealing (T=0.979638),1,1999,546272fd-1817-4d29-a66b-93dc696e41f8,q,-28.18188079023048,0.00040926596395451237
fisheries,schaefer,Simulated annealing,Annealing (T=0.979638),1,1999,546272fd-1817-4d29-a66b-93dc696e41f8,r,-28.18188079023048,0.3435584913832928
fisheries,schaefer,Simulated annealing,Annealing (T=0.979638),1,1999,546272fd-1817-4d29-a66b-93dc696e41f8,sigma_v,-28.18188079023048,0.13062372809640663
fisheries,schaefer,Simulated annealing,Annealing (T=0.979638),1,2199,546272fd-1817-4d29-a66b-93dc696e41f8,K,-27.118844385557125,2959.994877704804
fisheries,schaefer,Simulated annealing,Annealing (T=0.979638),1,2199,546272fd-1817-4d29-a66b-93dc696e41f8,q,-27.118844385557125,0.0004347649064875386
fisheries,schaefer,Simulated annealing,Annealing (T=0.979638),1,2199,546272fd-1817-4d29-a66b-93dc696e41f8,r,-27.118844385557125,0.3363630038581795
fisheries,schaefer,Simulated annealing,Annealing (T=0.979638),1,2199,546272fd-1817-4d29-a66b-93dc696e41f8,sigma_v,-27.118844385557125,0.13810429587286796
fisheries,schaefer,Simulated annealing,Annealing (T=0.979638),1,2399,546272fd-1817-4d29-a66b-93dc696e41f8,K,-28.51265169420293,2923.0435691348102
fisheries,schaefer,Simulated annealing,Annealing (T=0.979638),1,2399,546272fd-1817-4d29-a66b-93dc696e41f8,q,-28.51265169420293,0.000421321333773723
fisheries,schaefer,Simulated annealing,Annealing (T=0.979638),1,2399,546272fd-1817-4d29-a66b-93dc696e41f8,r,-28.51265169420293,0.3457947738235614
fisheries,schaefer,Simulated annealing,Annealing (T=0.979638),1,2399,546272fd-1817-4d29-a66b-93dc696e41f8,sigma_v,-28.51265169420293,0.12786859320677182
fisheries,schaefer,Simulated annealing,Annealing (T=0.979638),1,2599,546272fd-1817-4d29-a66b-93dc696e41f8,K,-27.539280788435125,2956.9423476310726
fisheries,schaefer,Simulated annealing,Annealing (T=0.979638),1,2599,546272fd-1817-4d29-a66b-93dc696e41f8,q,-27.539280788435125,0.0003882666047130005
fisheries,schaefer,Simulated annealing,Annealing (T=0.979638),1,2599,546272fd-1817-4d29-a66b-93dc696e41f8,r,-27.539280788435125,0.3448728714719266
fisheries,schaefer,Simulated annealing,Annealing (T=0.979638),1,2599,546272fd-1817-4d29-a66b-93dc696e41f8,sigma_v,-27.539280788435125,0.12683847393819808
fisheries,schaefer,Simulated annealing,Annealing (T=0.979638),1,2799,546272fd-1817-4d29-a66b-93dc696e41f8,K,-26.50725808698899,2943.424950471445
fisheries,schaefer,Simulated annealing,Annealing (T=0.979638),1,2799,546272fd-1817-4d29-a66b-93dc696e41f8,q,-26.50725808698899,0.0004572604576323892
fisheries,schaefer,Simulated annealing,Annealing (T=0.979638),1,2799,546272fd-1817-4d29-a66b-93dc696e41f8,r,-26.50725808698899,0.3339902112793779
fisheries,schaefer,Simulated annealing,Annealing (T=0.979638),1,2799,546272fd-1817-4d29-a66b-93dc696e41f8,sigma_v,-26.50725808698899,0.12378249067662567
fisheries,schaefer,Simulated annealing,Annealing (T=0.979638),1,2999,546272fd-1817-4d29-a66b-93dc696e41f8,K,-28.69802012200861,3031.4327772801166
fisheries,schaefer,Simulated annealing,Annealing (T=0.979638),1,2999,546272fd-1817-4d29-a66b-93dc696e41f8,q,-28.69802012200861,0.0003833376175865706
fisheries,schaefer,Simulated annealing,Annealing (T=0.979638),1,2999,546272fd-1817-4d29-a66b-93dc696e41f8,r,-28.69802012200861,0.3363975849195158
fisheries,schaefer,Simulated annealing,Annealing (T=0.979638),1,2999,546272fd-1817-4d29-a66b-93dc696e41f8,sigma_v,-28.69802012200861,0.09700162522684028
fisheries,schaefer,Simulated annealing,Annealing (T=0.979638),1,3199,546272fd-1817-4d29-a66b-93dc696e41f8,K,-26.62041055827472,3076.2446199554797
fisheries,schaefer,Simulated annealing,Annealing (T=0.979638),1,3199,546272fd-1817-4d29-a66b-93dc696e41f8,q,-26.62041055827472,0.0003701475194146571
fisheries,schaefer,Simulated annealing,Annealing (T=0.979638),1,3199,546272fd-1817-4d29-a66b-93dc696e41f8,r,-26.62041055827472,0.3228125072263088
fisheries,schaefer,Simulated annealing,Annealing (T=0.979638),1,3199,546272fd-1817-4d29-a66b-93dc696e41f8,sigma_v,-26.62041055827472,0.12880209093685896
fisheries,schaefer,Simulated annealing,Annealing (T=0.979638),1,3399,546272fd-1817-4d29-a66b-93dc696e41f8,K,-27.06088551255433,3066.2915742017663
fisheries,schaefer,Simulated annealing,Annealing (T=0.979638),1,3399,546272fd-1817-4d29-a66b-93dc696e41f8,q,-27.06088551255433,0.0003925403023100928
fisheries,schaefer,Simulated annealing,Annealing (T=0.979638),1,3399,546272fd-1817-4d29-a66b-93dc696e41f8,r,-27.06088551255433,0.3266501788557189
fisheries,schaefer,Simulated annealing,Annealing (T=0.979638),1,3399,546272fd-1817-4d29-a66b-93dc696e41f8,sigma_v,-27.06088551255433,0.14320414077836555
fisheries,schaefer,Simulated annealing,Annealing (T=0.979638),1,3599,546272fd-1817-4d29-a66b-93dc696e41f8,K,-27.62312451512972,2982.8855752897093
fisheries,schaefer,Simulated annealing,Annealing (T=0.979638),1,3599,546272fd-1817-4d29-a66b-93dc696e41f8,q,-27.62312451512972,0.0004156483048712494
fisheries,schaefer,Simulated annealing,Annealing (T=0.979638),1,3599,546272fd-1817-4d29-a66b-93dc696e41f8,r,-27.62312451512972,0.3315175556095516
fisheries,schaefer,Simulated annealing,Annealing (T=0.979638),1,3599,546272fd-1817-4d29-a66b-93dc696e41f8,sigma_v,-27.62312451512972,0.13379908902278725
fisheries,schaefer,Simulated annealing,Annealing (T=0.979638),1,3799,546272fd-1817-4d29-a66b-93dc696e41f8,K,-25.9147548741703,2974.1595933818144
fisheries,schaefer,Simulated annealing,Annealing (T=0.979638),1,3799,546272fd-1817-4d29-a66b-93dc696e41f8,q,-25.9147548741703,0.0003989980421314359
fisheries,schaefer,Simulated annealing,Annealing (T=0.979638),1,3799,546272fd-1817-4d29-a66b-93dc696e41f8,r,-25.9147548741703,0.33583064688771025
fisheries,schaefer,Simulated annealing,Annealing (T=0.979638),1,3799,546272fd-1817-4d29-a66b-93dc696e41f8,sigma_v,-25.9147548741703,0.1523809969258299
fisheries,schaefer,Simulated annealing,Annealing (T=0.979638),1,3999,546272fd-1817-4d29-a66b-93dc696e41f8,K,-27.496561338774118,3102.355297789166
fisheries,schaefer,Simulated annealing,Annealing (T=0.979638),1,3999,546272fd-1817-4d29-a66b-93dc696e41f8,q,-27.496561338774118,0.0003702387210966747
fisheries,schaefer,Simulated annealing,Annealing (T=0.979638),1,3999,546272fd-1817-4d29-a66b-93dc696e41f8,r,-27.496561338774118,0.3187092107190539
fisheries,schaefer,Simulated annealing,Annealing (T=0.979638),1,3999,546272fd-1817-4d29-a66b-93dc696e41f8,sigma_v,-27.496561338774118,0.12068089999463061
fisheries,schaefer,Simulated annealing,Annealing (T=0.979638),1,4199,546272fd-1817-4d29-a66b-93dc696e41f8,K,-29.196077356410534,3053.6679936860846
fisheries,schaefer,Simulated annealing,Annealing (T=0.979638),1,4199,546272fd-1817-4d29-a66b-93dc696e41f8,q,-29.196077356410534,0.00039187850838964583
fisheries,schaefer,Simulated annealing,Annealing (T=0.979638),1,4199,546272fd-1817-4d29-a66b-93dc696e41f8,r,-29.196077356410534,0.3258009129313871
fisheries,schaefer,Simulated annealing,Annealing (T=0.979638),1,4199,546272fd-1817-4d29-a66b-93dc696e41f8,sigma_v,-29.196077356410534,0.08711210675327345
fisheries,schaefer,Simulated annealing,Annealing (T=0.979638),1,4399,546272fd-1817-4d29-a66b-93dc696e41f8,K,-29.11797280291795,3008.029338447343
fisheries,schaefer,Simulated annealing,Annealing (T=0.979638),1,4399,546272fd-1817-4d29-a66b-93dc696e41f8,q,-29.11797280291795,0.0004171392846815049
fisheries,schaefer,Simulated annealing,Annealing (T=0.979638),1,4399,546272fd-1817-4d29-a66b-93dc696e41f8,r,-29.11797280291795,0.33047859079405656
fisheries,schaefer,Simulated annealing,Annealing (T=0.979638),1,4399,546272fd-1817-4d29-a66b-93dc696e41f8,sigma_v,-29.11797280291795,0.1005711830962359
fisheries,schaefer,Simulated annealing,Annealing (T=0.979638),1,4599,546272fd-1817-4d29-a66b-93dc696e41f8,K,-28.65155608134174,2966.68449551082
fisheries,schaefer,Simulated annealing,Annealing (T=0.979638),1,4599,546272fd-1817-4d29-a66b-93dc696e41f8,q,-28.65155608134174,0.0004274304900417732
fisheries,schaefer,Simulated annealing,Annealing (T=0.979638),1,4599,546272fd-1817-4d29-a66b-93dc696e41f8,r,-28.65155608134174,0.33251792398668556
fisheries,schaefer,Simulated annealing,Annealing (T=0.979638),1,4599,546272fd-1817-4d29-a66b-93dc696e41f8,sigma_v,-28.65155608134174,0.10455024501699026
fisheries,schaefer,Simulated annealing,Annealing (T=0.979638),1,4799,546272fd-1817-4d29-a66b-93dc696e41f8,K,-29.17548669110196,2970.2632469353416
fisheries,schaefer,Simulated annealing,Annealing (T=0.979638),1,4799,546272fd-1817-4d29-a66b-93dc696e41f8,q,-29.17548669110196,0.0004015057873700632
fisheries,schaefer,Simulated annealing,Annealing (T=0.979638),1,4799,546272fd-1817-4d29-a66b-93dc696e41f8,r,-29.17548669110196,0.3434692913322429
fisheries,schaefer,Simulated annealing,Annealing (T=0.979638),1,4799,546272fd-1817-4d29-a66b-93dc696e41f8,sigma_v,-29.17548669110196,0.10435947552133315
fisheries,schaefer,Simulated annealing,Annealing (T=0.979638),1,4999,546272fd-1817-4d29-a66b-93dc696e41f8,K,-29.595392831553916,2939.5390785684317
fisheries,schaefer,Simulated annealing,Annealing (T=0.979638),1,4999,546272fd-1817-4d29-a66b-93dc696e41f8,q,-29.595392831553916,0.00040664406472118995
fisheries,schaefer,Simulated annealing,Annealing (T=0.979638),1,4999,546272fd-1817-4d29-a66b-93dc696e41f8,r,-29.595392831553916,0.3456845146269763
fisheries,schaefer,Simulated annealing,Annealing (T=0.979638),1,4999,546272fd-1817-4d29-a66b-93dc696e41f8,sigma_v,-29.595392831553916,0.09926078700555105
fisheries,schaefer,Random walk,Homogeneous chain,1,198,546272fd-1817-4d29-a66b-93dc696e41f8,K,-28.115542959057912,2906.6488408815785
fisheries,schaefer,Random walk,Homogeneous chain,1,198,546272fd-1817-4d29-a66b-93dc696e41f8,q,-28.115542959057912,0.0004234718447681448
fisheries,schaefer,Random walk,Homogeneous chain,1,198,546272fd-1817-4d29-a66b-93dc696e41f8,r,-28.115542959057912,0.34611743184584143
fisheries,schaefer,Random walk,Homogeneous chain,1,198,546272fd-1817-4d29-a66b-93dc696e41f8,sigma_v,-28.115542959057912,0.07956918163629509
fisheries,schaefer,Random walk,Homogeneous chain,1,398,546272fd-1817-4d29-a66b-93dc696e41f8,K,-28.085898670349728,2910.818015668288
fisheries,schaefer,Random walk,Homogeneous chain,1,398,546272fd-1817-4d29-a66b-93dc696e41f8,q,-28.085898670349728,0.00042724230091390966
fisheries,schaefer,Random walk,Homogeneous chain,1,398,546272fd-1817-4d29-a66b-93dc696e41f8,r,-28.085898670349728,0.34218249230805
fisheries,schaefer,Random walk,Homogeneous chain,1,398,546272fd-1817-4d29-a66b-93dc696e41f8,sigma_v,-28.085898670349728,0.10836736747206607
fisheries,schaefer,Random walk,Homogeneous chain,1,598,546272fd-1817-4d29-a66b-93dc696e41f8,K,-28.767739968713784,2917.296159201123
fisheries,schaefer,Random walk,Homogeneous chain,1,598,546272fd-1817-4d29-a66b-93dc696e41f8,q,-28.767739968713784,0.00043575099013598307
fisheries,schaefer,Random walk,Homogeneous chain,1,598,546272fd-1817-4d29-a66b-93dc696e41f8,r,-28.767739968713784,0.34580993329486165
fisheries,schaefer,Random walk,Homogeneous chain,1,598,546272fd-1817-4d29-a66b-93dc696e41f8,sigma_v,-28.767739968713784,0.09203595997289786
fisheries,schaefer,Random walk,Homogeneous chain,1,798,546272fd-1817-4d29-a66b-93dc696e41f8,K,-26.807405397053508,2912.7528184601947
fisheries,schaefer,Random walk,Homogeneous chain,1,798,546272fd-1817-4d29-a66b-93dc696e41f8,q,-26.807405397053508,0.00043775199225811265
fisheries,schaefer,Random walk,Homogeneous chain,1,798,546272fd-1817-4d29-a66b-93dc696e41f8,r,-26.807405397053508,0.34253474732319106
fisheries,schaefer,Random walk,Homogeneous chain,1,798,546272fd-1817-4d29-a66b-93dc696e41f8,sigma_v,-26.807405397053508,0.0750518274604139
fisheries,schaefer,Random walk,Homogeneous chain,1,998,546272fd-1817-4d29-a66b-93dc696e41f8,K,-28.344133336705497,2925.8091219897465
fisheries,schaefer,Random walk,Homogeneous chain,1,998,546272fd-1817-4d29-a66b-93dc696e41f8,q,-28.344133336705497,0.00041494335016909237
fisheries,schaefer,Random walk,Homogeneous chain,1,998,546272fd-1817-4d29-a66b-93dc696e41f8,r,-28.344133336705497,0.3481440478158225
fisheries,schaefer,Random walk,Homogeneous chain,1,998,546272fd-1817-4d29-a66b-93dc696e41f8,sigma_v,-28.344133336705497,0.07846622843984677
